{
  "model": {
    "type": "minecraft:select",
    "property": "minecraft:component",
    "component": "minecraft:custom_name",
    "cases": [
      {"when": "1","model": {"type": "minecraft:model","model": "minecraft:item/carved_pumpkin/1"}},
      {"when": "2","model": {"type": "minecraft:model","model": "minecraft:item/carved_pumpkin/2"}},
      {"when": "3","model": {"type": "minecraft:model","model": "minecraft:item/carved_pumpkin/3"}},
      {"when": "4","model": {"type": "minecraft:model","model": "minecraft:item/carved_pumpkin/4"}},
      {"when": "5","model": {"type": "minecraft:model","model": "minecraft:item/carved_pumpkin/5"}},
      {"when": "6","model": {"type": "minecraft:model","model": "minecraft:item/carved_pumpkin/6"}},
      {"when": "7","model": {"type": "minecraft:model","model": "minecraft:item/carved_pumpkin/7"}},
      {"when": "8","model": {"type": "minecraft:model","model": "minecraft:item/carved_pumpkin/8"}},
      {"when": "9","model": {"type": "minecraft:model","model": "minecraft:item/carved_pumpkin/9"}},
      {"when": "10","model": {"type": "minecraft:model","model": "minecraft:item/carved_pumpkin/10"}}
    ],
    
    "fallback": {
      "type": "minecraft:model",
      "model": "minecraft:block/carved_pumpkin"
    }
  }

}












