{
  "model": {
    "type": "minecraft:select",
    "property": "minecraft:component",
    "component": "minecraft:custom_name",
    "cases": [




      {"when": "1",
          "model": {
          "type": "condition",
          "property": "keybind_down",
          "keybind": "key.use",
          "on_false": {"type": "model","model": "minecraft:item/paper/1a"},
          "on_true": {"type": "model","model": "minecraft:item/paper/1b"}
            }
      },

      {"when": "2",
      "model": {
      "type": "condition",
      "property": "keybind_down",
      "keybind": "key.hotbar.8",
      "on_false": {"type": "model","model": "minecraft:item/paper/1a"},
      "on_true": {"type": "model","model": "minecraft:item/paper/1b"}
        }
      }]
  ,
    
    "fallback": {
      "type": "condition",
      "property": "keybind_down",
      "keybind": "key.use",
      "on_false": {"type": "model","model": "minecraft:item/paper"},
      "on_true": {"type": "model","model": "minecraft:item/paper/0"}
    }
  }
}











