{
	"credit": "Made with Blockbench",
	"textures": {
		"0": "block/mogu/brown_mushroom",
		"particle": "block/mogu/brown_mushroom"
	},
	"elements": [
		{
			"from": [5, 0, 4],
			"to": [7, 5, 6],
			"rotation": {"angle": 0, "axis": "y", "origin": [5.5, 3.5, 4.75]},
			"faces": {
				"north": {"uv": [7, 11, 9, 15], "texture": "#0"},
				"east": {"uv": [7, 11, 9, 15], "texture": "#0"},
				"south": {"uv": [7, 11, 9, 15], "texture": "#0"},
				"west": {"uv": [7, 11, 9, 15], "texture": "#0"}
			}
		},
		{
			"from": [2, 5, 1],
			"to": [10, 7.25, 9],
			"rotation": {"angle": 0, "axis": "y", "origin": [6, 2.5, 5]},
			"faces": {
				"north": {"uv": [4, 8, 12, 10], "texture": "#0"},
				"east": {"uv": [4, 8, 12, 10], "texture": "#0"},
				"south": {"uv": [4, 8, 12, 10], "texture": "#0"},
				"west": {"uv": [4, 8, 12, 10], "texture": "#0"},
				"up": {"uv": [0, 0, 8, 8], "texture": "#0"},
				"down": {"uv": [0, 0, 8, 8], "texture": "#0"}
			}
		},
		{
			"from": [10.25, 0, 11.75],
			"to": [11.75, 4, 13.25],
			"rotation": {"angle": 0, "axis": "y", "origin": [12.25, 3.5, 13.25]},
			"faces": {
				"north": {"uv": [7, 11, 9, 15], "texture": "#0"},
				"east": {"uv": [7, 11, 9, 15], "texture": "#0"},
				"south": {"uv": [7, 11, 9, 15], "texture": "#0"},
				"west": {"uv": [7, 11, 9, 15], "texture": "#0"}
			}
		},
		{
			"from": [8.5, 3.5, 10.05],
			"to": [13.5, 5, 15.05],
			"rotation": {"angle": 0, "axis": "y", "origin": [10.25, 4.5, 12.55]},
			"faces": {
				"north": {"uv": [14, 3, 9, 4], "texture": "#0"},
				"east": {"uv": [14, 4, 9, 3], "texture": "#0"},
				"south": {"uv": [9, 3, 14, 4], "texture": "#0"},
				"west": {"uv": [9, 3, 14, 4], "texture": "#0"},
				"up": {"uv": [11, 4, 16, 9], "rotation": 180, "texture": "#0"},
				"down": {"uv": [11, 4, 16, 9], "rotation": 180, "texture": "#0"}
			}
		}
	],
	"groups": [
		{
			"name": "group",
			"origin": [0, 0, 0],
			"color": 0,
			"children": []
		},
		0,
		1,
		2,
		3
	]
}