{
	"credit": "Made with Blockbench",
	"textures": {
		"0": "block/mogu/brown_mushroom",
		"particle": "block/mogu/brown_mushroom"
	},
	"elements": [
		{
			"from": [6, 5, 8],
			"to": [14, 7.25, 16],
			"rotation": {"angle": 0, "axis": "y", "origin": [10, 2.5, 12]},
			"faces": {
				"north": {"uv": [4, 8, 12, 10], "texture": "#0"},
				"east": {"uv": [4, 8, 12, 10], "texture": "#0"},
				"south": {"uv": [4, 8, 12, 10], "texture": "#0"},
				"west": {"uv": [4, 8, 12, 10], "texture": "#0"},
				"up": {"uv": [0, 0, 8, 8], "texture": "#0"},
				"down": {"uv": [0, 0, 8, 8], "texture": "#0"}
			}
		},
		{
			"from": [9, 0, 11],
			"to": [11, 5, 13],
			"rotation": {"angle": 0, "axis": "y", "origin": [9.5, 3.5, 11.75]},
			"faces": {
				"north": {"uv": [7, 11, 9, 15], "texture": "#0"},
				"east": {"uv": [7, 11, 9, 15], "texture": "#0"},
				"south": {"uv": [7, 11, 9, 15], "texture": "#0"},
				"west": {"uv": [7, 11, 9, 15], "texture": "#0"}
			}
		},
		{
			"from": [2, 3, 1],
			"to": [8, 5, 7],
			"rotation": {"angle": 0, "axis": "y", "origin": [6.25, 2.5, 4.5]},
			"faces": {
				"north": {"uv": [9, 2, 15, 4], "texture": "#0"},
				"east": {"uv": [9, 2, 15, 4], "texture": "#0"},
				"south": {"uv": [15, 2, 9, 4], "texture": "#0"},
				"west": {"uv": [4, 8, 10, 10], "texture": "#0"},
				"up": {"uv": [10, 10, 16, 16], "texture": "#0"},
				"down": {"uv": [10, 10, 16, 16], "texture": "#0"}
			}
		},
		{
			"from": [4.25, 0, 3.25],
			"to": [5.75, 3, 4.75],
			"rotation": {"angle": 0, "axis": "y", "origin": [6.25, 3.5, 4.75]},
			"faces": {
				"north": {"uv": [7, 11, 9, 15], "texture": "#0"},
				"east": {"uv": [7, 11, 9, 15], "texture": "#0"},
				"south": {"uv": [7, 11, 9, 15], "texture": "#0"},
				"west": {"uv": [7, 11, 9, 15], "texture": "#0"}
			}
		}
	],
	"groups": [
		{
			"name": "group",
			"origin": [0, 0, 0],
			"color": 0,
			"children": [
				0,
				1,
				{
					"name": "group",
					"origin": [0, 0, 0],
					"color": 0,
					"children": [2, 3]
				}
			]
		}
	]
}