{
	"credit": "Made with Blockbench",
	"textures": {
		"0": "block/mogu/brown_mushroom",
		"particle": "block/mogu/brown_mushroom"
	},
	"elements": [
		{
			"from": [10.25, 0, 10.25],
			"to": [11.75, 5, 11.75],
			"rotation": {"angle": 0, "axis": "y", "origin": [12.25, 3.5, 11.75]},
			"faces": {
				"north": {"uv": [7, 11, 9, 15], "texture": "#0"},
				"east": {"uv": [7, 11, 9, 15], "texture": "#0"},
				"south": {"uv": [7, 11, 9, 15], "texture": "#0"},
				"west": {"uv": [7, 11, 9, 15], "texture": "#0"}
			}
		},
		{
			"from": [8, 5, 8],
			"to": [14, 7, 14],
			"rotation": {"angle": 0, "axis": "y", "origin": [12.25, 4.5, 11.5]},
			"faces": {
				"north": {"uv": [9, 2, 15, 4], "texture": "#0"},
				"east": {"uv": [9, 2, 15, 4], "texture": "#0"},
				"south": {"uv": [15, 2, 9, 4], "texture": "#0"},
				"west": {"uv": [4, 8, 10, 10], "texture": "#0"},
				"up": {"uv": [10, 10, 16, 16], "texture": "#0"},
				"down": {"uv": [10, 10, 16, 16], "texture": "#0"}
			}
		},
		{
			"from": [1, 3, 6],
			"to": [7, 5, 12],
			"rotation": {"angle": 0, "axis": "y", "origin": [5.25, 2.5, 9.5]},
			"faces": {
				"north": {"uv": [9, 2, 15, 4], "texture": "#0"},
				"east": {"uv": [9, 2, 15, 4], "texture": "#0"},
				"south": {"uv": [15, 2, 9, 4], "texture": "#0"},
				"west": {"uv": [4, 8, 10, 10], "texture": "#0"},
				"up": {"uv": [10, 10, 16, 16], "texture": "#0"},
				"down": {"uv": [10, 10, 16, 16], "texture": "#0"}
			}
		},
		{
			"from": [3.25, 0, 8.25],
			"to": [4.75, 3, 9.75],
			"rotation": {"angle": 0, "axis": "y", "origin": [5.25, 3.5, 9.75]},
			"faces": {
				"north": {"uv": [7, 11, 9, 15], "texture": "#0"},
				"east": {"uv": [7, 11, 9, 15], "texture": "#0"},
				"south": {"uv": [7, 11, 9, 15], "texture": "#0"},
				"west": {"uv": [7, 11, 9, 15], "texture": "#0"}
			}
		},
		{
			"from": [9.25, 0, 2.75],
			"to": [10.75, 3, 4.25],
			"rotation": {"angle": 0, "axis": "y", "origin": [11.25, 3.5, 4.25]},
			"faces": {
				"north": {"uv": [7, 11, 9, 15], "texture": "#0"},
				"east": {"uv": [7, 11, 9, 15], "texture": "#0"},
				"south": {"uv": [7, 11, 9, 15], "texture": "#0"},
				"west": {"uv": [7, 11, 9, 15], "texture": "#0"}
			}
		},
		{
			"from": [7.5, 2.5, 1.05],
			"to": [12.5, 4, 6.05],
			"rotation": {"angle": 0, "axis": "y", "origin": [9.25, 3.5, 3.55]},
			"faces": {
				"north": {"uv": [14, 3, 9, 4], "texture": "#0"},
				"east": {"uv": [14, 4, 9, 3], "texture": "#0"},
				"south": {"uv": [9, 3, 14, 4], "texture": "#0"},
				"west": {"uv": [9, 3, 14, 4], "texture": "#0"},
				"up": {"uv": [11, 4, 16, 9], "rotation": 180, "texture": "#0"},
				"down": {"uv": [11, 4, 16, 9], "rotation": 180, "texture": "#0"}
			}
		}
	]
}