{
	"credit": "Made with Blockbench",
	"textures": {
		"0": "block/mogu/crimson_fungus",
		"particle": "block/mogu/crimson_fungus"
	},
	"elements": [
		{
			"from": [10.05, 0, 5.2],
			"to": [11.8, 3.5, 6.95],
			"rotation": {"angle": 0, "axis": "y", "origin": [8.41667, 3.83333, 8.18333]},
			"faces": {
				"north": {"uv": [4, 10, 6, 14.75], "texture": "#0"},
				"east": {"uv": [4, 10, 6, 15], "texture": "#0"},
				"south": {"uv": [4, 10, 6, 15], "texture": "#0"},
				"west": {"uv": [4, 10, 6, 15], "texture": "#0"}
			}
		},
		{
			"from": [8.55, 6.5, 3.65],
			"to": [13.55, 9.5, 8.65],
			"rotation": {"angle": 0, "axis": "y", "origin": [8.41667, 3.83333, 8.18333]},
			"faces": {
				"north": {"uv": [9, 7, 16, 11], "texture": "#0"},
				"east": {"uv": [9, 7, 16, 11], "texture": "#0"},
				"south": {"uv": [9, 7, 16, 11], "texture": "#0"},
				"west": {"uv": [9, 7, 16, 11], "texture": "#0"},
				"up": {"uv": [2, 1, 8, 7], "texture": "#0"}
			}
		},
		{
			"from": [7.5, 3.5, 2.5],
			"to": [14.5, 6.5, 9.5],
			"rotation": {"angle": 0, "axis": "y", "origin": [8.41667, 3.83333, 8.18333]},
			"faces": {
				"north": {"uv": [6, 11, 16, 15], "texture": "#0"},
				"east": {"uv": [6, 11, 16, 15], "texture": "#0"},
				"south": {"uv": [6, 11, 16, 15], "texture": "#0"},
				"west": {"uv": [16, 11, 6, 15], "texture": "#0"},
				"up": {"uv": [14, 15, 6, 7], "texture": "#0"},
				"down": {"uv": [4, 13, 6, 15], "texture": "#0"}
			}
		},
		{
			"from": [1.3, 4.5, 7.65],
			"to": [5.3, 6.5, 11.65],
			"rotation": {"angle": 0, "axis": "y", "origin": [8.41667, 3.83333, 8.18333]},
			"faces": {
				"north": {"uv": [9, 7, 16, 11], "texture": "#0"},
				"east": {"uv": [9, 7, 16, 11], "texture": "#0"},
				"south": {"uv": [9, 7, 16, 11], "texture": "#0"},
				"west": {"uv": [9, 7, 16, 11], "texture": "#0"},
				"up": {"uv": [11, 2, 16, 7], "texture": "#0"}
			}
		},
		{
			"from": [2.55, 0, 8.95],
			"to": [3.8, 2.75, 10.2],
			"rotation": {"angle": 0, "axis": "y", "origin": [8.41667, 3.83333, 8.18333]},
			"faces": {
				"north": {"uv": [4, 10.5, 6, 14.75], "texture": "#0"},
				"east": {"uv": [4, 10.5, 6, 15], "texture": "#0"},
				"south": {"uv": [4, 10.5, 6, 15], "texture": "#0"},
				"west": {"uv": [4, 10.5, 6, 15], "texture": "#0"}
			}
		},
		{
			"from": [0.5, 2.5, 6.75],
			"to": [6, 4.5, 12.25],
			"rotation": {"angle": 0, "axis": "y", "origin": [8.41667, 3.83333, 8.18333]},
			"faces": {
				"north": {"uv": [6, 11, 16, 15], "texture": "#0"},
				"east": {"uv": [6, 11, 16, 15], "texture": "#0"},
				"south": {"uv": [6, 11, 15, 15], "texture": "#0"},
				"west": {"uv": [16, 11, 9, 15], "texture": "#0"},
				"up": {"uv": [14, 15, 6, 7], "texture": "#0"},
				"down": {"uv": [4, 13, 6, 15], "texture": "#0"}
			}
		}
	],
	"groups": [
		{
			"name": "group",
			"origin": [0, 0, 0],
			"color": 0,
			"children": []
		},
		0,
		1,
		2,
		3,
		4,
		5
	]
}