{
	"credit": "Made with Blockbench",
	"textures": {
		"0": "block/mogu/crimson_fungus",
		"particle": "block/mogu/crimson_fungus"
	},
	"elements": [
		{
			"from": [1.3, 4.5, 4.65],
			"to": [5.3, 6.5, 8.65],
			"rotation": {"angle": 0, "axis": "y", "origin": [8.41667, 3.83333, 8.18333]},
			"faces": {
				"north": {"uv": [9, 7, 16, 11], "texture": "#0"},
				"east": {"uv": [9, 7, 16, 11], "texture": "#0"},
				"south": {"uv": [9, 7, 16, 11], "texture": "#0"},
				"west": {"uv": [9, 7, 16, 11], "texture": "#0"},
				"up": {"uv": [11, 2, 16, 7], "texture": "#0"}
			}
		},
		{
			"from": [9.55, 0, 11.95],
			"to": [10.8, 3.5, 13.2],
			"rotation": {"angle": 0, "axis": "y", "origin": [8.41667, 3.83333, 8.18333]},
			"faces": {
				"north": {"uv": [4, 10.5, 6, 14.75], "texture": "#0"},
				"east": {"uv": [4, 10.5, 6, 15], "texture": "#0"},
				"south": {"uv": [4, 10.5, 6, 15], "texture": "#0"},
				"west": {"uv": [4, 10.5, 6, 15], "texture": "#0"}
			}
		},
		{
			"from": [7.5, 3.5, 9.75],
			"to": [13, 5.5, 15.25],
			"rotation": {"angle": 0, "axis": "y", "origin": [8.41667, 3.83333, 8.18333]},
			"faces": {
				"north": {"uv": [6, 11, 16, 15], "texture": "#0"},
				"east": {"uv": [6, 11, 16, 15], "texture": "#0"},
				"south": {"uv": [6, 11, 15, 15], "texture": "#0"},
				"west": {"uv": [16, 11, 9, 15], "texture": "#0"},
				"up": {"uv": [14, 15, 6, 7], "texture": "#0"},
				"down": {"uv": [4, 13, 6, 15], "texture": "#0"}
			}
		},
		{
			"from": [8.3, 5.5, 10.65],
			"to": [12.3, 7.5, 14.65],
			"rotation": {"angle": 0, "axis": "y", "origin": [8.41667, 3.83333, 8.18333]},
			"faces": {
				"north": {"uv": [9, 7, 16, 11], "texture": "#0"},
				"east": {"uv": [9, 7, 16, 11], "texture": "#0"},
				"south": {"uv": [9, 7, 16, 11], "texture": "#0"},
				"west": {"uv": [9, 7, 16, 11], "texture": "#0"},
				"up": {"uv": [11, 2, 16, 7], "texture": "#0"}
			}
		},
		{
			"from": [11.05, 0, 3.95],
			"to": [12.3, 4.5, 5.2],
			"rotation": {"angle": 0, "axis": "y", "origin": [8.41667, 3.83333, 8.18333]},
			"faces": {
				"north": {"uv": [4, 10.5, 6, 14.75], "texture": "#0"},
				"east": {"uv": [4, 10.5, 6, 15], "texture": "#0"},
				"south": {"uv": [4, 10.5, 6, 15], "texture": "#0"},
				"west": {"uv": [4, 10.5, 6, 15], "texture": "#0"}
			}
		},
		{
			"from": [9, 4.5, 1.75],
			"to": [14.5, 6.5, 7.25],
			"rotation": {"angle": 0, "axis": "y", "origin": [8.41667, 3.83333, 8.18333]},
			"faces": {
				"north": {"uv": [6, 11, 16, 15], "texture": "#0"},
				"east": {"uv": [6, 11, 16, 15], "texture": "#0"},
				"south": {"uv": [6, 11, 15, 15], "texture": "#0"},
				"west": {"uv": [16, 11, 9, 15], "texture": "#0"},
				"up": {"uv": [14, 15, 6, 7], "texture": "#0"},
				"down": {"uv": [4, 13, 6, 15], "texture": "#0"}
			}
		},
		{
			"from": [9.8, 6.5, 2.65],
			"to": [13.8, 8.5, 6.65],
			"rotation": {"angle": 0, "axis": "y", "origin": [8.41667, 3.83333, 8.18333]},
			"faces": {
				"north": {"uv": [9, 7, 16, 11], "texture": "#0"},
				"east": {"uv": [9, 7, 16, 11], "texture": "#0"},
				"south": {"uv": [9, 7, 16, 11], "texture": "#0"},
				"west": {"uv": [9, 7, 16, 11], "texture": "#0"},
				"up": {"uv": [11, 2, 16, 7], "texture": "#0"}
			}
		},
		{
			"from": [2.55, 0, 5.95],
			"to": [3.8, 2.5, 7.2],
			"rotation": {"angle": 0, "axis": "y", "origin": [8.41667, 3.83333, 8.18333]},
			"faces": {
				"north": {"uv": [4, 10.5, 6, 14.75], "texture": "#0"},
				"east": {"uv": [4, 10.5, 6, 15], "texture": "#0"},
				"south": {"uv": [4, 10.5, 6, 15], "texture": "#0"},
				"west": {"uv": [4, 10.5, 6, 15], "texture": "#0"}
			}
		},
		{
			"from": [0.5, 2.5, 3.75],
			"to": [6, 4.5, 9.25],
			"rotation": {"angle": 0, "axis": "y", "origin": [8.41667, 3.83333, 8.18333]},
			"faces": {
				"north": {"uv": [6, 11, 16, 15], "texture": "#0"},
				"east": {"uv": [6, 11, 16, 15], "texture": "#0"},
				"south": {"uv": [6, 11, 15, 15], "texture": "#0"},
				"west": {"uv": [16, 11, 9, 15], "texture": "#0"},
				"up": {"uv": [14, 15, 6, 7], "texture": "#0"},
				"down": {"uv": [4, 13, 6, 15], "texture": "#0"}
			}
		}
	]
}