{
	"credit": "by YSBB  2024",
	"parent": "block/block",
	"textures": {
		"particle": "block/chorus_flower/chorus_flower3",
		"texture": "block/chorus_flower/chorus_flower3"
	},
	"elements": [
		{
			"from": [2, 0, 2],
			"to": [14, 16, 14],
			"faces": {
				"north": {"uv": [2, 0, 14, 16], "texture": "#texture"},
				"east": {"uv": [2, 0, 14, 16], "texture": "#texture"},
				"south": {"uv": [2, 0, 14, 16], "texture": "#texture"},
				"west": {"uv": [2, 0, 14, 16], "texture": "#texture"},
				"up": {"uv": [2, 2, 14, 14], "texture": "#texture"},
				"down": {"uv": [2, 2, 14, 14], "texture": "#texture"}
			}
		},
		{
			"from": [2, 2, 0],
			"to": [14, 14, 16],
			"faces": {
				"north": {"uv": [2, 2, 14, 14], "texture": "#texture"},
				"east": {"uv": [0, 2, 16, 14], "texture": "#texture"},
				"south": {"uv": [2, 2, 14, 14], "texture": "#texture"},
				"west": {"uv": [0, 2, 16, 14], "texture": "#texture"},
				"up": {"uv": [2, 0, 14, 16], "texture": "#texture"},
				"down": {"uv": [14, 16, 2, 0], "texture": "#texture"}
			}
		},
		{
			"from": [0, 2, 2],
			"to": [16, 14, 14],
			"faces": {
				"north": {"uv": [0, 2, 16, 14], "texture": "#texture"},
				"east": {"uv": [2, 2, 14, 14], "texture": "#texture"},
				"south": {"uv": [0, 2, 16, 14], "texture": "#texture"},
				"west": {"uv": [2, 2, 14, 14], "texture": "#texture"},
				"up": {"uv": [0, 2, 16, 14], "texture": "#texture"},
				"down": {"uv": [16, 14, 0, 2], "texture": "#texture"}
			}
		}
	]
}