{
	"credit": "by YSBB  2024",
	"parent": "block/block",
	"textures": {
		"particle": "block/ysbb_scaffolding/scaffolding0",
		"top": "block/ysbb_scaffolding/scaffolding0",
		"side": "block/ysbb_scaffolding/scaffolding_side",
		"bottom": "block/ysbb_scaffolding/scaffolding_bottom"
	},
	"elements": [
		{
			"from": [0, 15.99, 0],
			"to": [16, 16, 16],
			"faces": {
				"up": {"uv": [0, 0, 16, 16], "texture": "#top", "cullface": "up"},
				"down": {"uv": [0, 16, 16, 0], "texture": "#top"}
			}
		},
		{
			"from": [0, 0, 0],
			"to": [2, 16, 2],
			"faces": {
				"north": {"uv": [14, 0, 16, 16], "texture": "#side", "cullface": "north"},
				"east": {"uv": [14, 0, 16, 16], "texture": "#side"},
				"south": {"uv": [0, 0, 2, 16], "texture": "#side"},
				"west": {"uv": [0, 0, 2, 16], "texture": "#side", "cullface": "west"},
				"down": {"uv": [0, 14, 2, 16], "texture": "#bottom", "cullface": "down"}
			}
		},
		{
			"from": [0, 0, 14],
			"to": [2, 16, 16],
			"faces": {
				"north": {"uv": [14, 0, 16, 16], "texture": "#side"},
				"east": {"uv": [0, 0, 2, 16], "texture": "#side"},
				"south": {"uv": [0, 0, 2, 16], "texture": "#side", "cullface": "south"},
				"west": {"uv": [14, 0, 16, 16], "texture": "#side", "cullface": "west"},
				"down": {"uv": [0, 0, 2, 2], "texture": "#bottom", "cullface": "down"}
			}
		},
		{
			"from": [14, 0, 14],
			"to": [16, 16, 16],
			"faces": {
				"north": {"uv": [0, 0, 2, 16], "texture": "#side"},
				"east": {"uv": [0, 0, 2, 16], "texture": "#side", "cullface": "east"},
				"south": {"uv": [14, 0, 16, 16], "texture": "#side", "cullface": "south"},
				"west": {"uv": [14, 0, 16, 16], "texture": "#side"},
				"down": {"uv": [14, 0, 16, 2], "texture": "#bottom", "cullface": "down"}
			}
		},
		{
			"from": [14, 0, 0],
			"to": [16, 16, 2],
			"faces": {
				"north": {"uv": [0, 0, 2, 16], "texture": "#side", "cullface": "north"},
				"east": {"uv": [14, 0, 16, 16], "texture": "#side", "cullface": "east"},
				"south": {"uv": [14, 0, 16, 16], "texture": "#side"},
				"west": {"uv": [0, 0, 2, 16], "texture": "#side"},
				"down": {"uv": [14, 14, 16, 16], "texture": "#bottom", "cullface": "down"}
			}
		},
		{
			"from": [2, 14, 0],
			"to": [14, 16, 2],
			"faces": {
				"north": {"uv": [2, 0, 14, 2], "texture": "#side", "cullface": "north"},
				"south": {"uv": [2, 2, 14, 4], "texture": "#side"},
				"down": {"uv": [2, 14, 14, 16], "texture": "#bottom"}
			}
		},
		{
			"from": [2, 14, 14],
			"to": [14, 16, 16],
			"faces": {
				"north": {"uv": [14, 0, 2, 2], "texture": "#side"},
				"south": {"uv": [2, 0, 14, 2], "texture": "#side", "cullface": "south"},
				"down": {"uv": [2, 0, 14, 2], "texture": "#bottom"}
			}
		},
		{
			"from": [14, 14, 2],
			"to": [16, 16, 14],
			"faces": {
				"east": {"uv": [14, 0, 2, 2], "texture": "#side", "cullface": "east"},
				"west": {"uv": [14, 2, 2, 4], "texture": "#side"},
				"down": {"uv": [14, 2, 16, 14], "texture": "#bottom"}
			}
		},
		{
			"from": [0, 14, 2],
			"to": [2, 16, 14],
			"faces": {
				"east": {"uv": [2, 0, 14, 2], "texture": "#side"},
				"west": {"uv": [14, 0, 2, 2], "texture": "#side", "cullface": "west"},
				"down": {"uv": [0, 2, 2, 14], "texture": "#bottom"}
			}
		},
		{
			"from": [0, 1.99, 0],
			"to": [16, 2, 16],
			"faces": {
				"up": {"uv": [0, 0, 16, 16], "texture": "#top"},
				"down": {"uv": [0, 16, 16, 0], "texture": "#top"}
			}
		},
		{
			"from": [2, 0, 0],
			"to": [14, 2, 2],
			"faces": {
				"north": {"uv": [2, 0, 14, 2], "texture": "#side", "cullface": "north"},
				"south": {"uv": [2, 2, 14, 4], "texture": "#side"},
				"down": {"uv": [2, 14, 14, 16], "texture": "#bottom", "cullface": "down"}
			}
		},
		{
			"from": [2, 0, 14],
			"to": [14, 2, 16],
			"faces": {
				"north": {"uv": [14, 0, 2, 2], "texture": "#side"},
				"south": {"uv": [2, 0, 14, 2], "texture": "#side", "cullface": "south"},
				"down": {"uv": [2, 0, 14, 2], "texture": "#bottom", "cullface": "down"}
			}
		},
		{
			"from": [14, 0, 2],
			"to": [16, 2, 14],
			"faces": {
				"east": {"uv": [14, 0, 2, 2], "texture": "#side", "cullface": "east"},
				"west": {"uv": [14, 2, 2, 4], "texture": "#side"},
				"down": {"uv": [14, 2, 16, 14], "texture": "#bottom", "cullface": "down"}
			}
		},
		{
			"from": [0, 0, 2],
			"to": [2, 2, 14],
			"faces": {
				"east": {"uv": [2, 0, 14, 2], "texture": "#side"},
				"west": {"uv": [14, 0, 2, 2], "texture": "#side", "cullface": "west"},
				"down": {"uv": [0, 2, 2, 14], "texture": "#bottom", "cullface": "down"}
			}
		}
	]
}