{
	"credit": "Made with Blockbench",
	"parent": "block/block",
	"texture_size": [64, 64],
	"textures": {
		"0": "block/ysbb_leaves/acacia_leaves000",
		"1": "block/ysbb_leaves/acacia_leaves0000000000",
		"particle": "block/ysbb_leaves/acacia_leaves000"
	},
	"elements": [
		{
			"from": [0, 0, 0],
			"to": [16, 16, 16],
			"faces": {
				"north": {"uv": [0, 0, 16, 16], "texture": "#0", "cullface": "north"},
				"east": {"uv": [0, 0, 16, 16], "texture": "#0", "cullface": "east"},
				"south": {"uv": [0, 0, 16, 16], "texture": "#0", "cullface": "south"},
				"west": {"uv": [0, 0, 16, 16], "texture": "#0", "cullface": "west"},
				"up": {"uv": [0, 0, 16, 16], "texture": "#0", "cullface": "up"},
				"down": {"uv": [0, 0, 16, 16], "texture": "#0", "cullface": "down"}
			}
		},
		{
			"from": [10, -4, -9],
			"to": [10, 21, 18],
			"shade": false,
			"rotation": {"angle": -22.5, "axis": "y", "origin": [0, 0, 0]},
			"faces": {
				"east": {"uv": [4.5, 5, 11.25, 11], "texture": "#1"},
				"west": {"uv": [4.5, 5, 11.25, 11], "texture": "#1"}
			}
		},
		{
			"from": [-6, -4, 7],
			"to": [21, 21, 7],
			"shade": false,
			"rotation": {"angle": -22.5, "axis": "y", "origin": [7.51672, 8.5, 7.98429]},
			"faces": {
				"north": {"uv": [4.5, 5, 11.25, 11], "texture": "#1"},
				"south": {"uv": [4.5, 5, 11.25, 11], "texture": "#1"}
			}
		}
	]
}