{
	"credit": "Made with Blockbench",
	"parent": "block/block",
	"texture_size": [64, 64],
	"textures": {
		"1": "block/ysbb_leaves/birch_leaves0000000",
		"2": "block/ysbb_leaves/birch_leaves000",
		"particle": "block/ysbb_leaves/birch_leaves000"
	},
	"elements": [
		{
			"from": [0, 0, 0],
			"to": [16, 16, 16],
			"faces": {
				"north": {"uv": [0, 0, 16, 16], "texture": "#2", "cullface": "north"},
				"east": {"uv": [0, 0, 16, 16], "texture": "#2", "cullface": "east"},
				"south": {"uv": [0, 0, 16, 16], "texture": "#2", "cullface": "south"},
				"west": {"uv": [0, 0, 16, 16], "texture": "#2", "cullface": "west"},
				"up": {"uv": [0, 0, 16, 16], "texture": "#2", "cullface": "up"},
				"down": {"uv": [0, 0, 16, 16], "texture": "#2", "cullface": "down"}
			}
		},
		{
			"from": [8, -4, -4.4],
			"to": [8, 19, 19.6],
			"shade": false,
			"rotation": {"angle": 22.5, "axis": "y", "origin": [8.25, 8.5, 6.9]},
			"faces": {
				"east": {"uv": [4.25, 5, 11, 11.5], "texture": "#1"},
				"west": {"uv": [4.25, 5, 11, 11.5], "texture": "#1"}
			}
		},
		{
			"from": [-7.5, -4, 9.5],
			"to": [16.5, 19, 9.5],
			"shade": false,
			"rotation": {"angle": 22.5, "axis": "y", "origin": [0, 0, 0]},
			"faces": {
				"north": {"uv": [4.25, 5, 11, 11.5], "texture": "#1"},
				"south": {"uv": [4.25, 5, 11, 11.5], "texture": "#1"}
			}
		}
	]
}