{
	"credit": "Made with Blockbench",
	"parent": "block/block",
	"texture_size": [64, 64],
	"textures": {
		"3": "block/ysbb_leaves/cherry_leaves0000000",
		"5": "block/ysbb_leaves/cherry_leaves000",
		"particle": "block/ysbb_leaves/cherry_leaves000"
	},
	"elements": [
		{
			"from": [0, 0, 0],
			"to": [16, 16, 16],
			"faces": {
				"north": {"uv": [0, 0, 16, 16], "texture": "#5", "cullface": "north"},
				"east": {"uv": [0, 0, 16, 16], "texture": "#5", "cullface": "east"},
				"south": {"uv": [0, 0, 16, 16], "texture": "#5", "cullface": "south"},
				"west": {"uv": [0, 0, 16, 16], "texture": "#5", "cullface": "west"},
				"up": {"uv": [16, 16, 0, 0], "texture": "#5", "cullface": "up"},
				"down": {"uv": [0, 0, 16, 16], "texture": "#5", "cullface": "down"}
			}
		},
		{
			"from": [7.54511, -6.25, -3.77306],
			"to": [7.54511, 22.75, 23.22694],
			"shade": true,
			"rotation": {"angle": -22.5, "axis": "y", "origin": [8.26461, 12, 9.26498], "rescale": true},
			"faces": {
				"east": {"uv": [3.5, 4.25, 11.25, 11.75], "texture": "#3"},
				"west": {"uv": [4.25, 4.25, 11.75, 11.75], "texture": "#3"}
			}
		},
		{
			"from": [-4.52371, -6.25, 8.80934],
			"to": [22.47629, 22.75, 8.80934],
			"shade": true,
			"rotation": {"angle": -22.5, "axis": "y", "origin": [8.26461, 12, 9.26498], "rescale": true},
			"faces": {
				"north": {"uv": [3.5, 4.25, 11.25, 11.75], "texture": "#3"},
				"south": {"uv": [4.25, 4.25, 11.75, 11.75], "texture": "#3"}
			}
		}
	]
}