{
	"credit": "Made by YSBB with Blockbench",
	"parent": "minecraft:block/leaves",
	"textures": {
		"2": "block/ysbb_leaves/mangrove_leaves2",
		"particle": "block/ysbb_leaves/mangrove_leaves1",
		"all": "block/ysbb_leaves/mangrove_leaves1"
	},
	"elements": [
		{
			"from": [0, 0, 0],
			"to": [16, 16, 16],
			"rotation": {"angle": 0, "axis": "y", "origin": [0, -2, 0]},
			"faces": {
				"north": {"uv": [0, 0, 16, 16], "texture": "#all", "cullface": "north", "tintindex": 0},
				"east": {"uv": [0, 0, 16, 16], "texture": "#all", "cullface": "east", "tintindex": 0},
				"south": {"uv": [0, 0, 16, 16], "texture": "#all", "cullface": "south", "tintindex": 0},
				"west": {"uv": [0, 0, 16, 16], "texture": "#all", "cullface": "west", "tintindex": 0},
				"up": {"uv": [0, 0, 16, 16], "texture": "#all", "cullface": "up", "tintindex": 0},
				"down": {"uv": [0, 0, 16, 16], "texture": "#all", "cullface": "down", "tintindex": 0}
			}
		},
		{
			"from": [-5.25, -8, 7.5],
			"to": [21.75, 24, 7.5],
			"shade": false,
			"rotation": {"angle": -22.5, "axis": "y", "origin": [8.30709, 4, 8.28701]},
			"faces": {
				"north": {"uv": [0, 0, 14.5, 15], "texture": "#2", "tintindex": 0},
				"south": {"uv": [0, 0, 15, 16], "texture": "#2", "tintindex": 0}
			}
		},
		{
			"from": [7.25, -7, -5.75],
			"to": [7.25, 24, 22.25],
			"shade": false,
			"rotation": {"angle": -22.5, "axis": "y", "origin": [8.13897, 4, 8.23097]},
			"faces": {
				"east": {"uv": [0, 0, 15, 15], "texture": "#2", "tintindex": 0},
				"west": {"uv": [0, 0, 14.5, 15], "texture": "#2", "tintindex": 0}
			}
		}
	]
}