{
	"credit": "Made with ysbb Blockbench",

	"parent": "block/block",
	"texture_size": [64, 64],
	"textures": {
		"0": "block/ysbb_leaves/pale_oak_leaves",
		"1": "block/ysbb_leaves/pale_oak_leaves0",
		"particle": "block/ysbb_leaves/pale_oak_leaves"
	},
	"elements": [
		{
			"from": [0, 0, 0],
			"to": [16, 16, 16],
			"faces": {
				"north": {"uv": [0, 0, 16, 16], "texture": "#0", "cullface": "north", "tintindex": 0},
				"east": {"uv": [0, 0, 16, 16], "texture": "#0", "cullface": "east", "tintindex": 0},
				"south": {"uv": [0, 0, 16, 16], "texture": "#0", "cullface": "south", "tintindex": 0},
				"west": {"uv": [0, 0, 16, 16], "texture": "#0", "cullface": "west", "tintindex": 0},
				"up": {"uv": [0, 0, 16, 16], "texture": "#0", "cullface": "up", "tintindex": 0},
				"down": {"uv": [0, 0, 16, 16], "texture": "#0", "cullface": "down", "tintindex": 0}
			}
		},
		{
			"from": [7, -5, -6.4],
			"to": [7, 20, 21.6],
			"shade": false,
			"rotation": {"angle": 22.5, "axis": "y", "origin": [7.25, 7.5, 5.9]},
			"faces": {
				"east": {"uv": [3.5, 4.25, 11.25, 11.5], "texture": "#1", "tintindex": 0},
				"west": {"uv": [3.25, 4.5, 11, 11.5], "texture": "#1", "tintindex": 0}
			}
		},
		{
			"from": [-9, -5, 11.5],
			"to": [19, 20, 11.5],
			"shade": false,
			"rotation": {"angle": 22.5, "axis": "y", "origin": [-2, -1, 1]},
			"faces": {
				"north": {"uv": [3.25, 4.25, 11, 11.25], "texture": "#1", "tintindex": 0},
				"south": {"uv": [3.5, 4.5, 11.25, 11.25], "texture": "#1", "tintindex": 0}
			}
		}
	]
}