{
	"credit": "Made by YSBB with Blockbench",
	"ambientocclusion": false,
	"texture_size": [32, 32],
	"textures": {
		"0": "block/lily_pad/lily_pad0",
		"1": "block/lily_pad/lily_pad",
		"particle": "block/lily_pad/lily_pad0"
	},
	"elements": [
		{
			"from": [0, 0.25, 0],
			"to": [16, 0.25, 16],
			"faces": {
				"up": {"uv": [0, 0, 16, 16], "texture": "#1", "tintindex": 0},
				"down": {"uv": [0, 16, 16, 0], "texture": "#1", "tintindex": 0}
			}
		},
		{
			"from": [5.55, 0.55, 2.45],
			"to": [8.05, 0.55, 9.95],
			"shade": false,
			"rotation": {"angle": 45, "axis": "y", "origin": [6.8, 1.45, 9.2]},
			"faces": {
				"up": {"uv": [6.5, 12, 2.5, 10.5], "rotation": 270, "texture": "#0"},
				"down": {"uv": [6.5, 10.5, 2.5, 12], "rotation": 90, "texture": "#0"}
			}
		},
		{
			"from": [0.55, 0.74, 7.45],
			"to": [9.05, 0.74, 10.95],
			"shade": false,
			"rotation": {"angle": 0, "axis": "y", "origin": [7.8, 1.45, 9.2]},
			"faces": {
				"up": {"uv": [6.5, 0, 2, 2], "rotation": 180, "texture": "#0"},
				"down": {"uv": [6.5, 0, 2, 2], "rotation": 180, "texture": "#0"}
			}
		},
		{
			"from": [5.05, 0.81, 6.95],
			"to": [8.55, 0.81, 15.45],
			"shade": false,
			"rotation": {"angle": 0, "axis": "y", "origin": [6.8, 1.55, 8.2]},
			"faces": {
				"up": {"uv": [2, 0, 6.5, 2], "rotation": 270, "texture": "#0"},
				"down": {"uv": [2, 0, 6.5, 2], "rotation": 90, "texture": "#0"}
			}
		},
		{
			"from": [4.55, 0.75, 7.45],
			"to": [13.05, 0.75, 10.95],
			"shade": false,
			"rotation": {"angle": 0, "axis": "y", "origin": [5.8, 1.45, 9.2]},
			"faces": {
				"up": {"uv": [2, 0, 6.5, 2], "rotation": 180, "texture": "#0"},
				"down": {"uv": [2, 0, 6.5, 2], "rotation": 180, "texture": "#0"}
			}
		},
		{
			"from": [5.05, 0.8, 2.95],
			"to": [8.55, 0.8, 11.45],
			"shade": false,
			"rotation": {"angle": 0, "axis": "y", "origin": [6.8, 1.55, 10.2]},
			"faces": {
				"up": {"uv": [6.5, 0, 2, 2], "rotation": 270, "texture": "#0"},
				"down": {"uv": [6.5, 0, 2, 2], "rotation": 90, "texture": "#0"}
			}
		},
		{
			"from": [5.55, 2.05, 3.7],
			"to": [8.05, 2.05, 9.2],
			"shade": false,
			"rotation": {"angle": 22.5, "axis": "x", "origin": [6.8, 2.05, 4.7]},
			"faces": {
				"up": {"uv": [5.5, 10.5, 2.5, 12], "rotation": 270, "texture": "#0"},
				"down": {"uv": [5.5, 10.5, 2.5, 12], "rotation": 90, "texture": "#0"}
			}
		},
		{
			"from": [1.3, 2.05, 7.95],
			"to": [6.8, 2.05, 10.45],
			"shade": false,
			"rotation": {"angle": -22.5, "axis": "z", "origin": [2.3, 2.05, 9.2]},
			"faces": {
				"up": {"uv": [2.5, 10.5, 5.5, 12], "texture": "#0"},
				"down": {"uv": [2.5, 10.5, 5.5, 12], "texture": "#0"}
			}
		},
		{
			"from": [6.8, 2.05, 7.95],
			"to": [12.3, 2.05, 10.45],
			"shade": false,
			"rotation": {"angle": 22.5, "axis": "z", "origin": [11.3, 2.05, 9.2]},
			"faces": {
				"up": {"uv": [5.5, 10.5, 2.5, 12], "texture": "#0"},
				"down": {"uv": [5.5, 10.5, 2.5, 12], "texture": "#0"}
			}
		},
		{
			"from": [5.55, 2.05, 9.2],
			"to": [8.05, 2.05, 14.7],
			"shade": false,
			"rotation": {"angle": -22.5, "axis": "x", "origin": [6.8, 2.05, 13.7]},
			"faces": {
				"up": {"uv": [2.5, 10.5, 5.5, 12], "rotation": 270, "texture": "#0"},
				"down": {"uv": [2.5, 10.5, 5.5, 12], "rotation": 90, "texture": "#0"}
			}
		},
		{
			"from": [0.05, 0.65, 7.95],
			"to": [7.55, 0.65, 10.45],
			"shade": false,
			"rotation": {"angle": 45, "axis": "y", "origin": [6.8, 1.55, 9.2]},
			"faces": {
				"up": {"uv": [6.5, 12, 2.5, 10.5], "rotation": 180, "texture": "#0"},
				"down": {"uv": [6.5, 10.5, 2.5, 12], "rotation": 180, "texture": "#0"}
			}
		},
		{
			"from": [5.55, 0.55, 8.45],
			"to": [8.05, 0.55, 15.95],
			"shade": false,
			"rotation": {"angle": 45, "axis": "y", "origin": [6.8, 1.45, 9.2]},
			"faces": {
				"up": {"uv": [6.5, 12, 2.5, 10.5], "rotation": 90, "texture": "#0"},
				"down": {"uv": [6.5, 10.5, 2.5, 12], "rotation": 270, "texture": "#0"}
			}
		},
		{
			"from": [6.05, 0.65, 7.95],
			"to": [13.55, 0.65, 10.45],
			"shade": false,
			"rotation": {"angle": 45, "axis": "y", "origin": [6.8, 1.55, 9.2]},
			"faces": {
				"up": {"uv": [6.5, 12, 2.5, 10.5], "texture": "#0"},
				"down": {"uv": [6.5, 10.5, 2.5, 12], "texture": "#0"}
			}
		},
		{
			"from": [5.4, 1.05, 7.8],
			"to": [8.2, 2.05, 10.6],
			"shade": false,
			"rotation": {"angle": 0, "axis": "y", "origin": [6.65, 1.55, 9.05]},
			"faces": {
				"north": {"uv": [10, 0.5, 11.5, 1], "texture": "#0"},
				"east": {"uv": [10, 0.5, 11.5, 1], "texture": "#0"},
				"south": {"uv": [10, 0.5, 11.5, 1], "texture": "#0"},
				"west": {"uv": [10, 0.5, 11.5, 1], "texture": "#0"},
				"up": {"uv": [12.5, 0, 14, 1.5], "texture": "#0"},
				"down": {"uv": [0, 0, 1.5, 1.5], "texture": "#0"}
			}
		},
		{
			"from": [5.3, 0.55, 7.7],
			"to": [8.3, 2.55, 10.7],
			"shade": false,
			"rotation": {"angle": 0, "axis": "y", "origin": [-0.7, 0.55, 1.7]},
			"faces": {
				"north": {"uv": [9, 3.5, 10.5, 4.5], "texture": "#0"},
				"east": {"uv": [9, 3.5, 10.5, 4.5], "texture": "#0"},
				"south": {"uv": [9, 3.5, 10.5, 4.5], "texture": "#0"},
				"west": {"uv": [9, 3.5, 10.5, 4.5], "texture": "#0"},
				"down": {"uv": [13, 3, 15, 5], "texture": "#0"}
			}
		},
		{
			"from": [8.3, 0.55, 7.7],
			"to": [5.3, 2.55, 10.7],
			"shade": false,
			"rotation": {"angle": 0, "axis": "y", "origin": [-0.7, 0.55, 1.7]},
			"faces": {
				"north": {"uv": [9, 3.5, 10.5, 4.5], "texture": "#0"},
				"east": {"uv": [9, 3.5, 10.5, 4.5], "texture": "#0"},
				"south": {"uv": [9, 3.5, 10.5, 4.5], "texture": "#0"},
				"west": {"uv": [9, 3.5, 10.5, 4.5], "texture": "#0"}
			}
		}
	],
	"display": {
		"thirdperson_righthand": {
			"rotation": [75, 45, 0],
			"translation": [0, 2.5, 2.25],
			"scale": [0.375, 0.375, 0.375]
		},
		"thirdperson_lefthand": {
			"rotation": [75, 45, 0],
			"translation": [0, 2.5, 2.25],
			"scale": [0.375, 0.375, 0.375]
		},
		"firstperson_righthand": {
			"rotation": [43, -90, 25],
			"translation": [1.13, 7.7, 1.13],
			"scale": [0.68, 0.68, 0.68]
		},
		"firstperson_lefthand": {
			"rotation": [43, -90, 25],
			"translation": [1.13, 7.7, 1.13],
			"scale": [0.68, 0.68, 0.68]
		},
		"ground": {
			"translation": [0, 2, 0],
			"scale": [0.64, 0.64, 0.64]
		},
		"gui": {
			"rotation": [30, 158, 0],
			"translation": [0, 3, 0],
			"scale": [1.01, 1.01, 1.01]
		},
		"head": {
			"rotation": [0, 180, 0],
			"translation": [0, 16, -0.25]
		},
		"fixed": {
			"rotation": [-90, 0, 0],
			"translation": [0, 0, -14],
			"scale": [2, 2, 2]
		}
	},
	"groups": [
		0,
		{
			"name": "group",
			"origin": [-0.5, 0.55, 1.5],
			"color": 0,
			"children": [1, 2, 3, 4, 5, 6, 7, 8, 9, 10, 11, 12, 13, 14, 15]
		}
	]
}