{
	"credit": "Made with Blockbench",
	"ambientocclusion": false,
	"textures": {
		"particle": "block/iron_bars",
		"bars": "block/iron_bars"
	},
	"elements": [
		{
			"from": [7, 15.25, 0],
			"to": [9, 16, 7],
			"faces": {
				"east": {"uv": [8, 0, 8.5, 7], "rotation": 90, "texture": "#bars"},
				"west": {"uv": [9, 0, 8.5, 7], "rotation": 90, "texture": "#bars"},
				"up": {"uv": [7, 0, 9, 7], "texture": "#bars"},
				"down": {"uv": [9, 0, 7, 7], "texture": "#bars"}
			}
		},
		{
			"from": [7, 0, 0],
			"to": [9, 0.75, 7],
			"faces": {
				"east": {"uv": [8, 0, 8.5, 7], "rotation": 90, "texture": "#bars"},
				"west": {"uv": [9, 0, 8.5, 7], "rotation": 90, "texture": "#bars"},
				"up": {"uv": [7, 0, 9, 7], "texture": "#bars"},
				"down": {"uv": [9, 0, 7, 7], "texture": "#bars"}
			}
		},
		{
			"from": [7.5, 0.75, 2],
			"to": [8.5, 15.25, 4],
			"faces": {
				"north": {"uv": [13, 1, 13.5, 16], "texture": "#bars"},
				"east": {"uv": [12, 1, 14, 16], "texture": "#bars"},
				"south": {"uv": [12, 1, 12.5, 16], "texture": "#bars"},
				"west": {"uv": [14, 1, 12, 16], "texture": "#bars"}
			}
		},
		{
			"from": [7.5, 0.75, 7],
			"to": [8.5, 15.25, 8],
			"faces": {
				"north": {"uv": [8, 1, 8.5, 16], "texture": "#bars"},
				"east": {"uv": [8, 1, 9, 16], "texture": "#bars"},
				"south": {"uv": [8, 1, 9, 16], "texture": "#bars"},
				"west": {"uv": [8, 1, 9, 16], "texture": "#bars"}
			}
		},
		{
			"from": [7.5, 2.6, 4],
			"to": [8.5, 4.6, 7],
			"faces": {
				"east": {"uv": [13, 7, 16, 9], "texture": "#bars"},
				"west": {"uv": [13, 7, 16, 9], "texture": "#bars"},
				"up": {"uv": [13, 7, 13.5, 10], "texture": "#bars"},
				"down": {"uv": [13, 7, 13.5, 10], "texture": "#bars"}
			}
		},
		{
			"from": [7.5, 7.45, 0],
			"to": [8.5, 9.45, 2],
			"faces": {
				"east": {"uv": [9, 12, 11, 14], "texture": "#bars"},
				"west": {"uv": [9, 12, 11, 14], "texture": "#bars"},
				"up": {"uv": [9, 12, 9.5, 14], "texture": "#bars"},
				"down": {"uv": [9, 12, 9.5, 14], "texture": "#bars"}
			}
		}
	]
}