{
	"credit": "Made with Blockbench",
	"ambientocclusion": false,
	"textures": {
		"particle": "block/iron_bars",
		"edge": "block/iron_bars"
	},
	"elements": [
		{
			"from": [7, 0.01, 7],
			"to": [9, 0.01, 9],
			"faces": {
				"up": {"uv": [7, 7, 9, 9], "texture": "#edge"},
				"down": {"uv": [7, 7, 9, 9], "texture": "#edge"}
			}
		},
		{
			"from": [7, 15.999, 7],
			"to": [9, 15.999, 9],
			"faces": {
				"up": {"uv": [7, 7, 9, 9], "texture": "#edge"},
				"down": {"uv": [7, 7, 9, 9], "texture": "#edge"}
			}
		},
		{
			"from": [7, 0, 7],
			"to": [9, 0.75, 9],
			"faces": {
				"north": {"uv": [12, 0, 14, 0.5], "texture": "#edge"},
				"east": {"uv": [12, 0, 14, 0.5], "texture": "#edge"},
				"south": {"uv": [12, 0, 14, 0.5], "texture": "#edge"},
				"west": {"uv": [12, 0, 14, 0.5], "texture": "#edge"},
				"up": {"uv": [12, 0, 14, 2], "texture": "#edge"},
				"down": {"uv": [12, 0, 14, 2], "texture": "#edge"}
			}
		},
		{
			"from": [7, 15.25, 7],
			"to": [9, 16, 9],
			"faces": {
				"north": {"uv": [12, 0, 14, 0.5], "texture": "#edge"},
				"east": {"uv": [12, 0, 14, 0.5], "texture": "#edge"},
				"south": {"uv": [12, 0, 14, 0.5], "texture": "#edge"},
				"west": {"uv": [12, 0, 14, 0.5], "texture": "#edge"},
				"up": {"uv": [12, 0, 14, 2], "texture": "#edge"},
				"down": {"uv": [12, 0, 14, 2], "texture": "#edge"}
			}
		}
	]
}