{
	"credit": "Made by YSBB with Blockbench",
	"ambientocclusion": false,
	"texture_size": [32, 32],
	"textures": {
		"1": "block/glow_lichen/glow_lichen",
		"particle": "block/glow_lichen/glow_lichen",
		"cross": "block/glow_lichen/glow_lichen2"
	},
	"elements": [
		{
			"from": [0, 15.75, 0],
			"to": [16, 15.75, 16],
			"rotation": {"angle": 0, "axis": "x", "origin": [8, 15.75, 8]},
			"faces": {
				"up": {"uv": [0, 0, 16, 16], "texture": "#1", "cullface": "up"},
				"down": {"uv": [0, 0, 16, 16], "texture": "#1"}
			}
		},
		{
			"from": [8, -10, 5],
			"to": [12, 16, 5],
			"rotation": {"angle": 45, "axis": "y", "origin": [10, 2.75, 5]},
			"faces": {
				"north": {"uv": [14, 0.5, 16, 13.5], "texture": "#cross"},
				"south": {"uv": [14, 0.5, 16, 13.5], "texture": "#cross"}
			}
		},
		{
			"from": [10, -10, 3],
			"to": [10, 16, 7],
			"rotation": {"angle": 45, "axis": "y", "origin": [10, 2.75, 5]},
			"faces": {
				"east": {"uv": [14, 0.5, 16, 13.5], "texture": "#cross"},
				"west": {"uv": [14, 0.5, 16, 13.5], "texture": "#cross"}
			}
		},
		{
			"from": [2, -2, 11],
			"to": [6, 16, 11],
			"rotation": {"angle": 45, "axis": "y", "origin": [4, 2.75, 11]},
			"faces": {
				"north": {"uv": [14, 0.5, 16, 9.5], "texture": "#cross"},
				"south": {"uv": [14, 0.5, 16, 9.5], "texture": "#cross"}
			}
		},
		{
			"from": [4, -2, 9],
			"to": [4, 16, 13],
			"rotation": {"angle": 45, "axis": "y", "origin": [4, 2.75, 11]},
			"faces": {
				"east": {"uv": [14, 0.5, 16, 9.5], "texture": "#cross"},
				"west": {"uv": [14, 0.5, 16, 9.5], "texture": "#cross"}
			}
		},
		{
			"from": [8.5, -10, 3.5],
			"to": [10.5, -10, 5.5],
			"rotation": {"angle": 0, "axis": "y", "origin": [4.5, -14, 1.5]},
			"faces": {
				"up": {"uv": [0, 0.5, 1, 1.5], "texture": "#cross"},
				"down": {"uv": [0, 0.5, 1, 1.5], "texture": "#cross"}
			}
		},
		{
			"from": [7.5, -12.9, 3.15],
			"to": [11.5, -8.9, 3.15],
			"rotation": {"angle": 22.5, "axis": "x", "origin": [9.5, -10.9, 3.15]},
			"faces": {
				"north": {"uv": [14, 16, 16, 14], "rotation": 180, "texture": "#cross"},
				"south": {"uv": [14, 14, 16, 16], "texture": "#cross"}
			}
		},
		{
			"from": [7.5, -12.9, 5.85],
			"to": [11.5, -8.9, 5.85],
			"rotation": {"angle": -22.5, "axis": "x", "origin": [9.5, -10.9, 5.85]},
			"faces": {
				"north": {"uv": [14, 16, 16, 14], "rotation": 180, "texture": "#cross"},
				"south": {"uv": [14, 14, 16, 16], "texture": "#cross"}
			}
		},
		{
			"from": [8.1, -12.9, 2.55],
			"to": [8.1, -8.9, 6.55],
			"rotation": {"angle": -22.5, "axis": "z", "origin": [8.1, -10.9, 4.55]},
			"faces": {
				"east": {"uv": [14, 14, 16, 16], "texture": "#cross"},
				"west": {"uv": [14, 16, 16, 14], "rotation": 180, "texture": "#cross"}
			}
		},
		{
			"from": [10.9, -12.9, 2.45],
			"to": [10.9, -8.9, 6.45],
			"rotation": {"angle": 22.5, "axis": "z", "origin": [10.9, -10.9, 4.45]},
			"faces": {
				"east": {"uv": [14, 14, 16, 16], "texture": "#cross"},
				"west": {"uv": [14, 16, 16, 14], "rotation": 180, "texture": "#cross"}
			}
		},
		{
			"from": [8.5, -14, 4.5],
			"to": [10.5, -10, 4.5],
			"rotation": {"angle": 0, "axis": "y", "origin": [7.5, -12, 3.5]},
			"faces": {
				"north": {"uv": [3, 7.5, 3.5, 9.5], "texture": "#cross"},
				"east": {"uv": [3, 7.5, 3.5, 9.5], "texture": "#cross"},
				"south": {"uv": [3, 7.5, 3.5, 9.5], "texture": "#cross"},
				"west": {"uv": [3, 7.5, 3.5, 9.5], "texture": "#cross"},
				"up": {"uv": [3, 7.5, 3.5, 8], "texture": "#cross"},
				"down": {"uv": [1.5, 7.5, 2, 8], "texture": "#cross"}
			}
		},
		{
			"from": [9.5, -14, 3.5],
			"to": [9.5, -10, 5.5],
			"rotation": {"angle": 0, "axis": "y", "origin": [9.5, -12, 4.5]},
			"faces": {
				"north": {"uv": [3, 7.5, 3.5, 9.5], "texture": "#cross"},
				"east": {"uv": [3, 7.5, 3.5, 9.5], "texture": "#cross"},
				"south": {"uv": [3, 7.5, 3.5, 9.5], "texture": "#cross"},
				"west": {"uv": [3, 7.5, 3.5, 9.5], "texture": "#cross"},
				"up": {"uv": [3, 7.5, 3.5, 8], "rotation": 270, "texture": "#cross"},
				"down": {"uv": [1.5, 7.5, 2, 8], "rotation": 90, "texture": "#cross"}
			}
		},
		{
			"from": [3.5, -2, 10.5],
			"to": [5.5, -2, 12.5],
			"rotation": {"angle": 0, "axis": "y", "origin": [-0.5, -6, 8.5]},
			"faces": {
				"up": {"uv": [0, 0.5, 1, 1.5], "texture": "#cross"},
				"down": {"uv": [0, 0.5, 1, 1.5], "texture": "#cross"}
			}
		},
		{
			"from": [2.5, -4.9, 10.15],
			"to": [6.5, -0.9, 10.15],
			"rotation": {"angle": 22.5, "axis": "x", "origin": [4.5, -2.9, 10.15]},
			"faces": {
				"north": {"uv": [14, 16, 16, 14], "rotation": 180, "texture": "#cross"},
				"south": {"uv": [14, 14, 16, 16], "texture": "#cross"}
			}
		},
		{
			"from": [2.5, -4.9, 12.85],
			"to": [6.5, -0.9, 12.85],
			"rotation": {"angle": -22.5, "axis": "x", "origin": [4.5, -2.9, 12.85]},
			"faces": {
				"north": {"uv": [14, 16, 16, 14], "rotation": 180, "texture": "#cross"},
				"south": {"uv": [14, 14, 16, 16], "texture": "#cross"}
			}
		},
		{
			"from": [3.1, -4.9, 9.55],
			"to": [3.1, -0.9, 13.55],
			"rotation": {"angle": -22.5, "axis": "z", "origin": [3.1, -2.9, 11.55]},
			"faces": {
				"east": {"uv": [14, 14, 16, 16], "texture": "#cross"},
				"west": {"uv": [14, 16, 16, 14], "rotation": 180, "texture": "#cross"}
			}
		},
		{
			"from": [5.9, -4.9, 9.45],
			"to": [5.9, -0.9, 13.45],
			"rotation": {"angle": 22.5, "axis": "z", "origin": [5.9, -2.9, 11.45]},
			"faces": {
				"east": {"uv": [14, 14, 16, 16], "texture": "#cross"},
				"west": {"uv": [14, 16, 16, 14], "rotation": 180, "texture": "#cross"}
			}
		},
		{
			"from": [3.5, -6, 11.5],
			"to": [5.5, -2, 11.5],
			"rotation": {"angle": 0, "axis": "y", "origin": [2.5, -4, 10.5]},
			"faces": {
				"north": {"uv": [3, 7.5, 3.5, 9.5], "texture": "#cross"},
				"east": {"uv": [3, 7.5, 3.5, 9.5], "texture": "#cross"},
				"south": {"uv": [3, 7.5, 3.5, 9.5], "texture": "#cross"},
				"west": {"uv": [3, 7.5, 3.5, 9.5], "texture": "#cross"},
				"up": {"uv": [3, 7.5, 3.5, 8], "texture": "#cross"},
				"down": {"uv": [1.5, 7.5, 2, 8], "texture": "#cross"}
			}
		},
		{
			"from": [4.5, -6, 10.5],
			"to": [4.5, -2, 12.5],
			"rotation": {"angle": 0, "axis": "y", "origin": [4.5, -4, 11.5]},
			"faces": {
				"north": {"uv": [3, 7.5, 3.5, 9.5], "texture": "#cross"},
				"east": {"uv": [3, 7.5, 3.5, 9.5], "texture": "#cross"},
				"south": {"uv": [3, 7.5, 3.5, 9.5], "texture": "#cross"},
				"west": {"uv": [3, 7.5, 3.5, 9.5], "texture": "#cross"},
				"up": {"uv": [3, 7.5, 3.5, 8], "rotation": 270, "texture": "#cross"},
				"down": {"uv": [1.5, 7.5, 2, 8], "rotation": 90, "texture": "#cross"}
			}
		}
	],
	"groups": [
		{
			"name": "group",
			"origin": [9.06421, 14.11421, 8],
			"color": 0,
			"children": []
		},
		0,
		1,
		2,
		3,
		4,
		{
			"name": "group",
			"origin": [4.5, -10, 11.5],
			"color": 0,
			"children": [5, 6, 7, 8, 9, 10, 11]
		},
		{
			"name": "group",
			"origin": [4.5, -10, 11.5],
			"color": 0,
			"children": [12, 13, 14, 15, 16, 17, 18]
		}
	]
}