{
	"credit": "Made by YSBB with Blockbench",
	"ambientocclusion": false,
	"texture_size": [32, 32],
	"textures": {
		"1": "block/glow_lichen/glow_lichen",
		"particle": "block/glow_lichen/glow_lichen",
		"cross": "block/glow_lichen/glow_lichen2"
	},
	"elements": [
		{
			"from": [8, 9.9, 1],
			"to": [12, 13.9, 1],
			"shade": false,
			"rotation": {"angle": 22.5, "axis": "x", "origin": [10, 11.9, 1]},
			"faces": {
				"north": {"uv": [7.5, 1, 9.5, 3], "texture": "#cross"},
				"south": {"uv": [7.5, 1, 9.5, 3], "texture": "#cross"}
			}
		},
		{
			"from": [8, 6.1, 0.9],
			"to": [12, 10.1, 0.9],
			"shade": false,
			"rotation": {"angle": -22.5, "axis": "x", "origin": [10.41207, 8.33912, 0.81709]},
			"faces": {
				"north": {"uv": [7.5, 1, 9.5, 3], "rotation": 180, "texture": "#cross"},
				"south": {"uv": [7.5, 1, 9.5, 3], "rotation": 180, "texture": "#cross"}
			}
		},
		{
			"from": [9.9, 8, 1],
			"to": [13.9, 12, 1],
			"shade": false,
			"rotation": {"angle": -22.5, "axis": "y", "origin": [11.9, 10, 1]},
			"faces": {
				"north": {"uv": [7.5, 1, 9.5, 3], "rotation": 270, "texture": "#cross"},
				"south": {"uv": [7.5, 1, 9.5, 3], "rotation": 90, "texture": "#cross"}
			}
		},
		{
			"from": [6.1, 8, 1],
			"to": [10.1, 12, 1],
			"shade": false,
			"rotation": {"angle": 22.5, "axis": "y", "origin": [8.1, 10, 1]},
			"faces": {
				"north": {"uv": [7.5, 1, 9.5, 3], "rotation": 90, "texture": "#cross"},
				"south": {"uv": [7.5, 1, 9.5, 3], "rotation": 270, "texture": "#cross"}
			}
		},
		{
			"from": [3.1, 2, 0.6],
			"to": [7.1, 6, 0.6],
			"shade": false,
			"rotation": {"angle": 0, "axis": "z", "origin": [5.1, 4, 0.6]},
			"faces": {
				"north": {"uv": [3, 0.5, 5, 2.5], "texture": "#cross"},
				"south": {"uv": [3, 0.5, 5, 2.5], "texture": "#cross"}
			}
		},
		{
			"from": [6.1, 6, 0.6],
			"to": [14.1, 14, 0.6],
			"shade": false,
			"rotation": {"angle": 0, "axis": "y", "origin": [10.1, 9, 0.6]},
			"faces": {
				"north": {"uv": [1.5, 5.5, 5.5, 9.5], "rotation": 90, "texture": "#cross"},
				"south": {"uv": [1.5, 5.5, 5.5, 9.5], "rotation": 270, "texture": "#cross"}
			}
		},
		{
			"from": [0, 0, 0.25],
			"to": [16, 16, 0.25],
			"rotation": {"angle": 0, "axis": "x", "origin": [8, 8, 0]},
			"faces": {
				"north": {"uv": [0, 0, 16, 16], "rotation": 180, "texture": "#1", "cullface": "north"},
				"south": {"uv": [0, 0, 16, 16], "texture": "#1"}
			}
		}
	],
	"groups": [
		{
			"name": "group",
			"origin": [9.06421, 14.11421, 8],
			"color": 0,
			"children": [0, 1, 2, 3, 4, 5]
		},
		6
	]
}