{
	"credit": "Made by YSBB with Blockbench",
	"ambientocclusion": false,
	"texture_size": [32, 32],
	"textures": {
		"1": "block/glow_lichen/glow_lichen",
		"particle": "block/glow_lichen/glow_lichen",
		"cross": "block/glow_lichen/glow_lichen2"
	},
	"elements": [
		{
			"from": [8, 0, 4.9],
			"to": [13, 6, 4.9],
			"shade": false,
			"rotation": {"angle": -45, "axis": "y", "origin": [11, 2.5, 4.9]},
			"faces": {
				"north": {"uv": [6, 13, 8.5, 16], "texture": "#cross"},
				"south": {"uv": [6, 13, 8.5, 16], "texture": "#cross"}
			}
		},
		{
			"from": [8, 0, 4.9],
			"to": [13, 6, 4.9],
			"shade": false,
			"rotation": {"angle": 45, "axis": "y", "origin": [11, 2.5, 4.9]},
			"faces": {
				"north": {"uv": [6, 13, 8.5, 16], "texture": "#cross"},
				"south": {"uv": [6, 13, 8.5, 16], "texture": "#cross"}
			}
		},
		{
			"from": [1, 0, 11.9],
			"to": [6, 13, 11.9],
			"shade": false,
			"rotation": {"angle": -45, "axis": "y", "origin": [4, 2.5, 11.9]},
			"faces": {
				"north": {"uv": [1.5, 9.5, 4, 16], "texture": "#cross"},
				"south": {"uv": [1.5, 9.5, 4, 16], "texture": "#cross"}
			}
		},
		{
			"from": [2, 7.4, 14.85],
			"to": [6, 11.4, 14.85],
			"shade": false,
			"rotation": {"angle": 45, "axis": "x", "origin": [3, 10.35, 14.85]},
			"faces": {
				"north": {"uv": [7.5, 0.5, 9.5, 2.5], "texture": "#cross"},
				"south": {"uv": [7.5, 0.5, 9.5, 2.5], "texture": "#cross"}
			}
		},
		{
			"from": [2, 7.4, 8.6],
			"to": [6, 11.4, 8.6],
			"shade": false,
			"rotation": {"angle": -45, "axis": "x", "origin": [4, 10.35, 8.6]},
			"faces": {
				"north": {"uv": [7.5, 0.5, 9.5, 2.5], "texture": "#cross"},
				"south": {"uv": [7.5, 0.5, 9.5, 2.5], "texture": "#cross"}
			}
		},
		{
			"from": [0.35, 8.25, 8.05711],
			"to": [7.35, 8.25, 15.05711],
			"shade": false,
			"rotation": {"angle": 0, "axis": "y", "origin": [3.35, 8.24289, 10.05711]},
			"faces": {
				"up": {"uv": [1.5, 5.5, 5.5, 9.5], "texture": "#cross"},
				"down": {"uv": [1.5, 5.5, 5.5, 9.5], "rotation": 180, "texture": "#cross"}
			}
		},
		{
			"from": [0.83579, 7.36421, 9.75],
			"to": [0.83579, 11.36421, 13.75],
			"shade": false,
			"rotation": {"angle": 45, "axis": "z", "origin": [0.83579, 10.36421, 11.75]},
			"faces": {
				"east": {"uv": [7.5, 0.5, 9.5, 2.5], "texture": "#cross"},
				"west": {"uv": [7.5, 0.5, 9.5, 2.5], "texture": "#cross"}
			}
		},
		{
			"from": [7.06421, 7.36421, 9.75],
			"to": [7.06421, 11.36421, 13.75],
			"shade": false,
			"rotation": {"angle": -45, "axis": "z", "origin": [7.06421, 10.36421, 11.75]},
			"faces": {
				"east": {"uv": [7.5, 0.5, 9.5, 2.5], "texture": "#cross"},
				"west": {"uv": [7.5, 0.5, 9.5, 2.5], "texture": "#cross"}
			}
		},
		{
			"from": [1, 0, 11.9],
			"to": [6, 13, 11.9],
			"shade": false,
			"rotation": {"angle": 45, "axis": "y", "origin": [4, 2.5, 11.9]},
			"faces": {
				"north": {"uv": [1.5, 9.5, 4, 16], "texture": "#cross"},
				"south": {"uv": [1.5, 9.5, 4, 16], "texture": "#cross"}
			}
		},
		{
			"from": [0, 0.25, 0],
			"to": [16, 0.25, 16],
			"rotation": {"angle": 0, "axis": "y", "origin": [8, 0.25, 3]},
			"faces": {
				"up": {"uv": [0, 0, 16, 16], "texture": "#1"},
				"down": {"uv": [0, 0, 16, 16], "texture": "#1", "cullface": "down"}
			}
		},
		{
			"from": [8, 5.15, 8.1],
			"to": [12, 9.15, 8.1],
			"shade": false,
			"rotation": {"angle": 45, "axis": "x", "origin": [9, 8.1, 8.1]},
			"faces": {
				"north": {"uv": [7.5, 0.5, 9.5, 2.5], "texture": "#cross"},
				"south": {"uv": [7.5, 0.5, 9.5, 2.5], "texture": "#cross"}
			}
		},
		{
			"from": [8, 5.15, 1.85],
			"to": [12, 9.15, 1.85],
			"shade": false,
			"rotation": {"angle": -45, "axis": "x", "origin": [10, 8.1, 1.85]},
			"faces": {
				"north": {"uv": [7.5, 0.5, 9.5, 2.5], "texture": "#cross"},
				"south": {"uv": [7.5, 0.5, 9.5, 2.5], "texture": "#cross"}
			}
		},
		{
			"from": [6.35, 6, 1.30711],
			"to": [13.35, 6, 8.30711],
			"shade": false,
			"rotation": {"angle": 0, "axis": "y", "origin": [9.35, 5.99289, 3.30711]},
			"faces": {
				"up": {"uv": [1.5, 5.5, 5.5, 9.5], "texture": "#cross"},
				"down": {"uv": [1.5, 5.5, 5.5, 9.5], "rotation": 180, "texture": "#cross"}
			}
		},
		{
			"from": [6.83579, 5.11421, 3],
			"to": [6.83579, 9.11421, 7],
			"shade": false,
			"rotation": {"angle": 45, "axis": "z", "origin": [6.83579, 8.11421, 5]},
			"faces": {
				"east": {"uv": [7.5, 0.5, 9.5, 2.5], "texture": "#cross"},
				"west": {"uv": [7.5, 0.5, 9.5, 2.5], "texture": "#cross"}
			}
		},
		{
			"from": [13.06421, 5.11421, 3],
			"to": [13.06421, 9.11421, 7],
			"shade": false,
			"rotation": {"angle": -45, "axis": "z", "origin": [13.06421, 8.11421, 5]},
			"faces": {
				"east": {"uv": [7.5, 0.5, 9.5, 2.5], "texture": "#cross"},
				"west": {"uv": [7.5, 0.5, 9.5, 2.5], "texture": "#cross"}
			}
		}
	],
	"groups": [
		0,
		1,
		2,
		{
			"name": "group",
			"origin": [9.06421, 14.11421, 8],
			"color": 0,
			"children": [3, 4, 5, 6, 7]
		},
		8,
		9,
		{
			"name": "group",
			"origin": [9.06421, 14.11421, 8],
			"color": 0,
			"children": [10, 11, 12, 13, 14]
		}
	]
}