{
	"credit": "Made by YSBB with Blockbench",
	"ambientocclusion": false,
	"texture_size": [32, 32],
	"textures": {
		"1": "block/glow_lichen/glow_lichen",
		"cross": "block/glow_lichen/glow_lichen2",
		"particle": "block/glow_lichen/glow_lichen"
	},
	"elements": [
		{
			"from": [2, -0.35, 9.85],
			"to": [6, 3.65, 9.85],
			"shade": false,
			"rotation": {"angle": 45, "axis": "x", "origin": [3, 2.6, 9.85]},
			"faces": {
				"north": {"uv": [7.5, 0.5, 9.5, 2.5], "texture": "#cross"},
				"south": {"uv": [7.5, 0.5, 9.5, 2.5], "texture": "#cross"}
			}
		},
		{
			"from": [2, -0.35, 3.6],
			"to": [6, 3.65, 3.6],
			"shade": false,
			"rotation": {"angle": -45, "axis": "x", "origin": [4, 2.6, 3.6]},
			"faces": {
				"north": {"uv": [7.5, 0.5, 9.5, 2.5], "texture": "#cross"},
				"south": {"uv": [7.5, 0.5, 9.5, 2.5], "texture": "#cross"}
			}
		},
		{
			"from": [0.35, 0.5, 3.05711],
			"to": [7.35, 0.5, 10.05711],
			"shade": false,
			"rotation": {"angle": 0, "axis": "y", "origin": [3.35, 0.49289, 5.05711]},
			"faces": {
				"up": {"uv": [1.5, 5.5, 5.5, 9.5], "texture": "#cross"},
				"down": {"uv": [1.5, 5.5, 5.5, 9.5], "rotation": 180, "texture": "#cross"}
			}
		},
		{
			"from": [0.83579, -0.38579, 4.75],
			"to": [0.83579, 3.61421, 8.75],
			"shade": false,
			"rotation": {"angle": 45, "axis": "z", "origin": [0.83579, 2.61421, 6.75]},
			"faces": {
				"east": {"uv": [7.5, 0.5, 9.5, 2.5], "texture": "#cross"},
				"west": {"uv": [7.5, 0.5, 9.5, 2.5], "texture": "#cross"}
			}
		},
		{
			"from": [7.06421, -0.38579, 4.75],
			"to": [7.06421, 3.61421, 8.75],
			"shade": false,
			"rotation": {"angle": -45, "axis": "z", "origin": [7.06421, 2.61421, 6.75]},
			"faces": {
				"east": {"uv": [7.5, 0.5, 9.5, 2.5], "texture": "#cross"},
				"west": {"uv": [7.5, 0.5, 9.5, 2.5], "texture": "#cross"}
			}
		},
		{
			"from": [0, 0.25, 0],
			"to": [16, 0.25, 16],
			"rotation": {"angle": 0, "axis": "y", "origin": [8, 0.25, 3]},
			"faces": {
				"up": {"uv": [0, 0, 16, 16], "texture": "#1"},
				"down": {"uv": [0, 0, 16, 16], "texture": "#1", "cullface": "down"}
			}
		},
		{
			"from": [10, 1.15, 15.1],
			"to": [14, 5.15, 15.1],
			"shade": false,
			"rotation": {"angle": 45, "axis": "x", "origin": [11, 4.1, 15.1]},
			"faces": {
				"north": {"uv": [7.5, 0.5, 9.5, 2.5], "texture": "#cross"},
				"south": {"uv": [7.5, 0.5, 9.5, 2.5], "texture": "#cross"}
			}
		},
		{
			"from": [10, 1.15, 8.85],
			"to": [14, 5.15, 8.85],
			"shade": false,
			"rotation": {"angle": -45, "axis": "x", "origin": [12, 4.1, 8.85]},
			"faces": {
				"north": {"uv": [7.5, 0.5, 9.5, 2.5], "texture": "#cross"},
				"south": {"uv": [7.5, 0.5, 9.5, 2.5], "texture": "#cross"}
			}
		},
		{
			"from": [8.35, 2, 8.30711],
			"to": [15.35, 2, 15.30711],
			"shade": false,
			"rotation": {"angle": 0, "axis": "y", "origin": [11.35, 1.99289, 10.30711]},
			"faces": {
				"up": {"uv": [1.5, 5.5, 5.5, 9.5], "texture": "#cross"},
				"down": {"uv": [1.5, 5.5, 5.5, 9.5], "rotation": 180, "texture": "#cross"}
			}
		},
		{
			"from": [8.83579, 1.11421, 10],
			"to": [8.83579, 5.11421, 14],
			"shade": false,
			"rotation": {"angle": 45, "axis": "z", "origin": [8.83579, 4.11421, 12]},
			"faces": {
				"east": {"uv": [7.5, 0.5, 9.5, 2.5], "texture": "#cross"},
				"west": {"uv": [7.5, 0.5, 9.5, 2.5], "texture": "#cross"}
			}
		},
		{
			"from": [15.06421, 1.11421, 10],
			"to": [15.06421, 5.11421, 14],
			"shade": false,
			"rotation": {"angle": -45, "axis": "z", "origin": [15.06421, 4.11421, 12]},
			"faces": {
				"east": {"uv": [7.5, 0.5, 9.5, 2.5], "texture": "#cross"},
				"west": {"uv": [7.5, 0.5, 9.5, 2.5], "texture": "#cross"}
			}
		},
		{
			"from": [10, 0, 11.9],
			"to": [15, 10, 11.9],
			"shade": false,
			"rotation": {"angle": 45, "axis": "y", "origin": [13, 2.5, 11.9]},
			"faces": {
				"north": {"uv": [6.5, 5.5, 9, 10.5], "texture": "#cross"},
				"south": {"uv": [6.5, 5.5, 9, 10.5], "texture": "#cross"}
			}
		},
		{
			"from": [10, 0, 11.9],
			"to": [15, 10, 11.9],
			"shade": false,
			"rotation": {"angle": -45, "axis": "y", "origin": [13, 2.5, 11.9]},
			"faces": {
				"north": {"uv": [6.5, 5.5, 9, 10.5], "texture": "#cross"},
				"south": {"uv": [6.5, 5.5, 9, 10.5], "texture": "#cross"}
			}
		}
	],
	"groups": [
		{
			"name": "group",
			"origin": [9.06421, 14.11421, 8],
			"color": 0,
			"children": [0, 1, 2, 3, 4]
		},
		5,
		{
			"name": "group",
			"origin": [9.06421, 14.11421, 8],
			"color": 0,
			"children": [6, 7, 8, 9, 10]
		},
		11,
		12
	]
}