{
	"credit": "Made by YSBB with Blockbench",
	"ambientocclusion": false,
	"texture_size": [32, 32],
	"textures": {
		"1": "block/glow_lichen/glow_lichen",
		"cross": "block/glow_lichen/glow_lichen2",
		"particle": "block/glow_lichen/glow_lichen"
	},
	"elements": [
		{
			"from": [9.1, 2, 0.6],
			"to": [13.1, 6, 0.6],
			"shade": false,
			"rotation": {"angle": 0, "axis": "z", "origin": [11.1, 4, 0.6]},
			"faces": {
				"north": {"uv": [3, 0.5, 5, 2.5], "texture": "#cross"},
				"south": {"uv": [3, 0.5, 5, 2.5], "texture": "#cross"}
			}
		},
		{
			"from": [3.1, 6, 0.6],
			"to": [7.1, 10, 0.6],
			"shade": false,
			"rotation": {"angle": 0, "axis": "z", "origin": [5.1, 8, 0.6]},
			"faces": {
				"north": {"uv": [3, 0.5, 5, 2.5], "texture": "#cross"},
				"south": {"uv": [3, 0.5, 5, 2.5], "texture": "#cross"}
			}
		},
		{
			"from": [9.1, 10, 0.6],
			"to": [13.1, 14, 0.6],
			"shade": false,
			"rotation": {"angle": 0, "axis": "z", "origin": [11.1, 12, 0.6]},
			"faces": {
				"north": {"uv": [0, 0, 2, 2], "texture": "#cross"},
				"south": {"uv": [0, 0, 2, 2], "texture": "#cross"}
			}
		},
		{
			"from": [0, 0, 0.25],
			"to": [16, 16, 0.25],
			"rotation": {"angle": 0, "axis": "x", "origin": [8, 8, 0]},
			"faces": {
				"north": {"uv": [0, 0, 16, 16], "rotation": 180, "texture": "#1", "cullface": "north"},
				"south": {"uv": [0, 0, 16, 16], "texture": "#1"}
			}
		}
	],
	"groups": [
		{
			"name": "group",
			"origin": [9.06421, 14.11421, 8],
			"color": 0,
			"children": [0, 1, 2]
		},
		3
	]
}