{
	"credit": "Made by YSBB with Blockbench",
	"ambientocclusion": false,
	"texture_size": [32, 32],
	"textures": {
		"1": "block/glow_lichen/glow_lichen",
		"particle": "block/glow_lichen/glow_lichen",
		"cross": "block/glow_lichen/glow_lichen2"
	},
	"elements": [
		{
			"from": [0, 15.75, 0],
			"to": [16, 15.75, 16],
			"rotation": {"angle": 0, "axis": "x", "origin": [8, 15.75, 8]},
			"faces": {
				"up": {"uv": [0, 0, 16, 16], "texture": "#1", "cullface": "up"},
				"down": {"uv": [0, 0, 16, 16], "texture": "#1"}
			}
		},
		{
			"from": [10, 7, 13],
			"to": [14, 16, 13],
			"rotation": {"angle": 45, "axis": "y", "origin": [12, 2.75, 13]},
			"faces": {
				"north": {"uv": [14, 5, 16, 0.5], "texture": "#cross"},
				"south": {"uv": [14, 5, 16, 0.5], "texture": "#cross"}
			}
		},
		{
			"from": [12, 7, 11],
			"to": [12, 16, 15],
			"rotation": {"angle": 45, "axis": "y", "origin": [12, 2.75, 13]},
			"faces": {
				"east": {"uv": [14, 5, 16, 0.5], "texture": "#cross"},
				"west": {"uv": [14, 5, 16, 0.5], "texture": "#cross"}
			}
		},
		{
			"from": [7, -1, 5],
			"to": [11, 16, 5],
			"rotation": {"angle": 45, "axis": "y", "origin": [9, 2.75, 5]},
			"faces": {
				"north": {"uv": [14, 4.5, 16, 13], "texture": "#cross"},
				"south": {"uv": [14, 4.5, 16, 13], "texture": "#cross"}
			}
		},
		{
			"from": [9, -1, 3],
			"to": [9, 16, 7],
			"rotation": {"angle": 45, "axis": "y", "origin": [9, 2.75, 5]},
			"faces": {
				"east": {"uv": [14, 4.5, 16, 13], "texture": "#cross"},
				"west": {"uv": [14, 4.5, 16, 13], "texture": "#cross"}
			}
		},
		{
			"from": [2, -8, 11],
			"to": [6, 16, 11],
			"rotation": {"angle": 45, "axis": "y", "origin": [4, -4.25, 11]},
			"faces": {
				"north": {"uv": [14, 0.5, 16, 12.5], "texture": "#cross"},
				"south": {"uv": [14, 0.5, 16, 12.5], "texture": "#cross"}
			}
		},
		{
			"from": [4, -8, 9],
			"to": [4, 16, 13],
			"rotation": {"angle": 45, "axis": "y", "origin": [4, -4.25, 11]},
			"faces": {
				"east": {"uv": [14, 0.5, 16, 12.5], "texture": "#cross"},
				"west": {"uv": [14, 0.5, 16, 12.5], "texture": "#cross"}
			}
		},
		{
			"from": [3.5, -8, 10.5],
			"to": [5.5, -8, 12.5],
			"rotation": {"angle": 0, "axis": "y", "origin": [-0.5, -12, 8.5]},
			"faces": {
				"up": {"uv": [0, 0.5, 1, 1.5], "texture": "#cross"},
				"down": {"uv": [0, 0.5, 1, 1.5], "texture": "#cross"}
			}
		},
		{
			"from": [2.5, -10.9, 10.15],
			"to": [6.5, -6.9, 10.15],
			"rotation": {"angle": 22.5, "axis": "x", "origin": [4.5, -8.9, 10.15]},
			"faces": {
				"north": {"uv": [14, 16, 16, 14], "rotation": 180, "texture": "#cross"},
				"south": {"uv": [14, 14, 16, 16], "texture": "#cross"}
			}
		},
		{
			"from": [2.5, -10.9, 12.85],
			"to": [6.5, -6.9, 12.85],
			"rotation": {"angle": -22.5, "axis": "x", "origin": [4.5, -8.9, 12.85]},
			"faces": {
				"north": {"uv": [14, 16, 16, 14], "rotation": 180, "texture": "#cross"},
				"south": {"uv": [14, 14, 16, 16], "texture": "#cross"}
			}
		},
		{
			"from": [3.1, -10.9, 9.55],
			"to": [3.1, -6.9, 13.55],
			"rotation": {"angle": -22.5, "axis": "z", "origin": [3.1, -8.9, 11.55]},
			"faces": {
				"east": {"uv": [14, 14, 16, 16], "texture": "#cross"},
				"west": {"uv": [14, 16, 16, 14], "rotation": 180, "texture": "#cross"}
			}
		},
		{
			"from": [5.9, -10.9, 9.45],
			"to": [5.9, -6.9, 13.45],
			"rotation": {"angle": 22.5, "axis": "z", "origin": [5.9, -8.9, 11.45]},
			"faces": {
				"east": {"uv": [14, 14, 16, 16], "texture": "#cross"},
				"west": {"uv": [14, 16, 16, 14], "rotation": 180, "texture": "#cross"}
			}
		},
		{
			"from": [3.5, -12, 11.5],
			"to": [5.5, -8, 11.5],
			"rotation": {"angle": 0, "axis": "y", "origin": [2.5, -10, 10.5]},
			"faces": {
				"north": {"uv": [3, 7.5, 3.5, 9.5], "texture": "#cross"},
				"east": {"uv": [3, 7.5, 3.5, 9.5], "texture": "#cross"},
				"south": {"uv": [3, 7.5, 3.5, 9.5], "texture": "#cross"},
				"west": {"uv": [3, 7.5, 3.5, 9.5], "texture": "#cross"},
				"up": {"uv": [3, 7.5, 3.5, 8], "texture": "#cross"},
				"down": {"uv": [1.5, 7.5, 2, 8], "texture": "#cross"}
			}
		},
		{
			"from": [4.5, -12, 10.5],
			"to": [4.5, -8, 12.5],
			"rotation": {"angle": 0, "axis": "y", "origin": [4.5, -10, 11.5]},
			"faces": {
				"north": {"uv": [3, 7.5, 3.5, 9.5], "texture": "#cross"},
				"east": {"uv": [3, 7.5, 3.5, 9.5], "texture": "#cross"},
				"south": {"uv": [3, 7.5, 3.5, 9.5], "texture": "#cross"},
				"west": {"uv": [3, 7.5, 3.5, 9.5], "texture": "#cross"},
				"up": {"uv": [3, 7.5, 3.5, 8], "rotation": 270, "texture": "#cross"},
				"down": {"uv": [1.5, 7.5, 2, 8], "rotation": 90, "texture": "#cross"}
			}
		},
		{
			"from": [8.5, -1, 3.5],
			"to": [10.5, -1, 5.5],
			"rotation": {"angle": 0, "axis": "y", "origin": [4.5, -5, 1.5]},
			"faces": {
				"up": {"uv": [0, 0.5, 1, 1.5], "texture": "#cross"},
				"down": {"uv": [0, 0.5, 1, 1.5], "texture": "#cross"}
			}
		},
		{
			"from": [7.5, -3.9, 3.15],
			"to": [11.5, 0.1, 3.15],
			"rotation": {"angle": 22.5, "axis": "x", "origin": [9.5, -1.9, 3.15]},
			"faces": {
				"north": {"uv": [14, 16, 16, 14], "rotation": 180, "texture": "#cross"},
				"south": {"uv": [14, 14, 16, 16], "texture": "#cross"}
			}
		},
		{
			"from": [7.5, -3.9, 5.85],
			"to": [11.5, 0.1, 5.85],
			"rotation": {"angle": -22.5, "axis": "x", "origin": [9.5, -1.9, 5.85]},
			"faces": {
				"north": {"uv": [14, 16, 16, 14], "rotation": 180, "texture": "#cross"},
				"south": {"uv": [14, 14, 16, 16], "texture": "#cross"}
			}
		},
		{
			"from": [8.1, -3.9, 2.55],
			"to": [8.1, 0.1, 6.55],
			"rotation": {"angle": -22.5, "axis": "z", "origin": [8.1, -1.9, 4.55]},
			"faces": {
				"east": {"uv": [14, 14, 16, 16], "texture": "#cross"},
				"west": {"uv": [14, 16, 16, 14], "rotation": 180, "texture": "#cross"}
			}
		},
		{
			"from": [10.9, -3.9, 2.45],
			"to": [10.9, 0.1, 6.45],
			"rotation": {"angle": 22.5, "axis": "z", "origin": [10.9, -1.9, 4.45]},
			"faces": {
				"east": {"uv": [14, 14, 16, 16], "texture": "#cross"},
				"west": {"uv": [14, 16, 16, 14], "rotation": 180, "texture": "#cross"}
			}
		},
		{
			"from": [8.5, -5, 4.5],
			"to": [10.5, -1, 4.5],
			"rotation": {"angle": 0, "axis": "y", "origin": [7.5, -3, 3.5]},
			"faces": {
				"north": {"uv": [3, 7.5, 3.5, 9.5], "texture": "#cross"},
				"east": {"uv": [3, 7.5, 3.5, 9.5], "texture": "#cross"},
				"south": {"uv": [3, 7.5, 3.5, 9.5], "texture": "#cross"},
				"west": {"uv": [3, 7.5, 3.5, 9.5], "texture": "#cross"},
				"up": {"uv": [3, 7.5, 3.5, 8], "texture": "#cross"},
				"down": {"uv": [1.5, 7.5, 2, 8], "texture": "#cross"}
			}
		},
		{
			"from": [9.5, -5, 3.5],
			"to": [9.5, -1, 5.5],
			"rotation": {"angle": 0, "axis": "y", "origin": [9.5, -3, 4.5]},
			"faces": {
				"north": {"uv": [3, 7.5, 3.5, 9.5], "texture": "#cross"},
				"east": {"uv": [3, 7.5, 3.5, 9.5], "texture": "#cross"},
				"south": {"uv": [3, 7.5, 3.5, 9.5], "texture": "#cross"},
				"west": {"uv": [3, 7.5, 3.5, 9.5], "texture": "#cross"},
				"up": {"uv": [3, 7.5, 3.5, 8], "rotation": 270, "texture": "#cross"},
				"down": {"uv": [1.5, 7.5, 2, 8], "rotation": 90, "texture": "#cross"}
			}
		},
		{
			"from": [11.5, 7, 12.5],
			"to": [13.5, 7, 14.5],
			"rotation": {"angle": 0, "axis": "y", "origin": [7.5, 3, 10.5]},
			"faces": {
				"up": {"uv": [0, 0.5, 1, 1.5], "texture": "#cross"},
				"down": {"uv": [0, 0.5, 1, 1.5], "texture": "#cross"}
			}
		},
		{
			"from": [10.5, 4.1, 12.15],
			"to": [14.5, 8.1, 12.15],
			"rotation": {"angle": 22.5, "axis": "x", "origin": [12.5, 6.1, 12.15]},
			"faces": {
				"north": {"uv": [14, 16, 16, 14], "rotation": 180, "texture": "#cross"},
				"south": {"uv": [14, 14, 16, 16], "texture": "#cross"}
			}
		},
		{
			"from": [10.5, 4.1, 14.85],
			"to": [14.5, 8.1, 14.85],
			"rotation": {"angle": -22.5, "axis": "x", "origin": [12.5, 6.1, 14.85]},
			"faces": {
				"north": {"uv": [14, 16, 16, 14], "rotation": 180, "texture": "#cross"},
				"south": {"uv": [14, 14, 16, 16], "texture": "#cross"}
			}
		},
		{
			"from": [11.1, 4.1, 11.55],
			"to": [11.1, 8.1, 15.55],
			"rotation": {"angle": -22.5, "axis": "z", "origin": [11.1, 6.1, 13.55]},
			"faces": {
				"east": {"uv": [14, 14, 16, 16], "texture": "#cross"},
				"west": {"uv": [14, 16, 16, 14], "rotation": 180, "texture": "#cross"}
			}
		},
		{
			"from": [13.9, 4.1, 11.45],
			"to": [13.9, 8.1, 15.45],
			"rotation": {"angle": 22.5, "axis": "z", "origin": [13.9, 6.1, 13.45]},
			"faces": {
				"east": {"uv": [14, 14, 16, 16], "texture": "#cross"},
				"west": {"uv": [14, 16, 16, 14], "rotation": 180, "texture": "#cross"}
			}
		},
		{
			"from": [11.5, 3, 13.5],
			"to": [13.5, 7, 13.5],
			"rotation": {"angle": 0, "axis": "y", "origin": [10.5, 5, 12.5]},
			"faces": {
				"north": {"uv": [3, 7.5, 3.5, 9.5], "texture": "#cross"},
				"east": {"uv": [3, 7.5, 3.5, 9.5], "texture": "#cross"},
				"south": {"uv": [3, 7.5, 3.5, 9.5], "texture": "#cross"},
				"west": {"uv": [3, 7.5, 3.5, 9.5], "texture": "#cross"},
				"up": {"uv": [3, 7.5, 3.5, 8], "texture": "#cross"},
				"down": {"uv": [1.5, 7.5, 2, 8], "texture": "#cross"}
			}
		},
		{
			"from": [12.5, 3, 12.5],
			"to": [12.5, 7, 14.5],
			"rotation": {"angle": 0, "axis": "y", "origin": [12.5, 5, 13.5]},
			"faces": {
				"north": {"uv": [3, 7.5, 3.5, 9.5], "texture": "#cross"},
				"east": {"uv": [3, 7.5, 3.5, 9.5], "texture": "#cross"},
				"south": {"uv": [3, 7.5, 3.5, 9.5], "texture": "#cross"},
				"west": {"uv": [3, 7.5, 3.5, 9.5], "texture": "#cross"},
				"up": {"uv": [3, 7.5, 3.5, 8], "rotation": 270, "texture": "#cross"},
				"down": {"uv": [1.5, 7.5, 2, 8], "rotation": 90, "texture": "#cross"}
			}
		}
	],
	"groups": [
		{
			"name": "group",
			"origin": [9.06421, 14.11421, 8],
			"color": 0,
			"children": []
		},
		0,
		1,
		2,
		3,
		4,
		5,
		6,
		{
			"name": "group",
			"origin": [4.5, -10, 11.5],
			"color": 0,
			"children": [7, 8, 9, 10, 11, 12, 13]
		},
		{
			"name": "group",
			"origin": [4.5, -10, 11.5],
			"color": 0,
			"children": [14, 15, 16, 17, 18, 19, 20]
		},
		{
			"name": "group",
			"origin": [4.5, -10, 11.5],
			"color": 0,
			"children": [21, 22, 23, 24, 25, 26, 27]
		}
	]
}