{
	"credit": "Made by YSBB with Blockbench",
	"ambientocclusion": false,
	"texture_size": [32, 32],
	"textures": {
		"1": "block/glow_lichen/glow_lichen",
		"particle": "block/glow_lichen/glow_lichen",
		"cross": "block/glow_lichen/glow_lichen2"
	},
	"elements": [
		{
			"from": [3, 0, 7.9],
			"to": [8, 13, 7.9],
			"shade": false,
			"rotation": {"angle": -45, "axis": "y", "origin": [6, 2.5, 7.9]},
			"faces": {
				"north": {"uv": [6, 9.5, 8.5, 16], "texture": "#cross"},
				"south": {"uv": [6, 9.5, 8.5, 16], "texture": "#cross"}
			}
		},
		{
			"from": [3, 0, 7.9],
			"to": [8, 13, 7.9],
			"shade": false,
			"rotation": {"angle": 45, "axis": "y", "origin": [6, 2.5, 7.9]},
			"faces": {
				"north": {"uv": [6, 9.5, 8.5, 16], "texture": "#cross"},
				"south": {"uv": [6, 9.5, 8.5, 16], "texture": "#cross"}
			}
		},
		{
			"from": [10, 0, 11.9],
			"to": [15, 13, 11.9],
			"shade": false,
			"rotation": {"angle": -45, "axis": "y", "origin": [13, 2.5, 11.9]},
			"faces": {
				"north": {"uv": [1.5, 9.5, 4, 16], "texture": "#cross"},
				"south": {"uv": [1.5, 9.5, 4, 16], "texture": "#cross"}
			}
		},
		{
			"from": [11, 7.4, 14.85],
			"to": [15, 11.4, 14.85],
			"shade": false,
			"rotation": {"angle": 45, "axis": "x", "origin": [12, 10.35, 14.85]},
			"faces": {
				"north": {"uv": [7.5, 0.5, 9.5, 2.5], "texture": "#cross"},
				"south": {"uv": [7.5, 0.5, 9.5, 2.5], "texture": "#cross"}
			}
		},
		{
			"from": [11, 7.4, 8.6],
			"to": [15, 11.4, 8.6],
			"shade": false,
			"rotation": {"angle": -45, "axis": "x", "origin": [13, 10.35, 8.6]},
			"faces": {
				"north": {"uv": [7.5, 0.5, 9.5, 2.5], "texture": "#cross"},
				"south": {"uv": [7.5, 0.5, 9.5, 2.5], "texture": "#cross"}
			}
		},
		{
			"from": [9.35, 8.25, 8.05711],
			"to": [16.35, 8.25, 15.05711],
			"shade": false,
			"rotation": {"angle": 0, "axis": "y", "origin": [12.35, 8.24289, 10.05711]},
			"faces": {
				"up": {"uv": [1.5, 5.5, 5.5, 9.5], "texture": "#cross"},
				"down": {"uv": [1.5, 5.5, 5.5, 9.5], "rotation": 180, "texture": "#cross"}
			}
		},
		{
			"from": [9.83579, 7.36421, 9.75],
			"to": [9.83579, 11.36421, 13.75],
			"shade": false,
			"rotation": {"angle": 45, "axis": "z", "origin": [9.83579, 10.36421, 11.75]},
			"faces": {
				"east": {"uv": [7.5, 0.5, 9.5, 2.5], "texture": "#cross"},
				"west": {"uv": [7.5, 0.5, 9.5, 2.5], "texture": "#cross"}
			}
		},
		{
			"from": [16.06421, 7.36421, 9.75],
			"to": [16.06421, 11.36421, 13.75],
			"shade": false,
			"rotation": {"angle": -45, "axis": "z", "origin": [16.06421, 10.36421, 11.75]},
			"faces": {
				"east": {"uv": [7.5, 0.5, 9.5, 2.5], "texture": "#cross"},
				"west": {"uv": [7.5, 0.5, 9.5, 2.5], "texture": "#cross"}
			}
		},
		{
			"from": [10, 0, 11.9],
			"to": [15, 13, 11.9],
			"shade": false,
			"rotation": {"angle": 45, "axis": "y", "origin": [13, 2.5, 11.9]},
			"faces": {
				"north": {"uv": [1.5, 9.5, 4, 16], "texture": "#cross"},
				"south": {"uv": [1.5, 9.5, 4, 16], "texture": "#cross"}
			}
		},
		{
			"from": [0, 0.25, 0],
			"to": [16, 0.25, 16],
			"rotation": {"angle": 0, "axis": "y", "origin": [8, 0.25, 3]},
			"faces": {
				"up": {"uv": [0, 0, 16, 16], "texture": "#1"},
				"down": {"uv": [0, 0, 16, 16], "texture": "#1", "cullface": "down"}
			}
		},
		{
			"from": [4, 12.15, 11.1],
			"to": [8, 16.15, 11.1],
			"shade": false,
			"rotation": {"angle": 45, "axis": "x", "origin": [5, 15.1, 11.1]},
			"faces": {
				"north": {"uv": [7.5, 0.5, 9.5, 2.5], "texture": "#cross"},
				"south": {"uv": [7.5, 0.5, 9.5, 2.5], "texture": "#cross"}
			}
		},
		{
			"from": [4, 12.15, 4.85],
			"to": [8, 16.15, 4.85],
			"shade": false,
			"rotation": {"angle": -45, "axis": "x", "origin": [6, 15.1, 4.85]},
			"faces": {
				"north": {"uv": [7.5, 0.5, 9.5, 2.5], "texture": "#cross"},
				"south": {"uv": [7.5, 0.5, 9.5, 2.5], "texture": "#cross"}
			}
		},
		{
			"from": [2.35, 13, 4.30711],
			"to": [9.35, 13, 11.30711],
			"shade": false,
			"rotation": {"angle": 0, "axis": "y", "origin": [5.35, 12.99289, 6.30711]},
			"faces": {
				"up": {"uv": [1.5, 5.5, 5.5, 9.5], "texture": "#cross"},
				"down": {"uv": [1.5, 5.5, 5.5, 9.5], "rotation": 180, "texture": "#cross"}
			}
		},
		{
			"from": [2.83579, 12.11421, 6],
			"to": [2.83579, 16.11421, 10],
			"shade": false,
			"rotation": {"angle": 45, "axis": "z", "origin": [2.83579, 15.11421, 8]},
			"faces": {
				"east": {"uv": [7.5, 0.5, 9.5, 2.5], "texture": "#cross"},
				"west": {"uv": [7.5, 0.5, 9.5, 2.5], "texture": "#cross"}
			}
		},
		{
			"from": [9.06421, 12.11421, 6],
			"to": [9.06421, 16.11421, 10],
			"shade": false,
			"rotation": {"angle": -45, "axis": "z", "origin": [9.06421, 15.11421, 8]},
			"faces": {
				"east": {"uv": [7.5, 0.5, 9.5, 2.5], "texture": "#cross"},
				"west": {"uv": [7.5, 0.5, 9.5, 2.5], "texture": "#cross"}
			}
		}
	],
	"groups": [
		0,
		1,
		2,
		{
			"name": "group",
			"origin": [9.06421, 14.11421, 8],
			"color": 0,
			"children": [3, 4, 5, 6, 7]
		},
		8,
		9,
		{
			"name": "group",
			"origin": [9.06421, 14.11421, 8],
			"color": 0,
			"children": [10, 11, 12, 13, 14]
		}
	]
}