{
	"credit": "Made by YSBB with Blockbench",
	"ambientocclusion": false,
	"texture_size": [32, 32],
	"textures": {
		"1": "block/glow_lichen/glow_lichen",
		"cross": "block/glow_lichen/glow_lichen2",
		"particle": "block/glow_lichen/glow_lichen"
	},
	"elements": [
		{
			"from": [6, 9.15, 11.1],
			"to": [10, 13.15, 11.1],
			"shade": false,
			"rotation": {"angle": 45, "axis": "x", "origin": [7, 12.1, 11.1]},
			"faces": {
				"north": {"uv": [7.5, 0.5, 9.5, 2.5], "texture": "#cross"},
				"south": {"uv": [7.5, 0.5, 9.5, 2.5], "texture": "#cross"}
			}
		},
		{
			"from": [6, 9.15, 4.85],
			"to": [10, 13.15, 4.85],
			"shade": false,
			"rotation": {"angle": -45, "axis": "x", "origin": [8, 12.1, 4.85]},
			"faces": {
				"north": {"uv": [7.5, 0.5, 9.5, 2.5], "texture": "#cross"},
				"south": {"uv": [7.5, 0.5, 9.5, 2.5], "texture": "#cross"}
			}
		},
		{
			"from": [4.35, 10, 4.30711],
			"to": [11.35, 10, 11.30711],
			"shade": false,
			"rotation": {"angle": 0, "axis": "y", "origin": [7.35, 9.99289, 6.30711]},
			"faces": {
				"up": {"uv": [1.5, 5.5, 5.5, 9.5], "texture": "#cross"},
				"down": {"uv": [1.5, 5.5, 5.5, 9.5], "rotation": 180, "texture": "#cross"}
			}
		},
		{
			"from": [4.83579, 9.11421, 6],
			"to": [4.83579, 13.11421, 10],
			"shade": false,
			"rotation": {"angle": 45, "axis": "z", "origin": [4.83579, 12.11421, 8]},
			"faces": {
				"east": {"uv": [7.5, 0.5, 9.5, 2.5], "texture": "#cross"},
				"west": {"uv": [7.5, 0.5, 9.5, 2.5], "texture": "#cross"}
			}
		},
		{
			"from": [11.06421, 9.11421, 6],
			"to": [11.06421, 13.11421, 10],
			"shade": false,
			"rotation": {"angle": -45, "axis": "z", "origin": [11.06421, 12.11421, 8]},
			"faces": {
				"east": {"uv": [7.5, 0.5, 9.5, 2.5], "texture": "#cross"},
				"west": {"uv": [7.5, 0.5, 9.5, 2.5], "texture": "#cross"}
			}
		},
		{
			"from": [5, 0, 7.9],
			"to": [10, 10, 7.9],
			"shade": false,
			"rotation": {"angle": -45, "axis": "y", "origin": [8, 2.5, 7.9]},
			"faces": {
				"north": {"uv": [6, 11, 8.5, 16], "texture": "#cross"},
				"south": {"uv": [6, 11, 8.5, 16], "texture": "#cross"}
			}
		},
		{
			"from": [5, 0, 7.9],
			"to": [10, 10, 7.9],
			"shade": false,
			"rotation": {"angle": 45, "axis": "y", "origin": [8, 2.5, 7.9]},
			"faces": {
				"north": {"uv": [6, 11, 8.5, 16], "texture": "#cross"},
				"south": {"uv": [6, 11, 8.5, 16], "texture": "#cross"}
			}
		},
		{
			"from": [0, 0.25, 0],
			"to": [16, 0.25, 16],
			"rotation": {"angle": 0, "axis": "y", "origin": [8, 0.25, 3]},
			"faces": {
				"up": {"uv": [0, 0, 16, 16], "texture": "#1"},
				"down": {"uv": [0, 0, 16, 16], "texture": "#1", "cullface": "down"}
			}
		}
	],
	"groups": [
		{
			"name": "group",
			"origin": [9.06421, 14.11421, 8],
			"color": 0,
			"children": [0, 1, 2, 3, 4]
		},
		5,
		6,
		7
	]
}