{
	"credit": "Made by YSBB with Blockbench",
	"ambientocclusion": false,
	"texture_size": [32, 32],
	"textures": {
		"1": "block/glow_lichen/glow_lichen",
		"cross": "block/glow_lichen/glow_lichen2",
		"particle": "block/glow_lichen/glow_lichen"
	},
	"elements": [
		{
			"from": [3.1, 8, 0.85],
			"to": [7.1, 10, 0.85],
			"shade": false,
			"rotation": {"angle": 22.5, "axis": "x", "origin": [5.1, 9, 0.85]},
			"faces": {
				"south": {"uv": [14, 0, 12, 1], "texture": "#cross"}
			}
		},
		{
			"from": [3.1, 6.15148, 0.85],
			"to": [7.1, 8.15148, 0.85],
			"shade": false,
			"rotation": {"angle": -22.5, "axis": "x", "origin": [5.1, 7.15148, 0.85]},
			"faces": {
				"south": {"uv": [12, 2, 14, 1], "rotation": 180, "texture": "#cross"}
			}
		},
		{
			"from": [9.1, 2.15148, 0.85],
			"to": [13.1, 4.15148, 0.85],
			"shade": false,
			"rotation": {"angle": -22.5, "axis": "x", "origin": [11.1, 3.15148, 0.85]},
			"faces": {
				"south": {"uv": [3, 2.5, 5, 1.5], "rotation": 180, "texture": "#cross"}
			}
		},
		{
			"from": [9.1, 4, 0.85],
			"to": [13.1, 6, 0.85],
			"shade": false,
			"rotation": {"angle": 22.5, "axis": "x", "origin": [11.1, 5, 0.85]},
			"faces": {
				"south": {"uv": [5, 0.5, 3, 1.5], "texture": "#cross"}
			}
		},
		{
			"from": [0, 0, 0.25],
			"to": [16, 16, 0.25],
			"rotation": {"angle": 0, "axis": "x", "origin": [8, 8, 0]},
			"faces": {
				"north": {"uv": [0, 0, 16, 16], "rotation": 180, "texture": "#1", "cullface": "north"},
				"south": {"uv": [0, 0, 16, 16], "texture": "#1"}
			}
		}
	],
	"groups": [
		{
			"name": "group",
			"origin": [9.06421, 14.11421, 8],
			"color": 0,
			"children": [0, 1, 2, 3]
		},
		4
	]
}