{
	"credit": "Made by YSBB with Blockbench",
	"parent": "minecraft:block/orientable",
	"textures": {
		"7": "block/dropper/dropper1",
		"particle": "block/dropper/dropper_front"
	},
	"elements": [
		{
			"from": [0, 0, 0],
			"to": [16, 16, 16],
			"faces": {
				"north": {"uv": [0, 0, 4, 4], "texture": "#7", "cullface": "north"},
				"east": {"uv": [4, 0, 8, 4], "texture": "#7", "cullface": "east"},
				"south": {"uv": [12, 0, 16, 4], "texture": "#7", "cullface": "south"},
				"west": {"uv": [8, 0, 12, 4], "texture": "#7", "cullface": "west"},
				"up": {"uv": [4, 8, 8, 12], "texture": "#7", "cullface": "up"},
				"down": {"uv": [8, 8, 12, 12], "texture": "#7", "cullface": "down"}
			}
		}
	]
}