{
	"credit": "Made with Blockbench",
	"ambientocclusion": false,
	"textures": {
		"2": "block/ladder",
		"particle": "block/ladder"
	},
	"elements": [
		{
			"from": [1, 1, 13.5],
			"to": [15, 3, 14.75],
			"faces": {
				"north": {"uv": [1, 1, 15, 3], "texture": "#2"},
				"east": {"uv": [13, 1, 14, 3], "texture": "#2"},
				"south": {"uv": [1, 1, 15, 3], "texture": "#2"},
				"west": {"uv": [13, 1, 14, 3], "texture": "#2"},
				"up": {"uv": [1, 1, 15, 3], "texture": "#2"},
				"down": {"uv": [1, 1, 15, 3], "texture": "#2"}
			}
		},
		{
			"from": [1, 5, 13.5],
			"to": [15, 7, 14.75],
			"faces": {
				"north": {"uv": [1, 5, 15, 7], "texture": "#2"},
				"east": {"uv": [13, 5, 14, 7], "texture": "#2"},
				"south": {"uv": [1, 5, 15, 7], "texture": "#2"},
				"west": {"uv": [13, 5, 14, 7], "texture": "#2"},
				"up": {"uv": [1, 5, 15, 7], "texture": "#2"},
				"down": {"uv": [1, 5, 15, 7], "texture": "#2"}
			}
		},
		{
			"from": [1, 9, 13.5],
			"to": [15, 11, 14.75],
			"faces": {
				"north": {"uv": [1, 9, 15, 11], "texture": "#2"},
				"east": {"uv": [13, 9, 14, 11], "texture": "#2"},
				"south": {"uv": [1, 9, 15, 11], "texture": "#2"},
				"west": {"uv": [13, 9, 14, 11], "texture": "#2"},
				"up": {"uv": [1, 9, 15, 11], "texture": "#2"},
				"down": {"uv": [1, 9, 15, 11], "texture": "#2"}
			}
		},
		{
			"from": [1, 13, 13.5],
			"to": [15, 15, 14.75],
			"faces": {
				"north": {"uv": [1, 13, 15, 15], "texture": "#2"},
				"east": {"uv": [13, 13, 14, 15], "texture": "#2"},
				"south": {"uv": [1, 13, 15, 15], "texture": "#2"},
				"west": {"uv": [13, 13, 14, 15], "texture": "#2"},
				"up": {"uv": [1, 13, 15, 15], "texture": "#2"},
				"down": {"uv": [1, 13, 15, 15], "texture": "#2"}
			}
		},
		{
			"from": [2, 0, 14.75],
			"to": [4, 16, 16],
			"faces": {
				"north": {"uv": [12, 0, 14, 16], "texture": "#2"},
				"east": {"uv": [13, 0, 14, 16], "texture": "#2"},
				"south": {"uv": [12, 0, 14, 16], "texture": "#2", "cullface": "south"},
				"west": {"uv": [13, 0, 14, 16], "texture": "#2"},
				"up": {"uv": [12, 15, 14, 16], "texture": "#2", "cullface": "down"},
				"down": {"uv": [12, 0, 14, 1], "texture": "#2", "cullface": "down"}
			}
		},
		{
			"from": [12, 0, 14.75],
			"to": [14, 16, 16],
			"faces": {
				"north": {"uv": [2, 0, 4, 16], "texture": "#2"},
				"east": {"uv": [3, 0, 4, 16], "texture": "#2"},
				"south": {"uv": [2, 0, 4, 16], "texture": "#2", "cullface": "south"},
				"west": {"uv": [3, 0, 4, 16], "texture": "#2"},
				"up": {"uv": [2, 15, 4, 16], "texture": "#2", "cullface": "up"},
				"down": {"uv": [2, 0, 4, 1], "texture": "#2", "cullface": "down"}
			}
		}
	]
}