{
	"credit": "Made by YSBB with Blockbench",
	"parent": "minecraft:block/carpet",
	"textures": {
		"2": "block/moss_block",
		"particle": "block/moss_block",
		"wool": "block/moss/moss_block2"
	},
	"elements": [
		{
			"from": [-0.01, 0, -0.01],
			"to": [16.01, 1, 16.01],
			"faces": {
				"north": {"uv": [0, 0, 16, 1], "texture": "#2", "cullface": "north"},
				"east": {"uv": [0, 0, 16, 1], "texture": "#2", "cullface": "east"},
				"south": {"uv": [0, 0, 16, 1], "texture": "#2", "cullface": "south"},
				"west": {"uv": [0, 0, 16, 1], "texture": "#2", "cullface": "west"},
				"up": {"uv": [0, 0, 16, 16], "texture": "#2"},
				"down": {"uv": [0, 0, 16, 16], "texture": "#2", "cullface": "down"}
			}
		},
		{
			"from": [-0.01, -3, -0.01],
			"to": [16.01, 0, 16.01],
			"faces": {
				"north": {"uv": [0, 11, 16, 14], "texture": "#wool"},
				"east": {"uv": [0, 11, 16, 14], "texture": "#wool", "cullface": "east"},
				"south": {"uv": [0, 11, 16, 14], "texture": "#wool"},
				"west": {"uv": [0, 14, 16, 11], "texture": "#wool", "cullface": "west"}
			}
		},
		{
			"from": [-0.01, -4, 7],
			"to": [16.01, -3, 9],
			"faces": {
				"east": {"uv": [7, 14, 9, 15], "texture": "#wool", "cullface": "east"},
				"west": {"uv": [7, 15, 9, 14], "texture": "#wool", "cullface": "west"}
			}
		},
		{
			"from": [-0.01, -4, 1],
			"to": [16.01, -3, 5],
			"rotation": {"angle": 0, "axis": "y", "origin": [0, 1, 0]},
			"faces": {
				"east": {"uv": [1, 14, 5, 15], "texture": "#wool", "cullface": "east"},
				"west": {"uv": [1, 15, 5, 14], "texture": "#wool", "cullface": "west"}
			}
		},
		{
			"from": [-0.01, -4, 12],
			"to": [16.01, -3, 15],
			"rotation": {"angle": 0, "axis": "y", "origin": [0, 1, 0]},
			"faces": {
				"east": {"uv": [12, 14, 15, 15], "texture": "#wool", "cullface": "east"},
				"west": {"uv": [12, 15, 15, 14], "texture": "#wool", "cullface": "west"}
			}
		},
		{
			"from": [7, -4, -0.01],
			"to": [9, -3, 16.01],
			"rotation": {"angle": 0, "axis": "y", "origin": [7.99, -2.5, 9.25]},
			"faces": {
				"north": {"uv": [7, 14, 9, 15], "texture": "#wool", "cullface": "north"},
				"south": {"uv": [7, 15, 9, 14], "texture": "#wool", "cullface": "south"}
			}
		},
		{
			"from": [1, -4, -0.01],
			"to": [4, -3, 16.01],
			"rotation": {"angle": 0, "axis": "y", "origin": [7.99, -2.5, 9.25]},
			"faces": {
				"north": {"uv": [12, 14, 15, 15], "texture": "#wool", "cullface": "north"},
				"south": {"uv": [12, 15, 15, 14], "texture": "#wool", "cullface": "south"}
			}
		},
		{
			"from": [11, -4, -0.01],
			"to": [15, -3, 16.01],
			"rotation": {"angle": 0, "axis": "y", "origin": [17.99, -1.5, 9.25]},
			"faces": {
				"north": {"uv": [1, 14, 5, 15], "texture": "#wool", "cullface": "north"},
				"south": {"uv": [1, 15, 5, 14], "texture": "#wool", "cullface": "south"}
			}
		}
	],
	"groups": [
		0,
		{
			"name": "group",
			"origin": [0, 0, 0],
			"color": 0,
			"children": [1, 2, 3, 4]
		},
		{
			"name": "group",
			"origin": [0, 0, 0],
			"color": 0,
			"children": [5, 6, 7]
		}
	]
}