{
	"credit": "by YSBB  2025",
	"texture_size": [64, 64],
	"textures": {
		"1": "item/carved_pumpkin/1",
		"particle": "item/carved_pumpkin/1"
	},
	"elements": [
		{
			"name": "head",
			"from": [3.75, 4.22332, -2.25259],
			"to": [11.75, 9.22332, 2.74741],
			"rotation": {"angle": 22.5, "axis": "x", "origin": [7.75, 7.72332, 0.99741]},
			"faces": {
				"north": {"uv": [8, 10.75, 10, 12], "texture": "#1"},
				"east": {"uv": [6.75, 10.75, 8, 12], "texture": "#1"},
				"west": {"uv": [10, 10.75, 11.25, 12], "texture": "#1"},
				"up": {"uv": [10, 10.75, 8, 9.5], "texture": "#1"},
				"down": {"uv": [12, 9.5, 10, 10.75], "texture": "#1"}
			}
		},
		{
			"name": "body",
			"from": [3.75, -0.75, 3.25],
			"to": [11.75, 4.25, 13.25],
			"rotation": {"angle": 22.5, "axis": "x", "origin": [7.5, 6.5, 13.75]},
			"faces": {
				"east": {"uv": [6.75, 14.5, 9.25, 15.75], "texture": "#1"},
				"south": {"uv": [13.75, 14.5, 15.75, 15.75], "texture": "#1"},
				"west": {"uv": [11.25, 14.5, 13.75, 15.75], "texture": "#1"},
				"up": {"uv": [11.25, 14.5, 9.25, 12], "texture": "#1"},
				"down": {"uv": [13.25, 12, 11.25, 14.5], "texture": "#1"}
			}
		},
		{
			"name": "leg4",
			"from": [3.5, 0.5, -1],
			"to": [6.5, 5.5, -1],
			"rotation": {"angle": 22.5, "axis": "x", "origin": [5, 3, -2]},
			"faces": {
				"north": {"uv": [7.25, 12.5, 8, 13.75], "texture": "#1"},
				"south": {"uv": [8, 12.5, 8.75, 13.75], "texture": "#1"}
			}
		},
		{
			"name": "leg5",
			"from": [9.5, 0.5, -1],
			"to": [12.5, 5.5, -1],
			"rotation": {"angle": 22.5, "axis": "x", "origin": [11, 3, -2]},
			"faces": {
				"north": {"uv": [7.25, 12.5, 8, 13.75], "texture": "#1"},
				"south": {"uv": [8, 12.5, 8.75, 13.75], "texture": "#1"}
			}
		},
		{
			"name": "leg2",
			"from": [4.25, 0.25, 10.75],
			"to": [7.25, 0.25, 15.75],
			"rotation": {"angle": 45, "axis": "x", "origin": [5.75, 1, 13.25]},
			"faces": {
				"up": {"uv": [8, 12.5, 8.75, 13.75], "texture": "#1"},
				"down": {"uv": [7.25, 12.5, 8, 13.75], "rotation": 180, "texture": "#1"}
			}
		},
		{
			"name": "leg3",
			"from": [8.75, 0.25, 10.75],
			"to": [11.75, 0.25, 15.75],
			"rotation": {"angle": 45, "axis": "x", "origin": [10.25, 1, 13.25]},
			"faces": {
				"up": {"uv": [8, 12.5, 8.75, 13.75], "texture": "#1"},
				"down": {"uv": [7.25, 12.5, 8, 13.75], "rotation": 180, "texture": "#1"}
			}
		},
		{
			"name": "tail",
			"from": [7.75, 1.8, 9],
			"to": [7.75, 10.8, 13],
			"rotation": {"angle": 22.5, "axis": "x", "origin": [8, 6.31457, 12.96949]},
			"faces": {
				"east": {"uv": [12, 2.5, 15, 3.75], "rotation": 90, "texture": "#1"},
				"west": {"uv": [15, 2.5, 12, 3.75], "rotation": 270, "texture": "#1"}
			}
		},
		{
			"from": [1.75, 4.22332, 1.74741],
			"to": [13.75, 13.22332, 1.74741],
			"rotation": {"angle": 22.5, "axis": "x", "origin": [7.75, 7.72332, 0.99741]},
			"faces": {
				"north": {"uv": [11.75, 4, 14.75, 6.25], "texture": "#1"},
				"south": {"uv": [11.75, 4, 14.75, 6.25], "texture": "#1"}
			}
		}
	],
	"display": {
		"thirdperson_righthand": {
			"rotation": [75, 45, 0],
			"translation": [0, -2, 1],
			"scale": [0.6, 0.6, 0.6]
		},
		"thirdperson_lefthand": {
			"rotation": [75, 45, 0],
			"translation": [0, -2, 1],
			"scale": [0.6, 0.6, 0.6]
		},
		"firstperson_righthand": {
			"rotation": [0, -90, 25],
			"translation": [1.13, 7, 1.13],
			"scale": [0.68, 0.68, 0.68]
		},
		"firstperson_lefthand": {
			"rotation": [0, -90, 25],
			"translation": [1.13, 7, 1.13],
			"scale": [0.68, 0.68, 0.68]
		},
		"ground": {
			"translation": [0, 5, 0]
		},
		"gui": {
			"rotation": [30, 225, 0],
			"translation": [-1.25, 1.5, 0],
			"scale": [0.8, 0.8, 0.8]
		},
		"head": {
			"rotation": [-22, 0, 0],
			"translation": [0, 12.25, -1.5]
		},
		"fixed": {
			"rotation": [-72, 180, 0],
			"translation": [0, 4.25, -11.25],
			"scale": [1.8, 1.8, 1.8]
		}
	},
	"groups": [
		{
			"name": "head",
			"origin": [8, 6, 3],
			"color": 0,
			"children": [0]
		},
		{
			"name": "top_gills",
			"origin": [8, 9, 2],
			"color": 0,
			"children": []
		},
		{
			"name": "left_gills",
			"origin": [12, 6, 2],
			"color": 0,
			"children": []
		},
		{
			"name": "right_gills",
			"origin": [4, 6, 2],
			"color": 0,
			"children": []
		},
		{
			"name": "body",
			"origin": [8, 6, 12],
			"color": 0,
			"children": [1]
		},
		{
			"name": "leg4",
			"origin": [4.5, 5, 4],
			"color": 0,
			"children": []
		},
		{
			"name": "leg2",
			"origin": [4.5, 5, 11],
			"color": 0,
			"children": []
		},
		{
			"name": "leg3",
			"origin": [11.5, 5, 4],
			"color": 0,
			"children": [2, 3]
		},
		{
			"name": "leg1",
			"origin": [11.5, 5, 11],
			"color": 0,
			"children": [4, 5]
		},
		{
			"name": "tail",
			"origin": [8, 6, 13],
			"color": 0,
			"children": [6]
		},
		7
	]
}