{
	"credit": "by YSBB  2025",
	"texture_size": [32, 32],
	"textures": {
		"0": "item/carved_pumpkin/10",
		"particle": "item/carved_pumpkin/10"
	},
	"elements": [
		{
			"from": [-3.5, 0, -3.5],
			"to": [19.5, 0, 19.5],
			"faces": {
				"north": {"uv": [0, 0, 9, 0], "texture": "#0"},
				"east": {"uv": [0, 0, 9, 0], "texture": "#0"},
				"south": {"uv": [0, 0, 9, 0], "texture": "#0"},
				"west": {"uv": [0, 0, 9, 0], "texture": "#0"},
				"up": {"uv": [4.5, 4.5, 16, 16], "texture": "#0"},
				"down": {"uv": [4.5, 4.5, 16, 16], "texture": "#0"}
			}
		},
		{
			"from": [-3.5, -0.1, -3.5],
			"to": [19.5, -0.1, 19.5],
			"faces": {
				"north": {"uv": [0, 0, 9, 0], "texture": "#0"},
				"east": {"uv": [0, 0, 9, 0], "texture": "#0"},
				"south": {"uv": [0, 0, 9, 0], "texture": "#0"},
				"west": {"uv": [0, 0, 9, 0], "texture": "#0"},
				"up": {"uv": [4.5, 4.5, 16, 16], "texture": "#0"},
				"down": {"uv": [4.5, 4.5, 16, 16], "texture": "#0"}
			}
		},
		{
			"from": [-3.5, -0.2, -3.5],
			"to": [19.5, -0.2, 19.5],
			"faces": {
				"north": {"uv": [0, 0, 9, 0], "texture": "#0"},
				"east": {"uv": [0, 0, 9, 0], "texture": "#0"},
				"south": {"uv": [0, 0, 9, 0], "texture": "#0"},
				"west": {"uv": [0, 0, 9, 0], "texture": "#0"},
				"up": {"uv": [4.5, 4.5, 16, 16], "texture": "#0"},
				"down": {"uv": [4.5, 4.5, 16, 16], "texture": "#0"}
			}
		},
		{
			"from": [-3.5, -0.3, -3.5],
			"to": [19.5, -0.3, 19.5],
			"faces": {
				"north": {"uv": [0, 0, 9, 0], "texture": "#0"},
				"east": {"uv": [0, 0, 9, 0], "texture": "#0"},
				"south": {"uv": [0, 0, 9, 0], "texture": "#0"},
				"west": {"uv": [0, 0, 9, 0], "texture": "#0"},
				"up": {"uv": [4.5, 4.5, 16, 16], "texture": "#0"},
				"down": {"uv": [4.5, 4.5, 16, 16], "texture": "#0"}
			}
		},
		{
			"from": [1.9, 0, 1.9],
			"to": [14.1, 1, 14.1],
			"faces": {
				"north": {"uv": [9, 0, 16, 0.5], "texture": "#0"},
				"east": {"uv": [9, 0, 16, 0.5], "texture": "#0"},
				"south": {"uv": [9, 0, 16, 0.5], "texture": "#0"},
				"west": {"uv": [9, 0, 16, 0.5], "texture": "#0"}
			}
		},
		{
			"from": [2, 0, 2],
			"to": [14, 5, 14],
			"faces": {
				"north": {"uv": [0, 0, 6, 2.5], "texture": "#0"},
				"east": {"uv": [0, 0, 6, 2.5], "texture": "#0"},
				"south": {"uv": [0, 0, 6, 2.5], "texture": "#0"},
				"west": {"uv": [0, 0, 6, 2], "texture": "#0"},
				"up": {"uv": [8, 8, 12.5, 12.5], "texture": "#0"},
				"down": {"uv": [0, 0, 6, 6], "texture": "#0"}
			}
		},
		{
			"from": [3.75, 2.89001, 5.3303],
			"to": [12.25, 8.89001, 13.8303],
			"rotation": {"angle": 22.5, "axis": "x", "origin": [8, 6.39001, 9.5803]},
			"faces": {
				"north": {"uv": [0, 2.5, 3, 6.75], "rotation": 90, "texture": "#0"},
				"east": {"uv": [0.5, 6.75, 3.5, 2.5], "rotation": 90, "texture": "#0"},
				"south": {"uv": [0, 5.5, 3, 9.75], "rotation": 90, "texture": "#0"},
				"west": {"uv": [0, 2, 3, 6.25], "rotation": 90, "texture": "#0"},
				"up": {"uv": [8, 8, 12.5, 12.5], "texture": "#0"},
				"down": {"uv": [0, 0, 5, 5], "texture": "#0"}
			}
		},
		{
			"from": [5, 6, 9.5],
			"to": [11, 12, 15],
			"rotation": {"angle": 45, "axis": "x", "origin": [8, 9.5, 12.5]},
			"faces": {
				"north": {"uv": [0, 3.5, 3, 6.5], "texture": "#0"},
				"east": {"uv": [0.5, 7.5, 3, 10.5], "texture": "#0"},
				"south": {"uv": [0, 4, 3, 7], "texture": "#0"},
				"west": {"uv": [0, 7, 2.5, 10], "texture": "#0"},
				"up": {"uv": [0.5, 1.5, 3.5, 4], "texture": "#0"},
				"down": {"uv": [0, 0, 3, 2.5], "texture": "#0"}
			}
		},
		{
			"from": [6.5, 9, 13],
			"to": [9.5, 11, 18],
			"rotation": {"angle": 0, "axis": "y", "origin": [8, 10.5, 15.5]},
			"faces": {
				"north": {"uv": [0, 6.5, 1.5, 7.5], "texture": "#0"},
				"east": {"uv": [0, 6.5, 2.5, 7.5], "texture": "#0"},
				"south": {"uv": [0, 6.5, 1.5, 7.5], "texture": "#0"},
				"west": {"uv": [0, 6.5, 2.5, 7.5], "texture": "#0"},
				"up": {"uv": [0, 6.5, 1.5, 9], "texture": "#0"},
				"down": {"uv": [0, 6.5, 1.5, 9], "texture": "#0"}
			}
		},
		{
			"from": [6, 6, 18.3],
			"to": [10, 10, 18.3],
			"rotation": {"angle": 0, "axis": "y", "origin": [6, 6, 16.3]},
			"faces": {
				"north": {"uv": [14, 1.5, 16, 3.5], "texture": "#0"},
				"east": {"uv": [0, 0, 0, 2], "texture": "#0"},
				"south": {"uv": [14, 1.5, 16, 3.5], "texture": "#0"},
				"west": {"uv": [0, 0, 0, 2], "texture": "#0"},
				"up": {"uv": [0, 0, 2, 0], "texture": "#0"},
				"down": {"uv": [0, 0, 2, 0], "texture": "#0"}
			}
		},
		{
			"from": [0, -5, 0],
			"to": [15, 0, 16],
			"rotation": {"angle": 45, "axis": "y", "origin": [7.5, -2.5, 8]},
			"faces": {
				"south": {"uv": [8.5, 1, 16, 3.5], "texture": "#0"},
				"west": {"uv": [8, 1, 16, 3.5], "texture": "#0"}
			}
		},
		{
			"from": [11.25, -5, 10.5],
			"to": [-3.75, 0, 26.5],
			"rotation": {"angle": -45, "axis": "y", "origin": [18.75, -2.5, 18.5]},
			"faces": {
				"south": {"uv": [8.5, 1, 16, 3.5], "texture": "#0"},
				"west": {"uv": [8, 1, 16, 3.5], "texture": "#0"}
			}
		}
	],
	"gui_light": "front",
	"display": {
		"thirdperson_righthand": {
			"rotation": [75, 45, 0],
			"translation": [0, 2.5, 0],
			"scale": [0.5, 0.5, 0.5]
		},
		"thirdperson_lefthand": {
			"rotation": [75, 45, 0],
			"translation": [0, 2.5, 0],
			"scale": [0.5, 0.5, 0.5]
		},
		"firstperson_righthand": {
			"rotation": [0, -90, 25],
			"translation": [1.13, 3.2, 1.13],
			"scale": [0.35, 0.35, 0.35]
		},
		"firstperson_lefthand": {
			"rotation": [0, -90, 25],
			"translation": [1.13, 3.2, 1.13],
			"scale": [0.35, 0.35, 0.35]
		},
		"ground": {
			"translation": [0, 2, 0],
			"scale": [0.5, 0.5, 0.5]
		},
		"gui": {
			"rotation": [30, 225, 0],
			"translation": [0, 2.75, 0],
			"scale": [0.7, 0.7, 0.7]
		},
		"head": {
			"rotation": [8, 0, 0],
			"translation": [0.25, 12.75, 1.75],
			"scale": [1.37, 1.37, 1.37]
		},
		"fixed": {
			"rotation": [-90, 0, 0],
			"translation": [0, 0, -13.75],
			"scale": [1.8, 1.8, 1.8]
		}
	}
}