{
	"credit": "by YSBB  2025",
	"texture_size": [64, 64],
	"textures": {
		"0": "item/carved_pumpkin/6"
	},
	"elements": [
		{
			"from": [1.5, 0, 0.8],
			"to": [14.5, 9, 13.8],
			"rotation": {"angle": 0, "axis": "y", "origin": [8, 4, 7.3]},
			"faces": {
				"north": {"uv": [9.5, 0, 12.75, 2.25], "texture": "#0"},
				"east": {"uv": [9.5, 0, 12.75, 2.25], "texture": "#0"},
				"south": {"uv": [12, 2.75, 15.25, 5], "texture": "#0"},
				"west": {"uv": [9.5, 0, 12.75, 2.25], "texture": "#0"},
				"up": {"uv": [6, 2.5, 9.25, 5.75], "texture": "#0"}
			}
		},
		{
			"from": [0, 0, -0.2],
			"to": [16, 1, 14.8],
			"rotation": {"angle": 0, "axis": "y", "origin": [8, 4, 7.3]},
			"faces": {
				"north": {"uv": [9.5, 2, 13.25, 2.25], "texture": "#0"},
				"east": {"uv": [9.5, 2.25, 13.25, 2.5], "texture": "#0"},
				"south": {"uv": [9.5, 2, 13.25, 2.25], "texture": "#0"},
				"west": {"uv": [9.5, 2.25, 13.25, 2.5], "texture": "#0"},
				"up": {"uv": [5.75, 6.75, 9.75, 10.5], "texture": "#0"},
				"down": {"uv": [6, 2.5, 9.25, 5.75], "texture": "#0"}
			}
		},
		{
			"from": [15.5, 1, 2],
			"to": [15.5, 11, 8],
			"rotation": {"angle": -22.5, "axis": "y", "origin": [15, 6, 5]},
			"faces": {
				"north": {"uv": [0, 0, 0, 2.5], "texture": "#0"},
				"east": {"uv": [14.5, 0, 16, 2.5], "texture": "#0"},
				"south": {"uv": [0, 0, 0, 2.5], "texture": "#0"},
				"west": {"uv": [16, 0, 14.5, 2.5], "texture": "#0"},
				"up": {"uv": [0, 0, 0, 1.5], "texture": "#0"},
				"down": {"uv": [0, 0, 0, 1.5], "texture": "#0"}
			}
		},
		{
			"from": [-1.82821, 0.36365, 0.8],
			"to": [0.17179, 1.36365, 12.8],
			"rotation": {"angle": -22.5, "axis": "z", "origin": [-0.82821, 0.61365, 6.8]},
			"faces": {
				"north": {"uv": [9.5, 2.5, 10, 2.75], "texture": "#0"},
				"east": {"uv": [9.5, 2.5, 9.75, 5.5], "rotation": 90, "texture": "#0"},
				"south": {"uv": [9.5, 2.5, 10, 2.75], "texture": "#0"},
				"west": {"uv": [9.75, 2.5, 10, 5.5], "rotation": 90, "texture": "#0"},
				"up": {"uv": [9.5, 2.5, 10, 5.5], "texture": "#0"},
				"down": {"uv": [10, 2.5, 9.5, 5.5], "texture": "#0"}
			}
		},
		{
			"from": [15.73254, 0.34462, 0.8],
			"to": [17.73254, 1.34462, 12.8],
			"rotation": {"angle": 22.5, "axis": "z", "origin": [16.73254, 0.84462, 6.8]},
			"faces": {
				"north": {"uv": [9.5, 2.5, 10, 2.75], "texture": "#0"},
				"east": {"uv": [9.75, 2.5, 10, 5.5], "rotation": 90, "texture": "#0"},
				"south": {"uv": [9.5, 2.5, 10, 2.75], "texture": "#0"},
				"west": {"uv": [9.5, 2.5, 12.5, 2.75], "texture": "#0"},
				"up": {"uv": [9.5, 2.5, 10, 5.5], "texture": "#0"},
				"down": {"uv": [9.5, 2.5, 10, 5.5], "texture": "#0"}
			}
		},
		{
			"from": [17.5803, 1.10999, 2.8],
			"to": [19.5803, 2.10999, 11.8],
			"rotation": {"angle": 22.5, "axis": "z", "origin": [18.5803, 1.60999, 4.3]},
			"faces": {
				"north": {"uv": [10, 2.75, 10.5, 3], "texture": "#0"},
				"east": {"uv": [10, 2.75, 10.25, 5], "rotation": 90, "texture": "#0"},
				"south": {"uv": [10, 2.75, 10.5, 3], "texture": "#0"},
				"west": {"uv": [10, 2.75, 12.25, 3], "texture": "#0"},
				"up": {"uv": [10, 2.75, 10.5, 5], "texture": "#0"},
				"down": {"uv": [10, 2.75, 10.5, 5], "texture": "#0"}
			}
		},
		{
			"from": [-3.5803, 1.10999, 2.8],
			"to": [-1.5803, 2.10999, 11.8],
			"rotation": {"angle": -22.5, "axis": "z", "origin": [-2.5803, 1.60999, 6.3]},
			"faces": {
				"north": {"uv": [10, 2.75, 10.5, 3], "texture": "#0"},
				"east": {"uv": [10, 2.75, 12.25, 3], "texture": "#0"},
				"south": {"uv": [10, 2.75, 10.5, 3], "texture": "#0"},
				"west": {"uv": [10, 2.75, 10.25, 5], "rotation": 90, "texture": "#0"},
				"up": {"uv": [10.5, 2.75, 10, 5], "texture": "#0"},
				"down": {"uv": [10.5, 5, 10, 2.75], "texture": "#0"}
			}
		}
	],
	"display": {
		"thirdperson_righthand": {
			"rotation": [75, 45, 0],
			"translation": [0, 2.5, 0],
			"scale": [0.5, 0.5, 0.5]
		},
		"thirdperson_lefthand": {
			"rotation": [75, 45, 0],
			"translation": [0, 2.5, 0],
			"scale": [0.5, 0.5, 0.5]
		},
		"firstperson_righthand": {
			"rotation": [0, -90, 25],
			"translation": [1.13, 3.2, 1.13],
			"scale": [0.35, 0.35, 0.35]
		},
		"firstperson_lefthand": {
			"rotation": [0, -90, 25],
			"translation": [1.13, 3.2, 1.13],
			"scale": [0.35, 0.35, 0.35]
		},
		"ground": {
			"translation": [0, 2, 0],
			"scale": [0.5, 0.5, 0.5]
		},
		"gui": {
			"rotation": [30, 225, 0],
			"translation": [1, 0, 0],
			"scale": [0.6, 0.6, 0.6]
		},
		"head": {
			"rotation": [8, 180, 0],
			"translation": [0, 9.75, 0],
			"scale": [1.2, 1.2, 1.2]
		},
		"fixed": {
			"rotation": [-80, 180, 0],
			"translation": [0, 0, -13.75],
			"scale": [1.8, 1.8, 1.8]
		}
	}
}