{
	"credit": "by YSBB  2025",
	"texture_size": [64, 64],
	"textures": {
		"0": "item/carved_pumpkin/7",
		"particle": "item/carved_pumpkin/7"
	},
	"elements": [
		{
			"name": "dgp",
			"from": [5.30761, -0.095, 1.35],
			"to": [10.69239, 5.105, 14.65],
			"rotation": {"angle": 22.5, "axis": "y", "origin": [8, 1.5, 8]},
			"faces": {
				"north": {"uv": [14.65381, 0, 16, 1.25], "texture": "#0"},
				"south": {"uv": [14.65381, 0, 16, 1.25], "texture": "#0"}
			}
		},
		{
			"name": "dgp",
			"from": [5.20761, -0.109, 1.4],
			"to": [10.79239, 5.091, 14.6],
			"rotation": {"angle": -22.5, "axis": "y", "origin": [8, -11.5, 8]},
			"faces": {
				"north": {"uv": [14.65381, 0, 16, 1.25], "texture": "#0"},
				"south": {"uv": [14.65381, 0, 16, 1.25], "texture": "#0"}
			}
		},
		{
			"name": "dgp",
			"from": [1.4, -0.1, 5.30761],
			"to": [14.65, 5.1, 10.69239],
			"rotation": {"angle": 22.5, "axis": "y", "origin": [8, 1.5, 8]},
			"faces": {
				"east": {"uv": [14.65381, 0, 16, 1.25], "texture": "#0"},
				"west": {"uv": [16, 0, 14.65381, 1.25], "texture": "#0"}
			}
		},
		{
			"name": "dgp",
			"from": [1.4, -0.105, 5.20761],
			"to": [14.6, 5.095, 10.79239],
			"rotation": {"angle": -22.5, "axis": "y", "origin": [8, -11.5, 8]},
			"faces": {
				"east": {"uv": [16, 0, 14.65381, 1.25], "texture": "#0"},
				"west": {"uv": [14.65381, 0, 16, 1.25], "texture": "#0"}
			}
		},
		{
			"from": [-2.70925, 0.2, 4.6362],
			"to": [2.29075, 0.2, 6.6362],
			"rotation": {"angle": 0, "axis": "y", "origin": [-5.20925, 0.75, 0.1362]},
			"faces": {
				"up": {"uv": [15.5, 2, 16, 3.25], "rotation": 270, "texture": "#0"}
			}
		},
		{
			"from": [-2.70925, 0.4, 3.6362],
			"to": [1.29075, 0.4, 5.6362],
			"rotation": {"angle": -45, "axis": "y", "origin": [0.29075, 0.4, 5.6362]},
			"faces": {
				"up": {"uv": [15.5, 2, 16, 3], "rotation": 270, "texture": "#0"}
			}
		},
		{
			"from": [2.09373, 0, 3.39581],
			"to": [2.74373, 1.25, 5.49581],
			"rotation": {"angle": -22.5, "axis": "y", "origin": [-1.00627, 0.5, 3.99581]},
			"faces": {
				"north": {"uv": [15.8375, 1.5, 16, 1.8125], "texture": "#0"},
				"east": {"uv": [15.25, 1.5, 15.775, 1.8125], "texture": "#0"},
				"south": {"uv": [15.8375, 1.5, 16, 1.8125], "texture": "#0"},
				"west": {"uv": [15.25, 1.5, 15.775, 1.8125], "texture": "#0"},
				"up": {"uv": [15.25, 1.5, 15.775, 1.6625], "rotation": 270, "texture": "#0"},
				"down": {"uv": [15.25, 1.5, 15.775, 1.6625], "rotation": 90, "texture": "#0"}
			}
		},
		{
			"name": "dgp",
			"from": [5.30761, 0.005, 1.5],
			"to": [10.69239, 5.005, 14.5],
			"rotation": {"angle": 22.5, "axis": "y", "origin": [8, 1.5, 8]},
			"faces": {
				"north": {"uv": [0, 0, 1.34619, 1.25], "texture": "#0"},
				"south": {"uv": [0, 0, 1.34619, 1.25], "texture": "#0"},
				"up": {"uv": [0, 2.11522, 3.25, 3.46142], "rotation": 90, "texture": "#0"}
			}
		},
		{
			"name": "dgp",
			"from": [5.30761, -0.009, 1.5],
			"to": [10.69239, 4.991, 14.5],
			"rotation": {"angle": -22.5, "axis": "y", "origin": [8, -11.5, 8]},
			"faces": {
				"north": {"uv": [0, 0, 1.34619, 1.25], "texture": "#0"},
				"south": {"uv": [0, 0, 1.34619, 1.25], "texture": "#0"},
				"up": {"uv": [0, 2.11522, 3.25, 3.46142], "rotation": 90, "texture": "#0"}
			}
		},
		{
			"name": "dgp",
			"from": [1.5, 0, 5.30761],
			"to": [14.5, 5, 10.69239],
			"rotation": {"angle": 22.5, "axis": "y", "origin": [8, 1.5, 8]},
			"faces": {
				"east": {"uv": [0, 0, 1.34619, 1.25], "texture": "#0"},
				"west": {"uv": [1.34619, 0, 0, 1.25], "texture": "#0"},
				"up": {"uv": [0, 2.11522, 3.25, 3.46142], "texture": "#0"}
			}
		},
		{
			"name": "dgp",
			"from": [1.5, -0.005, 5.30761],
			"to": [14.5, 4.995, 10.69239],
			"rotation": {"angle": -22.5, "axis": "y", "origin": [8, -11.5, 8]},
			"faces": {
				"east": {"uv": [1.34619, 0, 0, 1.25], "texture": "#0"},
				"west": {"uv": [0, 0, 1.34619, 1.25], "texture": "#0"},
				"up": {"uv": [0, 2.11522, 3.25, 3.46142], "texture": "#0"}
			}
		},
		{
			"name": "dgp",
			"from": [1.55761, -0.25, -7.5],
			"to": [14.55761, 0, 8],
			"rotation": {"angle": 22.5, "axis": "y", "origin": [8, 1.5, 8]},
			"faces": {
				"north": {"uv": [2, 15, 5.2212, 14.75], "texture": "#0"},
				"up": {"uv": [7.75, 12.75, 2.2, 16], "rotation": 90, "texture": "#0"},
				"down": {"uv": [3.875, 12.75, 0, 16], "rotation": 90, "texture": "#0"}
			}
		},
		{
			"name": "dgp",
			"from": [1.72389, -0.249, -7.63976],
			"to": [14.47389, 0.001, 7.86024],
			"rotation": {"angle": -22.5, "axis": "y", "origin": [7.91628, -11.5, 7.86024]},
			"faces": {
				"north": {"uv": [0.0769, 3.62725, 3.2981, 3.37725], "texture": "#0"},
				"up": {"uv": [0, 12.75, 3.875, 16], "rotation": 90, "texture": "#0"},
				"down": {"uv": [3.875, 12.77881, 0, 15.96631], "rotation": 90, "texture": "#0"}
			}
		},
		{
			"name": "dgp",
			"from": [-7.62063, -0.25, 1.72008],
			"to": [7.87937, 0, 14.52008],
			"rotation": {"angle": 22.5, "axis": "y", "origin": [7.87937, 1.501, 7.96247]},
			"faces": {
				"west": {"uv": [0.5769, 15.875, 3.7981, 15.625], "texture": "#0"},
				"up": {"uv": [0, 12.75, 5.5625, 16], "texture": "#0"},
				"down": {"uv": [0, 12.77881, 3.875, 15.97881], "texture": "#0"}
			}
		},
		{
			"name": "dgp",
			"from": [-7.5, -0.249, 1.55761],
			"to": [8, 0.001, 14.55761],
			"rotation": {"angle": -22.5, "axis": "y", "origin": [8, -11.5, 8]},
			"faces": {
				"west": {"uv": [0.5769, 15.87625, 3.7981, 15.62625], "texture": "#0"},
				"up": {"uv": [0, 12.75, 3.875, 16], "texture": "#0"},
				"down": {"uv": [0, 12.75, 3.875, 16], "texture": "#0"}
			}
		},
		{
			"name": "dgp",
			"from": [2.37135, -0.25, 7.36246],
			"to": [15.37135, 0, 22.86246],
			"rotation": {"angle": 22.5, "axis": "y", "origin": [10.05984, 0.0015, 10.08013]},
			"faces": {
				"south": {"uv": [5.0769, 2.62375, 8.2981, 2.37375], "texture": "#0"},
				"up": {"uv": [7.75, 12.75, 2.2, 16], "rotation": 270, "texture": "#0"},
				"down": {"uv": [3.8125, 12.75, 7.6875, 16], "rotation": 270, "texture": "#0"}
			}
		},
		{
			"name": "dgp",
			"from": [0.91173, -0.24, 9.05518],
			"to": [13.66173, 0.01, 24.55518],
			"rotation": {"angle": -22.5, "axis": "y", "origin": [10.05984, 0.0015, 10.08013]},
			"faces": {
				"south": {"uv": [3.27881, 13.87725, 6.5, 14.12725], "texture": "#0"},
				"up": {"uv": [0, 12.75, 3.875, 16], "rotation": 270, "texture": "#0"},
				"down": {"uv": [3.875, 12.77881, 0, 15.96631], "rotation": 270, "texture": "#0"}
			}
		},
		{
			"name": "dgp",
			"from": [9.02605, -0.25, 0.88569],
			"to": [24.52605, 0, 13.68569],
			"rotation": {"angle": 22.5, "axis": "y", "origin": [10.05984, 0.0015, 10.08013]},
			"faces": {
				"east": {"uv": [0.5769, 15.875, 3.7981, 15.625], "texture": "#0"},
				"up": {"uv": [0, 12.75, 5.5625, 16], "rotation": 180, "texture": "#0"},
				"down": {"uv": [0, 12.77881, 3.875, 15.97881], "rotation": 180, "texture": "#0"}
			}
		},
		{
			"name": "dgp",
			"from": [7.33851, -0.248, 2.40049],
			"to": [22.83851, 0.002, 15.40049],
			"rotation": {"angle": -22.5, "axis": "y", "origin": [10.05984, 0.0015, 10.08013]},
			"faces": {
				"east": {"uv": [0.5769, 15.87625, 3.7981, 15.62625], "texture": "#0"},
				"up": {"uv": [0, 12.75, 3.875, 16], "rotation": 180, "texture": "#0"},
				"down": {"uv": [0, 12.75, 3.875, 16], "rotation": 180, "texture": "#0"}
			}
		},
		{
			"from": [0.3957, 0.25, -6.37855],
			"to": [22.3957, 0.25, 18.62145],
			"rotation": {"angle": 0, "axis": "y", "origin": [11.3957, 0.25, 5.12145]},
			"faces": {
				"up": {"uv": [4.25, 5.25, 10.5, 10.75], "rotation": 270, "texture": "#0"}
			}
		}
	],
	"display": {
		"thirdperson_righthand": {
			"rotation": [75, 45, 0],
			"translation": [0, 2.5, 0],
			"scale": [0.5, 0.5, 0.5]
		},
		"thirdperson_lefthand": {
			"rotation": [75, 45, 0],
			"translation": [0, 2.5, 0],
			"scale": [0.5, 0.5, 0.5]
		},
		"firstperson_righthand": {
			"rotation": [0, -90, 25],
			"translation": [1.13, 3.2, 1.13],
			"scale": [0.35, 0.35, 0.35]
		},
		"firstperson_lefthand": {
			"rotation": [0, -90, 25],
			"translation": [1.13, 3.2, 1.13],
			"scale": [0.35, 0.35, 0.35]
		},
		"ground": {
			"translation": [0, 2, 0],
			"scale": [0.5, 0.5, 0.5]
		},
		"gui": {
			"rotation": [30, 225, 0],
			"translation": [0.5, 3, 0],
			"scale": [0.55, 0.55, 0.55]
		},
		"head": {
			"rotation": [-18, 16, 18],
			"translation": [-3.75, 14.25, -3.25],
			"scale": [1.45, 1.45, 1.45]
		},
		"fixed": {
			"rotation": [-80, 180, 0],
			"translation": [0, 0, -13.75],
			"scale": [1.8, 1.8, 1.8]
		}
	},
	"groups": [
		{
			"name": "xidai",
			"origin": [8, 1.5, 8],
			"color": 0,
			"children": [0, 1, 2, 3, 4, 5, 6]
		},
		{
			"name": "group",
			"origin": [8, 1.5, 8],
			"color": 0,
			"children": [7, 8, 9, 10]
		},
		{
			"name": "group",
			"origin": [8, 1.5, 8],
			"color": 0,
			"children": [
				11,
				12,
				13,
				14,
				{
					"name": "group",
					"origin": [8, 1.5, 8],
					"color": 0,
					"children": [15, 16, 17, 18]
				}
			]
		},
		19
	]
}