{
	"credit": "by YSBB  2025",
	"textures": {
		"0": "item/carved_pumpkin/8_0",
		"1": "item/carved_pumpkin/8",
		"particle": "item/carved_pumpkin/8_0"
	},
	"elements": [
		{
			"from": [-2, 1, -2],
			"to": [18, 1, 18],
			"rotation": {"angle": 0, "axis": "y", "origin": [0, 1, 0]},
			"faces": {
				"up": {"uv": [0, 11, 5, 16], "texture": "#0"},
				"down": {"uv": [0, 11, 5, 16], "texture": "#0"}
			}
		},
		{
			"from": [2, 1, 2],
			"to": [14, 7, 14],
			"rotation": {"angle": 0, "axis": "y", "origin": [0, -1, 0]},
			"faces": {
				"north": {"uv": [6.25, 1.75, 3.25, 3.25], "texture": "#0"},
				"east": {"uv": [3.25, 1.75, 6.25, 3.25], "texture": "#0"},
				"south": {"uv": [3.25, 1.75, 6.25, 3.25], "texture": "#0"},
				"west": {"uv": [3.25, 1.75, 6.25, 3.25], "texture": "#0"},
				"up": {"uv": [0, 0, 3, 3], "texture": "#0"},
				"down": {"uv": [0, 0, 3, 3], "texture": "#0"}
			}
		},
		{
			"from": [1.5, 1, 1.5],
			"to": [14.5, 7.5, 14.5],
			"rotation": {"angle": 0, "axis": "y", "origin": [0.5, -1, -0.5]},
			"faces": {
				"north": {"uv": [12.75, 0, 9.5, 1.5], "texture": "#0"},
				"east": {"uv": [6.25, 0, 9.5, 1.5], "texture": "#0"},
				"south": {"uv": [3.25, 0, 6.5, 1.5], "texture": "#0"},
				"west": {"uv": [6.25, 0, 9.5, 1.5], "texture": "#0"},
				"up": {"uv": [7.25, 1.5, 10.5, 4.75], "texture": "#0"}
			}
		},
		{
			"from": [-2, 0.85, -2],
			"to": [18, 0.85, 18],
			"rotation": {"angle": 0, "axis": "y", "origin": [0, 0.85, 0]},
			"faces": {
				"up": {"uv": [0, 11, 5, 16], "texture": "#0"},
				"down": {"uv": [0, 11, 5, 16], "texture": "#0"}
			}
		},
		{
			"from": [3.5, 1.1, -1.5],
			"to": [12.5, 1.1, 1.5],
			"rotation": {"angle": 0, "axis": "y", "origin": [0.5, -0.9, -13.5]},
			"faces": {
				"north": {"uv": [12.75, 0, 9.5, 1.5], "texture": "#0"},
				"east": {"uv": [6.25, 0, 9.5, 1.5], "texture": "#0"},
				"south": {"uv": [3.25, 0, 6.5, 1.5], "texture": "#0"},
				"west": {"uv": [6.25, 0, 9.5, 1.5], "texture": "#0"},
				"up": {"uv": [10, 2.25, 12.25, 1.5], "texture": "#0"}
			}
		},
		{
			"from": [2.75, -5.5, 10],
			"to": [2.75, 2.5, 12],
			"rotation": {"angle": 0, "axis": "y", "origin": [2.75, 0.5, 10]},
			"faces": {
				"east": {"uv": [13, 0, 13.5, 2], "texture": "#0"},
				"west": {"uv": [13, 0, 13.5, 2], "texture": "#0"}
			}
		},
		{
			"from": [2.75, -5.5, 10],
			"to": [13.25, -5.5, 12],
			"rotation": {"angle": 0, "axis": "y", "origin": [12.75, -7.5, 10]},
			"faces": {
				"up": {"uv": [13.5, 2.5, 16, 3], "texture": "#0"},
				"down": {"uv": [13.5, 2.5, 16, 3], "texture": "#0"}
			}
		},
		{
			"from": [13.25, -5.5, 10],
			"to": [13.25, 2.5, 12],
			"rotation": {"angle": 0, "axis": "y", "origin": [13.25, 0.5, 10]},
			"faces": {
				"east": {"uv": [13, 0, 13.5, 2], "texture": "#0"},
				"west": {"uv": [13, 0, 13.5, 2], "texture": "#0"}
			}
		},
		{
			"from": [1.25, 0.75, 10],
			"to": [14.75, 3.75, 13],
			"rotation": {"angle": 0, "axis": "y", "origin": [14.75, 4.75, 11]},
			"faces": {
				"east": {"uv": [14.5, 0.75, 15.25, 1.5], "texture": "#0"},
				"west": {"uv": [14.5, 0.75, 15.25, 1.5], "texture": "#0"}
			}
		},
		{
			"from": [7, 6, 11],
			"to": [12, 13, 11],
			"rotation": {"angle": 45, "axis": "y", "origin": [9.5, 9, 11], "rescale": true},
			"faces": {
				"north": {"uv": [5.875, 5, 7.375, 6.5], "texture": "#0"},
				"south": {"uv": [5.875, 5, 7.375, 6.5], "texture": "#0"}
			}
		},
		{
			"from": [9.5, 6, 8.5],
			"to": [9.5, 13, 13.5],
			"rotation": {"angle": 45, "axis": "y", "origin": [9.5, 9, 11], "rescale": true},
			"faces": {
				"east": {"uv": [5.875, 5, 7.375, 6.5], "texture": "#0"},
				"west": {"uv": [5.875, 5, 7.375, 6.5], "texture": "#0"}
			}
		},
		{
			"from": [2, 5, 7],
			"to": [7, 12, 7],
			"rotation": {"angle": 45, "axis": "y", "origin": [4.5, 8, 7], "rescale": true},
			"faces": {
				"north": {"uv": [4.125, 5, 5.625, 6.5], "texture": "#0"},
				"south": {"uv": [4.25, 5, 5.5, 6.5], "texture": "#0"}
			}
		},
		{
			"from": [4.5, 5, 4.5],
			"to": [4.5, 12, 9.5],
			"rotation": {"angle": 45, "axis": "y", "origin": [4.5, 8, 7], "rescale": true},
			"faces": {
				"east": {"uv": [4.125, 5, 5.625, 6.5], "texture": "#0"},
				"west": {"uv": [4.125, 5, 5.625, 6.5], "texture": "#0"}
			}
		},
		{
			"from": [10.5, 4, 1.5],
			"to": [10.5, 10, 6.5],
			"rotation": {"angle": 45, "axis": "y", "origin": [10.5, 7, 4], "rescale": true},
			"faces": {
				"east": {"uv": [7.75, 5.25, 9, 6.75], "texture": "#0"},
				"west": {"uv": [7.75, 5.25, 9, 6.75], "texture": "#0"}
			}
		},
		{
			"from": [8, 4, 4],
			"to": [13, 10, 4],
			"rotation": {"angle": 45, "axis": "y", "origin": [10.5, 7, 4], "rescale": true},
			"faces": {
				"north": {"uv": [7.75, 5.25, 9, 6.75], "texture": "#0"},
				"south": {"uv": [7.75, 5.25, 9, 6.75], "texture": "#0"}
			}
		},
		{
			"from": [-3.03196, 12.78065, 5.25],
			"to": [0.96804, 12.78065, 13.25],
			"rotation": {"angle": 0, "axis": "y", "origin": [0.74789, 13.81767, 7]},
			"faces": {
				"north": {"uv": [0, 0, 3, 0], "rotation": 180, "texture": "#1"},
				"east": {"uv": [0, 0, 5, 0], "rotation": 180, "texture": "#1"},
				"south": {"uv": [0, 0, 3, 0], "rotation": 180, "texture": "#1"},
				"west": {"uv": [0, 0, 5, 0], "rotation": 180, "texture": "#1"},
				"up": {"uv": [6, 0.125, 4.125, 3.84375], "rotation": 180, "texture": "#1"},
				"down": {"uv": [6, 3.84375, 4.125, 0.125], "rotation": 180, "texture": "#1"}
			}
		},
		{
			"from": [1.03, 12.7924, 5.25],
			"to": [5.03, 12.7924, 13.25],
			"rotation": {"angle": 0, "axis": "y", "origin": [0.74789, 13.81767, 7]},
			"faces": {
				"north": {"uv": [0, 0, 3, 0], "texture": "#1"},
				"east": {"uv": [0, 0, 5, 0], "texture": "#1"},
				"south": {"uv": [0, 0, 3, 0], "texture": "#1"},
				"west": {"uv": [0, 0, 5, 0], "texture": "#1"},
				"up": {"uv": [6, 3.84375, 4.125, 0.125], "texture": "#1"},
				"down": {"uv": [6, 0.125, 4.125, 3.84375], "texture": "#1"}
			}
		},
		{
			"from": [-1.96773, 13.67758, 2.5],
			"to": [2.03227, 13.67758, 10.5],
			"rotation": {"angle": -22.5, "axis": "z", "origin": [0.78227, 14.17758, 5]},
			"faces": {
				"north": {"uv": [0, 0, 3, 0], "rotation": 180, "texture": "#1"},
				"east": {"uv": [0, 0, 5, 0], "rotation": 180, "texture": "#1"},
				"south": {"uv": [0, 0, 3, 0], "rotation": 180, "texture": "#1"},
				"west": {"uv": [0, 0, 5, 0], "rotation": 180, "texture": "#1"},
				"up": {"uv": [2.03125, 0.125, 0.125, 3.8125], "rotation": 180, "texture": "#1"},
				"down": {"uv": [2.03125, 3.8125, 0.125, 0.125], "rotation": 180, "texture": "#1"}
			}
		},
		{
			"from": [1.78227, 12.17758, -1.5],
			"to": [9.78227, 16.17758, -1.5],
			"rotation": {"angle": 22.5, "axis": "y", "origin": [7.28227, 12.92758, -2]},
			"faces": {
				"north": {"uv": [6, 15.90625, 4.125, 12.125], "rotation": 270, "texture": "#1"},
				"east": {"uv": [0, 0, 3, 0], "rotation": 90, "texture": "#1"},
				"south": {"uv": [6, 12.125, 4.125, 15.90625], "rotation": 270, "texture": "#1"},
				"west": {"uv": [0, 0, 3, 0], "rotation": 270, "texture": "#1"},
				"up": {"uv": [0, 0, 5, 0], "texture": "#1"},
				"down": {"uv": [0, 0, 5, 0], "rotation": 180, "texture": "#1"}
			}
		},
		{
			"from": [7.30204, 9.92758, -1.83095],
			"to": [15.30204, 13.92758, -1.83095],
			"rotation": {"angle": -22.5, "axis": "y", "origin": [11.30204, 11.92758, -1.83095]},
			"faces": {
				"north": {"uv": [2, 15.84375, 0.125, 12.125], "rotation": 270, "texture": "#1"},
				"east": {"uv": [0, 0, 3, 0], "rotation": 90, "texture": "#1"},
				"south": {"uv": [2, 12.125, 0.125, 15.84375], "rotation": 270, "texture": "#1"},
				"west": {"uv": [0, 0, 3, 0], "rotation": 270, "texture": "#1"},
				"up": {"uv": [0, 0, 5, 0], "texture": "#1"},
				"down": {"uv": [0, 0, 5, 0], "rotation": 180, "texture": "#1"}
			}
		},
		{
			"from": [-2.02639, 13.17758, -1.78806],
			"to": [5.97361, 17.17758, -1.78806],
			"rotation": {"angle": 45, "axis": "y", "origin": [6.47361, 9.67758, -1.53806]},
			"faces": {
				"north": {"uv": [10.0625, 15.78125, 8.125, 12.125], "rotation": 270, "texture": "#1"},
				"east": {"uv": [0, 0, 3, 0], "rotation": 90, "texture": "#1"},
				"south": {"uv": [10.0625, 12.125, 8.125, 15.78125], "rotation": 270, "texture": "#1"},
				"west": {"uv": [0, 0, 3, 0], "rotation": 270, "texture": "#1"},
				"up": {"uv": [0, 0, 5, 0], "texture": "#1"},
				"down": {"uv": [0, 0, 5, 0], "rotation": 180, "texture": "#1"}
			}
		},
		{
			"from": [2.75, 11.25, 7.75],
			"to": [6.75, 11.25, 15.75],
			"rotation": {"angle": 22.5, "axis": "z", "origin": [2.75, 11.25, 10.25]},
			"faces": {
				"north": {"uv": [0, 0, 3, 0], "texture": "#1"},
				"east": {"uv": [0, 0, 5, 0], "texture": "#1"},
				"south": {"uv": [0, 0, 3, 0], "texture": "#1"},
				"west": {"uv": [0, 0, 5, 0], "texture": "#1"},
				"up": {"uv": [10, 3.875, 8.125, 0.125], "texture": "#1"},
				"down": {"uv": [10, 0.125, 8.125, 3.875], "texture": "#1"}
			}
		},
		{
			"from": [-0.96773, 11.67758, 7.75],
			"to": [3.03227, 11.67758, 15.75],
			"rotation": {"angle": -22.5, "axis": "z", "origin": [1.78227, 12.17758, 10.25]},
			"faces": {
				"north": {"uv": [0, 0, 3, 0], "rotation": 180, "texture": "#1"},
				"east": {"uv": [0, 0, 5, 0], "rotation": 180, "texture": "#1"},
				"south": {"uv": [0, 0, 3, 0], "rotation": 180, "texture": "#1"},
				"west": {"uv": [0, 0, 5, 0], "rotation": 180, "texture": "#1"},
				"up": {"uv": [9.96875, 0.125, 8.125, 3.84375], "rotation": 180, "texture": "#1"},
				"down": {"uv": [9.96875, 3.84375, 8.125, 0.125], "rotation": 180, "texture": "#1"}
			}
		},
		{
			"from": [3.22754, 9.96558, 10.75],
			"to": [3.22754, 13.96558, 18.75],
			"rotation": {"angle": -22.5, "axis": "z", "origin": [2.74805, 10.29349, 13.25]},
			"faces": {
				"north": {"uv": [0, 0, 3, 0], "rotation": 90, "texture": "#1"},
				"east": {"uv": [14, 0.125, 12.125, 3.84375], "rotation": 270, "texture": "#1"},
				"south": {"uv": [0, 0, 3, 0], "rotation": 270, "texture": "#1"},
				"west": {"uv": [14, 3.90625, 12.125, 0.125], "rotation": 270, "texture": "#1"},
				"up": {"uv": [0, 0, 5, 0], "rotation": 270, "texture": "#1"},
				"down": {"uv": [0, 0, 5, 0], "rotation": 270, "texture": "#1"}
			}
		},
		{
			"from": [2.7583, 12.46133, 0.5],
			"to": [2.7583, 16.46133, 8.5],
			"rotation": {"angle": 22.5, "axis": "z", "origin": [3.24805, 12.79349, 3]},
			"faces": {
				"north": {"uv": [0, 0, 3, 0], "rotation": 90, "texture": "#1"},
				"east": {"uv": [14.03125, 12.125, 12.125, 15.8125], "rotation": 270, "texture": "#1"},
				"south": {"uv": [0, 0, 3, 0], "rotation": 270, "texture": "#1"},
				"west": {"uv": [14.03125, 15.8125, 12.125, 12.125], "rotation": 270, "texture": "#1"},
				"up": {"uv": [0, 0, 5, 0], "rotation": 270, "texture": "#1"},
				"down": {"uv": [0, 0, 5, 0], "rotation": 270, "texture": "#1"}
			}
		},
		{
			"from": [3.22754, 12.46558, 0.5],
			"to": [3.22754, 16.46558, 8.5],
			"rotation": {"angle": -22.5, "axis": "z", "origin": [2.74805, 12.79349, 3]},
			"faces": {
				"north": {"uv": [0, 0, 3, 0], "rotation": 90, "texture": "#1"},
				"east": {"uv": [13.9375, 12.15625, 12.15625, 15.8125], "rotation": 270, "texture": "#1"},
				"south": {"uv": [0, 0, 3, 0], "rotation": 270, "texture": "#1"},
				"west": {"uv": [13.9375, 15.875, 12.15625, 12.15625], "rotation": 270, "texture": "#1"},
				"up": {"uv": [0, 0, 5, 0], "rotation": 270, "texture": "#1"},
				"down": {"uv": [0, 0, 5, 0], "rotation": 270, "texture": "#1"}
			}
		},
		{
			"from": [2.7583, 9.96133, 10.75],
			"to": [2.7583, 13.96133, 18.75],
			"rotation": {"angle": 22.5, "axis": "z", "origin": [3.24805, 10.29349, 13.25]},
			"faces": {
				"north": {"uv": [0, 0, 3, 0], "rotation": 90, "texture": "#1"},
				"east": {"uv": [14, 0.125, 12.125, 3.8125], "rotation": 270, "texture": "#1"},
				"south": {"uv": [0, 0, 3, 0], "rotation": 270, "texture": "#1"},
				"west": {"uv": [14, 3.8125, 12.125, 0.125], "rotation": 270, "texture": "#1"},
				"up": {"uv": [0, 0, 5, 0], "rotation": 270, "texture": "#1"},
				"down": {"uv": [0, 0, 5, 0], "rotation": 270, "texture": "#1"}
			}
		},
		{
			"from": [2.7583, 11.21133, 13.75],
			"to": [2.7583, 15.21133, 21.75],
			"rotation": {"angle": 45, "axis": "y", "origin": [2.7583, 12.71133, 16.25]},
			"faces": {
				"north": {"uv": [0, 0, 3, 0], "rotation": 90, "texture": "#1"},
				"east": {"uv": [1.96875, 4.125, 0.125, 7.8125], "rotation": 270, "texture": "#1"},
				"south": {"uv": [0, 0, 3, 0], "rotation": 270, "texture": "#1"},
				"west": {"uv": [1.96875, 7.8125, 0.125, 4.125], "rotation": 270, "texture": "#1"},
				"up": {"uv": [0, 0, 5, 0], "rotation": 270, "texture": "#1"},
				"down": {"uv": [0, 0, 5, 0], "rotation": 270, "texture": "#1"}
			}
		},
		{
			"from": [5.0083, 10.96133, 18.25],
			"to": [13.0083, 14.96133, 18.25],
			"rotation": {"angle": -22.5, "axis": "y", "origin": [7.5083, 12.46133, 18.25]},
			"faces": {
				"north": {"uv": [6, 4.125, 4.125, 7.875], "rotation": 270, "texture": "#1"},
				"east": {"uv": [0, 0, 3, 0], "rotation": 270, "texture": "#1"},
				"south": {"uv": [6, 7.875, 4.125, 4.125], "rotation": 270, "texture": "#1"},
				"west": {"uv": [0, 0, 3, 0], "rotation": 90, "texture": "#1"},
				"up": {"uv": [0, 0, 5, 0], "rotation": 180, "texture": "#1"},
				"down": {"uv": [0, 0, 5, 0], "texture": "#1"}
			}
		},
		{
			"from": [14.0083, 11.21133, 10],
			"to": [14.0083, 15.21133, 18],
			"rotation": {"angle": -22.5, "axis": "y", "origin": [14.0083, 13.71133, 15.5]},
			"faces": {
				"north": {"uv": [0, 0, 3, 0], "rotation": 270, "texture": "#1"},
				"east": {"uv": [14, 7.875, 12.125, 4.125], "rotation": 270, "texture": "#1"},
				"south": {"uv": [0, 0, 3, 0], "rotation": 90, "texture": "#1"},
				"west": {"uv": [14, 4.125, 12.125, 7.875], "rotation": 270, "texture": "#1"},
				"up": {"uv": [0, 0, 5, 0], "rotation": 90, "texture": "#1"},
				"down": {"uv": [0, 0, 5, 0], "rotation": 90, "texture": "#1"}
			}
		},
		{
			"from": [9.0083, 10.71133, 18.25],
			"to": [17.0083, 14.71133, 18.25],
			"rotation": {"angle": 22.5, "axis": "x", "origin": [11.5083, 12.21133, 18.25]},
			"faces": {
				"north": {"uv": [10, 4.125, 8.125, 7.84375], "rotation": 270, "texture": "#1"},
				"east": {"uv": [0, 0, 3, 0], "rotation": 270, "texture": "#1"},
				"south": {"uv": [10, 7.84375, 8.125, 4.125], "rotation": 270, "texture": "#1"},
				"west": {"uv": [0, 0, 3, 0], "rotation": 90, "texture": "#1"},
				"up": {"uv": [0, 0, 5, 0], "rotation": 180, "texture": "#1"},
				"down": {"uv": [0, 0, 5, 0], "texture": "#1"}
			}
		},
		{
			"from": [9.0083, 10.71133, 17],
			"to": [17.0083, 14.71133, 17],
			"rotation": {"angle": -22.5, "axis": "x", "origin": [11.5083, 12.21133, 17]},
			"faces": {
				"north": {"uv": [10, 4.125, 8.125, 7.84375], "rotation": 270, "texture": "#1"},
				"east": {"uv": [0, 0, 3, 0], "rotation": 270, "texture": "#1"},
				"south": {"uv": [10, 7.84375, 8.125, 4.125], "rotation": 270, "texture": "#1"},
				"west": {"uv": [0, 0, 3, 0], "rotation": 90, "texture": "#1"},
				"up": {"uv": [0, 0, 5, 0], "rotation": 180, "texture": "#1"},
				"down": {"uv": [0, 0, 5, 0], "texture": "#1"}
			}
		},
		{
			"from": [1.75, 13.25, 2.5],
			"to": [5.75, 13.25, 10.5],
			"rotation": {"angle": 22.5, "axis": "z", "origin": [1.75, 13.25, 5]},
			"faces": {
				"north": {"uv": [0, 0, 3, 0], "texture": "#1"},
				"east": {"uv": [0, 0, 5, 0], "texture": "#1"},
				"south": {"uv": [0, 0, 3, 0], "texture": "#1"},
				"west": {"uv": [0, 0, 5, 0], "texture": "#1"},
				"up": {"uv": [2, 3.84375, 0.125, 0.125], "texture": "#1"},
				"down": {"uv": [2, 0.125, 0.125, 3.84375], "texture": "#1"}
			}
		},
		{
			"from": [14.22754, 10.46558, -2.5],
			"to": [14.22754, 14.46558, 5.5],
			"rotation": {"angle": -22.5, "axis": "z", "origin": [13.74805, 10.79349, 3]},
			"faces": {
				"north": {"uv": [0, 0, 3, 0], "rotation": 90, "texture": "#1"},
				"east": {"uv": [14, 11.8125, 12.15625, 8.15625], "rotation": 270, "texture": "#1"},
				"south": {"uv": [0, 0, 3, 0], "rotation": 270, "texture": "#1"},
				"west": {"uv": [14, 8.15625, 12.15625, 11.875], "rotation": 270, "texture": "#1"},
				"up": {"uv": [0, 0, 5, 0], "rotation": 270, "texture": "#1"},
				"down": {"uv": [0, 0, 5, 0], "rotation": 270, "texture": "#1"}
			}
		},
		{
			"from": [11.47297, 12.16416, 4.25],
			"to": [15.47297, 12.16416, 12.25],
			"rotation": {"angle": -45, "axis": "z", "origin": [14.74563, 12.94194, 9.75]},
			"faces": {
				"north": {"uv": [0, 0, 3, 0], "rotation": 180, "texture": "#1"},
				"east": {"uv": [0, 0, 5, 0], "rotation": 180, "texture": "#1"},
				"south": {"uv": [0, 0, 3, 0], "rotation": 180, "texture": "#1"},
				"west": {"uv": [0, 0, 5, 0], "rotation": 180, "texture": "#1"},
				"up": {"uv": [6.03125, 11.84375, 4.125, 8.125], "rotation": 180, "texture": "#1"},
				"down": {"uv": [6.03125, 8.125, 4.125, 11.84375], "rotation": 180, "texture": "#1"}
			}
		},
		{
			"from": [15.26828, 12.21972, 4.25],
			"to": [15.26828, 16.21972, 12.25],
			"rotation": {"angle": -45, "axis": "z", "origin": [14.49563, 12.94194, 9.75]},
			"faces": {
				"north": {"uv": [0, 0, 3, 0], "rotation": 90, "texture": "#1"},
				"east": {"uv": [6, 11.75, 4.125, 8.125], "rotation": 270, "texture": "#1"},
				"south": {"uv": [0, 0, 3, 0], "rotation": 270, "texture": "#1"},
				"west": {"uv": [6, 8.125, 4.125, 11.8125], "rotation": 270, "texture": "#1"},
				"up": {"uv": [0, 0, 5, 0], "rotation": 270, "texture": "#1"},
				"down": {"uv": [0, 0, 5, 0], "rotation": 270, "texture": "#1"}
			}
		},
		{
			"from": [10.00074, 11.84112, 1],
			"to": [14.00074, 11.84112, 9],
			"rotation": {"angle": -22.5, "axis": "z", "origin": [12.74412, 12.43894, 6.5]},
			"faces": {
				"north": {"uv": [0, 0, 3, 0], "rotation": 180, "texture": "#1"},
				"east": {"uv": [0, 0, 5, 0], "rotation": 180, "texture": "#1"},
				"south": {"uv": [0, 0, 3, 0], "rotation": 180, "texture": "#1"},
				"west": {"uv": [0, 0, 5, 0], "rotation": 180, "texture": "#1"},
				"up": {"uv": [9.96875, 11.78125, 8.125, 8.125], "rotation": 180, "texture": "#1"},
				"down": {"uv": [9.96875, 8.125, 8.125, 11.78125], "rotation": 180, "texture": "#1"}
			}
		},
		{
			"from": [13.24475, 11.84412, 1],
			"to": [17.24475, 11.84412, 9],
			"rotation": {"angle": 22.5, "axis": "z", "origin": [14.49412, 12.43894, 6.5]},
			"faces": {
				"north": {"uv": [0, 0, 3, 0], "texture": "#1"},
				"east": {"uv": [0, 0, 5, 0], "texture": "#1"},
				"south": {"uv": [0, 0, 3, 0], "texture": "#1"},
				"west": {"uv": [0, 0, 5, 0], "texture": "#1"},
				"up": {"uv": [9.96875, 8.125, 8.125, 11.84375], "texture": "#1"},
				"down": {"uv": [9.96875, 11.78125, 8.125, 8.125], "texture": "#1"}
			}
		},
		{
			"from": [13.7583, 11.46133, 7.5],
			"to": [13.7583, 15.46133, 15.5],
			"rotation": {"angle": 22.5, "axis": "z", "origin": [14.24805, 11.79349, 13]},
			"faces": {
				"north": {"uv": [0, 0, 3, 0], "rotation": 90, "texture": "#1"},
				"east": {"uv": [2.03125, 11.8125, 0.125, 8.125], "rotation": 270, "texture": "#1"},
				"south": {"uv": [0, 0, 3, 0], "rotation": 270, "texture": "#1"},
				"west": {"uv": [2.03125, 8.125, 0.125, 11.8125], "rotation": 270, "texture": "#1"},
				"up": {"uv": [0, 0, 5, 0], "rotation": 270, "texture": "#1"},
				"down": {"uv": [0, 0, 5, 0], "rotation": 270, "texture": "#1"}
			}
		},
		{
			"from": [14.22754, 11.46558, 7.5],
			"to": [14.22754, 15.46558, 15.5],
			"rotation": {"angle": -22.5, "axis": "z", "origin": [13.74805, 11.79349, 13]},
			"faces": {
				"north": {"uv": [0, 0, 3, 0], "rotation": 90, "texture": "#1"},
				"east": {"uv": [1.96875, 11.84375, 0.125, 8.125], "rotation": 270, "texture": "#1"},
				"south": {"uv": [0, 0, 3, 0], "rotation": 270, "texture": "#1"},
				"west": {"uv": [1.96875, 8.125, 0.125, 11.84375], "rotation": 270, "texture": "#1"},
				"up": {"uv": [0, 0, 5, 0], "rotation": 270, "texture": "#1"},
				"down": {"uv": [0, 0, 5, 0], "rotation": 270, "texture": "#1"}
			}
		},
		{
			"from": [13.7583, 10.46133, -2.5],
			"to": [13.7583, 14.46133, 5.5],
			"rotation": {"angle": 22.5, "axis": "z", "origin": [14.24805, 10.79349, 3]},
			"faces": {
				"north": {"uv": [0, 0, 3, 0], "rotation": 90, "texture": "#1"},
				"east": {"uv": [14, 11.84375, 12.125, 8.125], "rotation": 270, "texture": "#1"},
				"south": {"uv": [0, 0, 3, 0], "rotation": 270, "texture": "#1"},
				"west": {"uv": [14, 8.125, 12.125, 11.84375], "rotation": 270, "texture": "#1"},
				"up": {"uv": [0, 0, 5, 0], "rotation": 270, "texture": "#1"},
				"down": {"uv": [0, 0, 5, 0], "rotation": 270, "texture": "#1"}
			}
		}
	],
	"display": {
		"thirdperson_righthand": {
			"rotation": [75, 45, 0],
			"translation": [0, 2.5, 0],
			"scale": [0.5, 0.5, 0.5]
		},
		"thirdperson_lefthand": {
			"rotation": [75, 45, 0],
			"translation": [0, 2.5, 0],
			"scale": [0.5, 0.5, 0.5]
		},
		"firstperson_righthand": {
			"rotation": [0, -90, 25],
			"translation": [1.13, 3.2, 1.13],
			"scale": [0.35, 0.35, 0.35]
		},
		"firstperson_lefthand": {
			"rotation": [0, -90, 25],
			"translation": [1.13, 3.2, 1.13],
			"scale": [0.35, 0.35, 0.35]
		},
		"ground": {
			"translation": [0, 2, 0],
			"scale": [0.5, 0.5, 0.5]
		},
		"gui": {
			"rotation": [30, 225, 0],
			"translation": [1, 0, 0],
			"scale": [0.6, 0.6, 0.6]
		},
		"head": {
			"rotation": [8, 180, 0],
			"translation": [0, 10.75, 1.25],
			"scale": [1.4, 1.4, 1.4]
		},
		"fixed": {
			"rotation": [-80, 180, 0],
			"translation": [0, 0, -13.75],
			"scale": [1.8, 1.8, 1.8]
		}
	},
	"groups": [
		{
			"name": "group",
			"origin": [10.5, 7, 4],
			"color": 0,
			"children": [0, 1, 2, 3, 4, 5, 6, 7, 8, 9, 10, 11, 12, 13, 14]
		},
		{
			"name": "fly",
			"origin": [8, 8, 8],
			"color": 0,
			"children": [15, 16, 17, 18, 19, 20, 21, 22, 23, 24, 25, 26, 27, 28, 29, 30, 31, 32, 33, 34, 35, 36, 37, 38, 39, 40]
		}
	]
}