{
	"credit": "by YSBB  2025",
	"texture_size": [64, 64],
	"textures": {
		"0": "item/carved_pumpkin/9",
		"particle": "item/carved_pumpkin/9"
	},
	"elements": [
		{
			"from": [-9, 3.5, -6],
			"to": [23, 3.5, 26],
			"rotation": {"angle": 22.5, "axis": "y", "origin": [6, 3.5, 9]},
			"faces": {
				"north": {"uv": [0, 0, 10, 0], "texture": "#0"},
				"east": {"uv": [0, 0, 9.5, 0], "texture": "#0"},
				"south": {"uv": [0, 0, 10, 0], "texture": "#0"},
				"west": {"uv": [0, 0, 9.5, 0], "texture": "#0"},
				"up": {"uv": [0, 0, 5.5, 5.5], "texture": "#0"},
				"down": {"uv": [0, 0, 5.5, 5.5], "texture": "#0"}
			}
		},
		{
			"from": [-2, 4.5, 21],
			"to": [3, 9.5, 26],
			"rotation": {"angle": 0, "axis": "y", "origin": [1, 4.5, 24]},
			"faces": {
				"north": {"uv": [8.25, 0, 9.5, 1.25], "texture": "#0"},
				"east": {"uv": [8.25, 0, 9.5, 1.25], "texture": "#0"},
				"south": {"uv": [8.25, 0, 9.5, 1.25], "texture": "#0"},
				"west": {"uv": [8.25, 0, 9.5, 1.25], "texture": "#0"},
				"up": {"uv": [8.25, 0, 9.5, 1.25], "texture": "#0"},
				"down": {"uv": [8.25, 0, 9.5, 1.25], "texture": "#0"}
			}
		},
		{
			"from": [18.1, 2, 1],
			"to": [25.1, 9, 8],
			"rotation": {"angle": 22.5, "axis": "z", "origin": [21.6, 5.5, 4.5]},
			"faces": {
				"north": {"uv": [9.5, 2.5, 11.25, 4.25], "texture": "#0"},
				"east": {"uv": [9.5, 2.5, 11.25, 4.25], "rotation": 90, "texture": "#0"},
				"south": {"uv": [9.5, 2.5, 11.25, 4.25], "texture": "#0"},
				"west": {"uv": [9.5, 2.5, 11.25, 4.25], "texture": "#0"},
				"up": {"uv": [9.5, 2.5, 11.25, 4.25], "texture": "#0"},
				"down": {"uv": [9.5, 2.5, 11.25, 4.25], "texture": "#0"}
			}
		},
		{
			"from": [-9, 9.25, 0],
			"to": [-7, 11.25, 2],
			"rotation": {"angle": 0, "axis": "y", "origin": [-7, 15.25, 0]},
			"faces": {
				"north": {"uv": [7.25, 0, 7.75, 0.5], "texture": "#0"},
				"east": {"uv": [7.25, 0, 7.75, 0.5], "texture": "#0"},
				"south": {"uv": [7.25, 0, 7.75, 0.5], "texture": "#0"},
				"west": {"uv": [7.25, 0, 7.75, 0.5], "texture": "#0"},
				"up": {"uv": [7.25, 0, 7.75, 0.5], "texture": "#0"},
				"down": {"uv": [7.25, 0, 7.75, 0.5], "texture": "#0"}
			}
		},
		{
			"from": [13, 8, 22],
			"to": [15, 10, 24],
			"rotation": {"angle": 0, "axis": "y", "origin": [14, 10, 19]},
			"faces": {
				"north": {"uv": [7.75, 0, 8.25, 0.5], "texture": "#0"},
				"east": {"uv": [7.75, 0, 8.25, 0.5], "texture": "#0"},
				"south": {"uv": [7.75, 0, 8.25, 0.5], "texture": "#0"},
				"west": {"uv": [7.75, 0, 8.25, 0.5], "texture": "#0"},
				"up": {"uv": [7.75, 0, 8.25, 0.5], "texture": "#0"},
				"down": {"uv": [7.75, 0, 8.25, 0.5], "texture": "#0"}
			}
		},
		{
			"from": [-9, -2, 12],
			"to": [-7, 0, 14],
			"rotation": {"angle": 0, "axis": "y", "origin": [-13, -2, 12]},
			"faces": {
				"north": {"uv": [6.75, 0, 7.25, 0.5], "texture": "#0"},
				"east": {"uv": [6.75, 0, 7.25, 0.5], "texture": "#0"},
				"south": {"uv": [6.75, 0, 7.25, 0.5], "texture": "#0"},
				"west": {"uv": [6.75, 0, 7.25, 0.5], "texture": "#0"},
				"up": {"uv": [6.75, 0, 7.25, 0.5], "texture": "#0"},
				"down": {"uv": [6.75, 0, 7.25, 0.5], "texture": "#0"}
			}
		},
		{
			"from": [14.8, 6, -2],
			"to": [27.8, 6, 11],
			"rotation": {"angle": 22.5, "axis": "z", "origin": [21.3, 5.5, 4.5]},
			"faces": {
				"north": {"uv": [9.5, 0, 11.25, 1.75], "texture": "#0"},
				"east": {"uv": [9.5, 0, 11.25, 1.75], "rotation": 90, "texture": "#0"},
				"south": {"uv": [9.5, 0, 11.25, 1.75], "texture": "#0"},
				"west": {"uv": [9.5, 0, 11.25, 1.75], "texture": "#0"},
				"up": {"uv": [0, 8.75, 2.75, 11.5], "texture": "#0"},
				"down": {"uv": [0, 8.75, 2.75, 11.5], "texture": "#0"}
			}
		},
		{
			"from": [5, 5.5, -8],
			"to": [8, 8.5, -5],
			"rotation": {"angle": 0, "axis": "y", "origin": [1, 5.5, -4]},
			"faces": {
				"north": {"uv": [6, 0, 6.75, 0.75], "texture": "#0"},
				"east": {"uv": [6, 0, 6.75, 0.75], "texture": "#0"},
				"south": {"uv": [6, 0, 6.75, 0.75], "texture": "#0"},
				"west": {"uv": [6, 0, 6.75, 0.75], "texture": "#0"},
				"up": {"uv": [6, 0, 6.75, 0.75], "texture": "#0"},
				"down": {"uv": [6, 0, 6.75, 0.75], "texture": "#0"}
			}
		},
		{
			"from": [5.1, 5.25, -8],
			"to": [8.1, 8.25, -5],
			"rotation": {"angle": 0, "axis": "y", "origin": [1.1, 5.25, -4]},
			"faces": {
				"north": {"uv": [6, 2.5, 6.75, 3.25], "texture": "#0"},
				"east": {"uv": [6, 2.5, 6.75, 3.25], "texture": "#0"},
				"south": {"uv": [6, 2.5, 6.75, 3.25], "texture": "#0"},
				"west": {"uv": [6, 2.5, 6.75, 3.25], "texture": "#0"},
				"up": {"uv": [6, 2.5, 6.75, 3.25], "texture": "#0"},
				"down": {"uv": [6, 2.5, 6.75, 3.25], "texture": "#0"}
			}
		},
		{
			"from": [4.9, 5, -8],
			"to": [7.9, 8, -5],
			"rotation": {"angle": 0, "axis": "y", "origin": [0.9, 5, -4]},
			"faces": {
				"north": {"uv": [6, 5, 6.75, 5.75], "texture": "#0"},
				"east": {"uv": [6, 5, 6.75, 5.75], "texture": "#0"},
				"south": {"uv": [6, 5, 6.75, 5.75], "texture": "#0"},
				"west": {"uv": [6, 5, 6.75, 5.75], "texture": "#0"},
				"up": {"uv": [6, 5, 6.75, 5.75], "texture": "#0"},
				"down": {"uv": [6, 5, 6.75, 5.75], "texture": "#0"}
			}
		},
		{
			"from": [5.1, 4.75, -8],
			"to": [8.1, 7.75, -5],
			"rotation": {"angle": 0, "axis": "y", "origin": [1.1, 4.75, -4]},
			"faces": {
				"north": {"uv": [6, 7.5, 6.75, 8.25], "texture": "#0"},
				"east": {"uv": [6, 7.5, 6.75, 8.25], "texture": "#0"},
				"south": {"uv": [6, 7.5, 6.75, 8.25], "texture": "#0"},
				"west": {"uv": [6, 7.5, 6.75, 8.25], "texture": "#0"},
				"up": {"uv": [6, 7.5, 6.75, 8.25], "texture": "#0"},
				"down": {"uv": [6, 7.5, 6.75, 8.25], "texture": "#0"}
			}
		},
		{
			"from": [5, 4.5, -8],
			"to": [8, 7.5, -5],
			"rotation": {"angle": 0, "axis": "y", "origin": [1, 4.5, -4]},
			"faces": {
				"north": {"uv": [6, 10, 6.75, 10.75], "texture": "#0"},
				"east": {"uv": [6, 10, 6.75, 10.75], "texture": "#0"},
				"south": {"uv": [6, 10, 6.75, 10.75], "texture": "#0"},
				"west": {"uv": [6, 10, 6.75, 10.75], "texture": "#0"},
				"up": {"uv": [6, 10, 6.75, 10.75], "texture": "#0"},
				"down": {"uv": [6, 10, 6.75, 10.75], "texture": "#0"}
			}
		},
		{
			"from": [-9, 9.45, 0],
			"to": [-7, 11.45, 2],
			"rotation": {"angle": 0, "axis": "y", "origin": [-7, 15.45, 0]},
			"faces": {
				"north": {"uv": [7.25, 2.5, 7.75, 3], "texture": "#0"},
				"east": {"uv": [7.25, 2.5, 7.75, 3], "texture": "#0"},
				"south": {"uv": [7.25, 2.5, 7.75, 3], "texture": "#0"},
				"west": {"uv": [7.25, 2.5, 7.75, 3], "texture": "#0"},
				"up": {"uv": [7.25, 2.5, 7.75, 3], "texture": "#0"},
				"down": {"uv": [7.25, 2.5, 7.75, 3], "texture": "#0"}
			}
		},
		{
			"from": [-9, 9.65, 0],
			"to": [-7, 11.65, 2],
			"rotation": {"angle": 0, "axis": "y", "origin": [-7, 15.65, 0]},
			"faces": {
				"north": {"uv": [7.25, 5, 7.75, 5.5], "texture": "#0"},
				"east": {"uv": [7.25, 5, 7.75, 5.5], "texture": "#0"},
				"south": {"uv": [7.25, 5, 7.75, 5.5], "texture": "#0"},
				"west": {"uv": [7.25, 5, 7.75, 5.5], "texture": "#0"},
				"up": {"uv": [7.25, 5, 7.75, 5.5], "texture": "#0"},
				"down": {"uv": [7.25, 5, 7.75, 5.5], "texture": "#0"}
			}
		},
		{
			"from": [-9, 9.85, 0],
			"to": [-7, 11.85, 2],
			"rotation": {"angle": 0, "axis": "y", "origin": [-7, 15.85, 0]},
			"faces": {
				"north": {"uv": [7.25, 7.5, 7.75, 8], "texture": "#0"},
				"east": {"uv": [7.25, 7.5, 7.75, 8], "texture": "#0"},
				"south": {"uv": [7.25, 7.5, 7.75, 8], "texture": "#0"},
				"west": {"uv": [7.25, 7.5, 7.75, 8], "texture": "#0"},
				"up": {"uv": [7.25, 7.5, 7.75, 8], "texture": "#0"},
				"down": {"uv": [7.25, 7.5, 7.75, 8], "texture": "#0"}
			}
		},
		{
			"from": [-9, 10.05, 0],
			"to": [-7, 12.05, 2],
			"rotation": {"angle": 0, "axis": "y", "origin": [-7, 16.05, 0]},
			"faces": {
				"north": {"uv": [7.25, 10, 7.75, 10.5], "texture": "#0"},
				"east": {"uv": [7.25, 10, 7.75, 10.5], "texture": "#0"},
				"south": {"uv": [7.25, 10, 7.75, 10.5], "texture": "#0"},
				"west": {"uv": [7.25, 10, 7.75, 10.5], "texture": "#0"},
				"up": {"uv": [7.25, 10, 7.75, 10.5], "texture": "#0"},
				"down": {"uv": [7.25, 10, 7.75, 10.5], "texture": "#0"}
			}
		},
		{
			"from": [-9.1, -2.5, 12],
			"to": [-7.1, -0.5, 14],
			"rotation": {"angle": 0, "axis": "y", "origin": [-13.1, -2.5, 12]},
			"faces": {
				"north": {"uv": [6.75, 2.5, 7.25, 3], "texture": "#0"},
				"east": {"uv": [6.75, 2.5, 7.25, 3], "texture": "#0"},
				"south": {"uv": [6.75, 2.5, 7.25, 3], "texture": "#0"},
				"west": {"uv": [6.75, 2.5, 7.25, 3], "texture": "#0"},
				"up": {"uv": [6.75, 2.5, 7.25, 3], "texture": "#0"},
				"down": {"uv": [6.75, 2.5, 7.25, 3], "texture": "#0"}
			}
		},
		{
			"from": [-9, -3, 12],
			"to": [-7, -1, 14],
			"rotation": {"angle": 0, "axis": "y", "origin": [-13, -3, 12]},
			"faces": {
				"north": {"uv": [6.75, 5, 7.25, 5.5], "texture": "#0"},
				"east": {"uv": [6.75, 5, 7.25, 5.5], "texture": "#0"},
				"south": {"uv": [6.75, 5, 7.25, 5.5], "texture": "#0"},
				"west": {"uv": [6.75, 5, 7.25, 5.5], "texture": "#0"},
				"up": {"uv": [6.75, 5, 7.25, 5.5], "texture": "#0"},
				"down": {"uv": [6.75, 5, 7.25, 5.5], "texture": "#0"}
			}
		},
		{
			"from": [-8.9, -3.5, 12],
			"to": [-6.9, -1.5, 14],
			"rotation": {"angle": 0, "axis": "y", "origin": [-12.9, -3.5, 12]},
			"faces": {
				"north": {"uv": [6.75, 7.5, 7.25, 8], "texture": "#0"},
				"east": {"uv": [6.75, 7.5, 7.25, 8], "texture": "#0"},
				"south": {"uv": [6.75, 7.5, 7.25, 8], "texture": "#0"},
				"west": {"uv": [6.75, 7.5, 7.25, 8], "texture": "#0"},
				"up": {"uv": [6.75, 7.5, 7.25, 8], "texture": "#0"},
				"down": {"uv": [6.75, 7.5, 7.25, 8], "texture": "#0"}
			}
		},
		{
			"from": [-9, -4, 12],
			"to": [-7, -2, 14],
			"rotation": {"angle": 0, "axis": "y", "origin": [-13, -4, 12]},
			"faces": {
				"north": {"uv": [6.75, 10, 7.25, 10.5], "texture": "#0"},
				"east": {"uv": [6.75, 10, 7.25, 10.5], "texture": "#0"},
				"south": {"uv": [6.75, 10, 7.25, 10.5], "texture": "#0"},
				"west": {"uv": [6.75, 10, 7.25, 10.5], "texture": "#0"},
				"up": {"uv": [6.75, 10, 7.25, 10.5], "texture": "#0"},
				"down": {"uv": [6.75, 10, 7.25, 10.5], "texture": "#0"}
			}
		},
		{
			"from": [13, 7.7, 22],
			"to": [15, 9.7, 24],
			"rotation": {"angle": 0, "axis": "y", "origin": [14, 9.7, 19]},
			"faces": {
				"north": {"uv": [7.75, 2.5, 8.25, 3], "texture": "#0"},
				"east": {"uv": [7.75, 2.5, 8.25, 3], "texture": "#0"},
				"south": {"uv": [7.75, 2.5, 8.25, 3], "texture": "#0"},
				"west": {"uv": [7.75, 2.5, 8.25, 3], "texture": "#0"},
				"up": {"uv": [7.75, 2.5, 8.25, 3], "texture": "#0"},
				"down": {"uv": [7.75, 2.5, 8.25, 3], "texture": "#0"}
			}
		},
		{
			"from": [13, 7.4, 22],
			"to": [15, 9.4, 24],
			"rotation": {"angle": 0, "axis": "y", "origin": [14, 9.4, 19]},
			"faces": {
				"north": {"uv": [7.75, 5, 8.25, 5.5], "texture": "#0"},
				"east": {"uv": [7.75, 5, 8.25, 5.5], "texture": "#0"},
				"south": {"uv": [7.75, 5, 8.25, 5.5], "texture": "#0"},
				"west": {"uv": [7.75, 5, 8.25, 5.5], "texture": "#0"},
				"up": {"uv": [7.75, 5, 8.25, 5.5], "texture": "#0"},
				"down": {"uv": [7.75, 5, 8.25, 5.5], "texture": "#0"}
			}
		},
		{
			"from": [13, 7.1, 22],
			"to": [15, 9.1, 24],
			"rotation": {"angle": 0, "axis": "y", "origin": [14, 9.1, 19]},
			"faces": {
				"north": {"uv": [7.75, 7.5, 8.25, 8], "texture": "#0"},
				"east": {"uv": [7.75, 7.5, 8.25, 8], "texture": "#0"},
				"south": {"uv": [7.75, 7.5, 8.25, 8], "texture": "#0"},
				"west": {"uv": [7.75, 7.5, 8.25, 8], "texture": "#0"},
				"up": {"uv": [7.75, 7.5, 8.25, 8], "texture": "#0"},
				"down": {"uv": [7.75, 7.5, 8.25, 8], "texture": "#0"}
			}
		},
		{
			"from": [13, 6.8, 22],
			"to": [15, 8.8, 24],
			"rotation": {"angle": 0, "axis": "y", "origin": [14, 8.8, 19]},
			"faces": {
				"north": {"uv": [7.75, 10, 8.25, 10.5], "texture": "#0"},
				"east": {"uv": [7.75, 10, 8.25, 10.5], "texture": "#0"},
				"south": {"uv": [7.75, 10, 8.25, 10.5], "texture": "#0"},
				"west": {"uv": [7.75, 10, 8.25, 10.5], "texture": "#0"},
				"up": {"uv": [7.75, 10, 8.25, 10.5], "texture": "#0"},
				"down": {"uv": [7.75, 10, 8.25, 10.5], "texture": "#0"}
			}
		},
		{
			"from": [-2, 4.75, 21],
			"to": [3, 9.75, 26],
			"rotation": {"angle": 0, "axis": "y", "origin": [1, 4.75, 24]},
			"faces": {
				"north": {"uv": [8.25, 2.5, 9.5, 3.75], "texture": "#0"},
				"east": {"uv": [8.25, 2.5, 9.5, 3.75], "texture": "#0"},
				"south": {"uv": [8.25, 2.5, 9.5, 3.75], "texture": "#0"},
				"west": {"uv": [8.25, 2.5, 9.5, 3.75], "texture": "#0"},
				"up": {"uv": [8.25, 2.5, 9.5, 3.75], "texture": "#0"},
				"down": {"uv": [8.25, 2.5, 9.5, 3.75], "texture": "#0"}
			}
		},
		{
			"from": [-2, 5, 21],
			"to": [3, 10, 26],
			"rotation": {"angle": 0, "axis": "y", "origin": [1, 5, 24]},
			"faces": {
				"north": {"uv": [8.25, 5, 9.5, 6.25], "texture": "#0"},
				"east": {"uv": [8.25, 5, 9.5, 6.25], "texture": "#0"},
				"south": {"uv": [8.25, 5, 9.5, 6.25], "texture": "#0"},
				"west": {"uv": [8.25, 5, 9.5, 6.25], "texture": "#0"},
				"up": {"uv": [8.25, 5, 9.5, 6.25], "texture": "#0"},
				"down": {"uv": [8.25, 5, 9.5, 6.25], "texture": "#0"}
			}
		},
		{
			"from": [-2, 5.25, 21],
			"to": [3, 10.25, 26],
			"rotation": {"angle": 0, "axis": "y", "origin": [1, 5.25, 24]},
			"faces": {
				"north": {"uv": [8.25, 7.5, 9.5, 8.75], "texture": "#0"},
				"east": {"uv": [8.25, 7.5, 9.5, 8.75], "texture": "#0"},
				"south": {"uv": [8.25, 7.5, 9.5, 8.75], "texture": "#0"},
				"west": {"uv": [8.25, 7.5, 9.5, 8.75], "texture": "#0"},
				"up": {"uv": [8.25, 7.5, 9.5, 8.75], "texture": "#0"},
				"down": {"uv": [8.25, 7.5, 9.5, 8.75], "texture": "#0"}
			}
		},
		{
			"from": [-2, 5.5, 21],
			"to": [3, 10.5, 26],
			"rotation": {"angle": 0, "axis": "y", "origin": [1, 5.5, 24]},
			"faces": {
				"north": {"uv": [8.25, 10, 9.5, 11.25], "texture": "#0"},
				"east": {"uv": [8.25, 10, 9.5, 11.25], "texture": "#0"},
				"south": {"uv": [8.25, 10, 9.5, 11.25], "texture": "#0"},
				"west": {"uv": [8.25, 10, 9.5, 11.25], "texture": "#0"},
				"up": {"uv": [8.25, 10, 9.5, 11.25], "texture": "#0"},
				"down": {"uv": [8.25, 10, 9.5, 11.25], "texture": "#0"}
			}
		},
		{
			"from": [18, 2.1, 1],
			"to": [25, 9.1, 8],
			"rotation": {"angle": 22.5, "axis": "z", "origin": [21.5, 5.6, 4.5]},
			"faces": {
				"north": {"uv": [9.5, 0, 11.25, 1.75], "texture": "#0"},
				"east": {"uv": [9.5, 0, 11.25, 1.75], "rotation": 90, "texture": "#0"},
				"south": {"uv": [9.5, 0, 11.25, 1.75], "texture": "#0"},
				"west": {"uv": [9.5, 0, 11.25, 1.75], "texture": "#0"},
				"up": {"uv": [9.5, 0, 11.25, 1.75], "texture": "#0"},
				"down": {"uv": [9.5, 0, 11.25, 1.75], "texture": "#0"}
			}
		},
		{
			"from": [18, 1.9, 1],
			"to": [25, 8.9, 8],
			"rotation": {"angle": 22.5, "axis": "z", "origin": [21.5, 5.4, 4.5]},
			"faces": {
				"north": {"uv": [9.5, 5, 11.25, 6.75], "texture": "#0"},
				"east": {"uv": [9.5, 5, 11.25, 6.75], "rotation": 90, "texture": "#0"},
				"south": {"uv": [9.5, 5, 11.25, 6.75], "texture": "#0"},
				"west": {"uv": [9.5, 5, 11.25, 6.75], "texture": "#0"},
				"up": {"uv": [9.5, 5, 11.25, 6.75], "texture": "#0"},
				"down": {"uv": [9.5, 5, 11.25, 6.75], "texture": "#0"}
			}
		},
		{
			"from": [17.9, 1.8, 1],
			"to": [24.9, 8.8, 8],
			"rotation": {"angle": 22.5, "axis": "z", "origin": [21.4, 5.3, 4.5]},
			"faces": {
				"north": {"uv": [9.5, 7.5, 11.25, 9.25], "texture": "#0"},
				"east": {"uv": [9.5, 7.5, 11.25, 9.25], "rotation": 90, "texture": "#0"},
				"south": {"uv": [9.5, 7.5, 11.25, 9.25], "texture": "#0"},
				"west": {"uv": [9.5, 7.5, 11.25, 9.25], "texture": "#0"},
				"up": {"uv": [9.5, 7.5, 11.25, 9.25], "texture": "#0"},
				"down": {"uv": [9.5, 7.5, 11.25, 9.25], "texture": "#0"}
			}
		},
		{
			"from": [17.8, 1.7, 1],
			"to": [24.8, 8.7, 8],
			"rotation": {"angle": 22.5, "axis": "z", "origin": [21.3, 5.2, 4.5]},
			"faces": {
				"north": {"uv": [9.5, 10, 11.25, 11.75], "texture": "#0"},
				"east": {"uv": [9.5, 10, 11.25, 11.75], "rotation": 90, "texture": "#0"},
				"south": {"uv": [9.5, 10, 11.25, 11.75], "texture": "#0"},
				"west": {"uv": [9.5, 10, 11.25, 11.75], "texture": "#0"},
				"up": {"uv": [9.5, 10, 11.25, 11.75], "texture": "#0"},
				"down": {"uv": [9.5, 10, 11.25, 11.75], "texture": "#0"}
			}
		},
		{
			"from": [15, 6, -2.1],
			"to": [28, 6, 10.9],
			"rotation": {"angle": 22.5, "axis": "z", "origin": [21.5, 5.5, 4.4]},
			"faces": {
				"north": {"uv": [9.5, 0, 11.25, 1.75], "texture": "#0"},
				"east": {"uv": [9.5, 0, 11.25, 1.75], "rotation": 90, "texture": "#0"},
				"south": {"uv": [9.5, 0, 11.25, 1.75], "texture": "#0"},
				"west": {"uv": [9.5, 0, 11.25, 1.75], "texture": "#0"},
				"up": {"uv": [0, 6, 2.75, 8.75], "texture": "#0"},
				"down": {"uv": [0, 6, 2.75, 8.75], "texture": "#0"}
			}
		},
		{
			"from": [15, 5.9, -2.1],
			"to": [28, 5.9, 10.9],
			"rotation": {"angle": 22.5, "axis": "z", "origin": [21.5, 5.4, 4.4]},
			"faces": {
				"north": {"uv": [9.5, 0, 11.25, 1.75], "texture": "#0"},
				"east": {"uv": [9.5, 0, 11.25, 1.75], "rotation": 90, "texture": "#0"},
				"south": {"uv": [9.5, 0, 11.25, 1.75], "texture": "#0"},
				"west": {"uv": [9.5, 0, 11.25, 1.75], "texture": "#0"},
				"up": {"uv": [0, 11.5, 2.75, 14.25], "texture": "#0"},
				"down": {"uv": [0, 11.5, 2.75, 14.25], "texture": "#0"}
			}
		},
		{
			"from": [14.8, 5.6, -2],
			"to": [27.8, 5.6, 11],
			"rotation": {"angle": 22.5, "axis": "z", "origin": [21.3, 5.1, 4.5]},
			"faces": {
				"north": {"uv": [9.5, 0, 11.25, 1.75], "texture": "#0"},
				"east": {"uv": [9.5, 0, 11.25, 1.75], "rotation": 90, "texture": "#0"},
				"south": {"uv": [9.5, 0, 11.25, 1.75], "texture": "#0"},
				"west": {"uv": [9.5, 0, 11.25, 1.75], "texture": "#0"},
				"up": {"uv": [2.75, 6, 5.5, 8.75], "texture": "#0"},
				"down": {"uv": [2.75, 6, 5.5, 8.75], "texture": "#0"}
			}
		},
		{
			"from": [14.6, 5.6, -2],
			"to": [27.6, 5.6, 11],
			"rotation": {"angle": 22.5, "axis": "z", "origin": [21.1, 5.1, 4.5]},
			"faces": {
				"north": {"uv": [9.5, 0, 11.25, 1.75], "texture": "#0"},
				"east": {"uv": [9.5, 0, 11.25, 1.75], "rotation": 90, "texture": "#0"},
				"south": {"uv": [9.5, 0, 11.25, 1.75], "texture": "#0"},
				"west": {"uv": [9.5, 0, 11.25, 1.75], "texture": "#0"},
				"up": {"uv": [2.75, 8.75, 5.5, 11.5], "texture": "#0"},
				"down": {"uv": [2.75, 8.75, 5.5, 11.5], "texture": "#0"}
			}
		},
		{
			"from": [1, 16, 7],
			"to": [10, 25, 16],
			"rotation": {"angle": -22.5, "axis": "y", "origin": [5, 4, 10]},
			"faces": {
				"north": {"uv": [13.25, 0, 15.5, 2.25], "texture": "#0"},
				"east": {"uv": [13.25, 0, 15.5, 2.25], "texture": "#0"},
				"south": {"uv": [13.25, 0, 15.5, 2.25], "texture": "#0"},
				"west": {"uv": [13.25, 0, 15.5, 2.25], "texture": "#0"},
				"up": {"uv": [13.25, 0, 15.5, 2.25], "texture": "#0"},
				"down": {"uv": [13.25, 0, 15.5, 2.25], "texture": "#0"}
			}
		},
		{
			"from": [1.2, 16, 7],
			"to": [10.2, 25, 16],
			"rotation": {"angle": -22.5, "axis": "y", "origin": [5.2, 4, 10]},
			"faces": {
				"north": {"uv": [13.25, 2.5, 15.5, 4.75], "texture": "#0"},
				"east": {"uv": [13.25, 2.5, 15.5, 4.75], "texture": "#0"},
				"south": {"uv": [13.25, 2.5, 15.5, 4.75], "texture": "#0"},
				"west": {"uv": [13.25, 2.5, 15.5, 4.75], "texture": "#0"},
				"up": {"uv": [13.25, 2.5, 15.5, 4.75], "texture": "#0"},
				"down": {"uv": [13.25, 2.5, 15.5, 4.75], "texture": "#0"}
			}
		},
		{
			"from": [1.2, 16, 7.2],
			"to": [10.2, 25, 16.2],
			"rotation": {"angle": -22.5, "axis": "y", "origin": [5.2, 4, 10.2]},
			"faces": {
				"north": {"uv": [13.25, 5, 15.5, 7.25], "texture": "#0"},
				"east": {"uv": [13.25, 5, 15.5, 7.25], "texture": "#0"},
				"south": {"uv": [13.25, 5, 15.5, 7.25], "texture": "#0"},
				"west": {"uv": [13.25, 5, 15.5, 7.25], "texture": "#0"},
				"up": {"uv": [13.25, 5, 15.5, 7.25], "texture": "#0"},
				"down": {"uv": [13.25, 5, 15.5, 7.25], "texture": "#0"}
			}
		},
		{
			"from": [1, 16, 7.2],
			"to": [10, 25, 16.2],
			"rotation": {"angle": -22.5, "axis": "y", "origin": [5, 4, 10.2]},
			"faces": {
				"north": {"uv": [13.25, 7.5, 15.5, 9.75], "texture": "#0"},
				"east": {"uv": [13.25, 7.5, 15.5, 9.75], "texture": "#0"},
				"south": {"uv": [13.25, 7.5, 15.5, 9.75], "texture": "#0"},
				"west": {"uv": [13.25, 7.5, 15.5, 9.75], "texture": "#0"},
				"up": {"uv": [13.25, 7.5, 15.5, 9.75], "texture": "#0"},
				"down": {"uv": [13.25, 7.5, 15.5, 9.75], "texture": "#0"}
			}
		},
		{
			"from": [1, 15.8, 7],
			"to": [10, 24.8, 16],
			"rotation": {"angle": -22.5, "axis": "y", "origin": [5, 3.8, 10]},
			"faces": {
				"north": {"uv": [13.25, 10, 15.5, 12.25], "texture": "#0"},
				"east": {"uv": [13.25, 10, 15.5, 12.25], "texture": "#0"},
				"south": {"uv": [13.25, 10, 15.5, 12.25], "texture": "#0"},
				"west": {"uv": [13.25, 10, 15.5, 12.25], "texture": "#0"},
				"up": {"uv": [13.25, 10, 15.5, 12.25], "texture": "#0"},
				"down": {"uv": [13.25, 10, 15.5, 12.25], "texture": "#0"}
			}
		},
		{
			"from": [11, 15, 6],
			"to": [0, 26, 17],
			"rotation": {"angle": -22.5, "axis": "y", "origin": [5, 4, 10]},
			"faces": {
				"north": {"uv": [11.25, 0, 13.25, 2], "texture": "#0"},
				"east": {"uv": [11.25, 0, 13.25, 2], "texture": "#0"},
				"south": {"uv": [11.25, 0, 13.25, 2], "texture": "#0"},
				"west": {"uv": [11.25, 0, 13.25, 2], "texture": "#0"},
				"up": {"uv": [11.25, 0, 13.25, 2], "texture": "#0"},
				"down": {"uv": [11.25, 0, 13.25, 2], "texture": "#0"}
			}
		},
		{
			"from": [10.9, 14.9, 5.9],
			"to": [0.1, 26.1, 17.1],
			"rotation": {"angle": -22.5, "axis": "y", "origin": [5, 4, 10]},
			"faces": {
				"north": {"uv": [11.25, 5, 13.25, 7], "texture": "#0"},
				"east": {"uv": [11.25, 5, 13.25, 7], "texture": "#0"},
				"south": {"uv": [11.25, 5, 13.25, 7], "texture": "#0"},
				"west": {"uv": [11.25, 5, 13.25, 7], "texture": "#0"},
				"up": {"uv": [11.25, 5, 13.25, 7], "texture": "#0"},
				"down": {"uv": [11.25, 5, 13.25, 7], "texture": "#0"}
			}
		},
		{
			"from": [11.1, 15.1, 6.1],
			"to": [-0.1, 25.9, 16.9],
			"rotation": {"angle": -22.5, "axis": "y", "origin": [5, 4, 10]},
			"faces": {
				"north": {"uv": [11.25, 7.5, 13.25, 9.5], "texture": "#0"},
				"east": {"uv": [11.25, 7.5, 13.25, 9.5], "texture": "#0"},
				"south": {"uv": [11.25, 7.5, 13.25, 9.5], "texture": "#0"},
				"west": {"uv": [11.25, 7.5, 13.25, 9.5], "texture": "#0"},
				"up": {"uv": [11.25, 7.5, 13.25, 9.5], "texture": "#0"},
				"down": {"uv": [11.25, 7.5, 13.25, 9.5], "texture": "#0"}
			}
		},
		{
			"from": [11.2, 15.2, 6.2],
			"to": [-0.2, 25.8, 16.8],
			"rotation": {"angle": -22.5, "axis": "y", "origin": [5, 4, 10]},
			"faces": {
				"north": {"uv": [11.25, 10, 13.25, 12], "texture": "#0"},
				"east": {"uv": [11.25, 10, 13.25, 12], "texture": "#0"},
				"south": {"uv": [11.25, 10, 13.25, 12], "texture": "#0"},
				"west": {"uv": [11.25, 10, 13.25, 12], "texture": "#0"},
				"up": {"uv": [11.25, 10, 13.25, 12], "texture": "#0"},
				"down": {"uv": [11.25, 10, 13.25, 12], "texture": "#0"}
			}
		},
		{
			"from": [11.1, 15, 6],
			"to": [0.2, 25.9, 16.9],
			"rotation": {"angle": -22.5, "axis": "y", "origin": [5, 4, 10]},
			"faces": {
				"north": {"uv": [11.25, 2.5, 13.25, 4.5], "texture": "#0"},
				"east": {"uv": [11.25, 2.5, 13.25, 4.5], "texture": "#0"},
				"south": {"uv": [11.25, 2.5, 13.25, 4.5], "texture": "#0"},
				"west": {"uv": [11.25, 2.5, 13.25, 4.5], "texture": "#0"},
				"up": {"uv": [11.25, 2.5, 13.25, 4.5], "texture": "#0"},
				"down": {"uv": [11.25, 2.5, 13.25, 4.5], "texture": "#0"}
			}
		}
	],
	"gui_light": "front",
	"display": {
		"thirdperson_righthand": {
			"rotation": [75, 45, 0],
			"translation": [0, 2.5, 0],
			"scale": [0.5, 0.5, 0.5]
		},
		"thirdperson_lefthand": {
			"rotation": [75, 45, 0],
			"translation": [0, 2.5, 0],
			"scale": [0.5, 0.5, 0.5]
		},
		"firstperson_righthand": {
			"rotation": [0, -90, 25],
			"translation": [1.13, 3.2, 1.13],
			"scale": [0.35, 0.35, 0.35]
		},
		"firstperson_lefthand": {
			"rotation": [0, -90, 25],
			"translation": [1.13, 3.2, 1.13],
			"scale": [0.35, 0.35, 0.35]
		},
		"ground": {
			"translation": [0, 2, 0],
			"scale": [0.5, 0.5, 0.5]
		},
		"gui": {
			"rotation": [30, 225, 0],
			"translation": [0, -1.5, 0],
			"scale": [0.48, 0.48, 0.48]
		},
		"head": {
			"rotation": [161, 29, 172],
			"translation": [-2.5, 2.25, -1.5],
			"scale": [1.22, 1.22, 1.22]
		},
		"fixed": {
			"rotation": [-90, 0, 0],
			"translation": [0, 0, -13.75],
			"scale": [1.8, 1.8, 1.8]
		}
	},
	"groups": [
		{
			"name": "group",
			"origin": [21.1, 5.1, 4.5],
			"color": 0,
			"children": [0, 1, 2, 3, 4, 5, 6, 7, 8, 9, 10, 11, 12, 13, 14, 15, 16, 17, 18, 19, 20, 21, 22, 23, 24, 25, 26, 27, 28, 29, 30, 31, 32, 33, 34, 35]
		},
		36,
		37,
		38,
		39,
		40,
		41,
		42,
		43,
		44,
		45
	]
}