{
	"credit": "by YSBB  2024",
	"textures": {
		"0": "block/ysbb_furnace/smoker2",
		"1": "block/ysbb_furnace/smoker3",
		"particle": "block/ysbb_furnace/smoker2"
	},
	"elements": [
		{
			"from": [0, 0, 0],
			"to": [16, 16, 16],
			"faces": {
				"north": {"uv": [0, 0, 8, 8], "texture": "#1", "cullface": "north"},
				"east": {"uv": [8, 8, 16, 16], "texture": "#0", "cullface": "east"},
				"south": {"uv": [8, 0, 16, 8], "texture": "#0", "cullface": "south"},
				"west": {"uv": [16, 8, 8, 16], "texture": "#0", "cullface": "west"},
				"up": {"uv": [0, 8, 8, 16], "texture": "#0", "cullface": "up"},
				"down": {"uv": [0, 8, 8, 16], "texture": "#0", "cullface": "down"}
			}
		}
	]
}