{
	"credit": "by YSBB",
	"ambientocclusion": false,
	"textures": {
		"particle": "block/torch/redstone_torch",
		"torch": "block/torch/redstone_torch"
	},
	"elements": [
		{
			"from": [7, 0, 7],
			"to": [9, 10, 9],
			"shade": false,
			"rotation": {"angle": 0, "axis": "y", "origin": [7, 0, 7]},
			"faces": {
				"north": {"uv": [7, 6, 9, 16], "texture": "#torch"},
				"east": {"uv": [7, 6, 9, 16], "texture": "#torch"},
				"south": {"uv": [7, 6, 9, 16], "texture": "#torch"},
				"west": {"uv": [7, 6, 9, 16], "texture": "#torch"},
				"up": {"uv": [7, 6, 9, 8], "texture": "#torch"},
				"down": {"uv": [7, 14, 9, 16], "texture": "#torch"}
			}
		},
		{
			"name": "no",
			"from": [9.5, 7.5, 6.5],
			"to": [6.5, 10.5, 9.5],
			"shade": false,
			"rotation": {"angle": 0, "axis": "y", "origin": [14.5, 19.5, 11.5]},
			"faces": {
				"north": {"uv": [7, 5, 8, 6], "texture": "#torch"},
				"east": {"uv": [7, 5, 8, 6], "texture": "#torch"},
				"south": {"uv": [7, 5, 8, 6], "texture": "#torch"},
				"west": {"uv": [7, 5, 8, 6], "texture": "#torch"},
				"up": {"uv": [7, 5, 8, 6], "texture": "#torch"},
				"down": {"uv": [7, 5, 8, 6], "texture": "#torch"}
			}
		}
	]
}