{
	"credit": "by YSBB",
	"parent": "minecraft:block/template_torch_wall",
	"textures": {
		"1": "block/torch/redstone_torch",
		"particle": "block/torch/redstone_torch"
	},
	"elements": [
		{
			"from": [-1, 3.5, 7],
			"to": [1, 13.5, 9],
			"shade": false,
			"rotation": {"angle": -22.5, "axis": "z", "origin": [0, 3.5, 8]},
			"faces": {
				"north": {"uv": [7, 6, 9, 16], "texture": "#1"},
				"east": {"uv": [7, 6, 9, 16], "texture": "#1"},
				"south": {"uv": [7, 6, 9, 16], "texture": "#1"},
				"west": {"uv": [7, 6, 9, 16], "texture": "#1"},
				"up": {"uv": [7, 6, 9, 8], "texture": "#1"},
				"down": {"uv": [7, 13, 9, 15], "texture": "#1"}
			}
		},
		{
			"name": "no",
			"from": [1.5, 11, 6.5],
			"to": [-1.5, 14, 9.5],
			"shade": false,
			"rotation": {"angle": -22.5, "axis": "z", "origin": [0, 3.5, 8]},
			"faces": {
				"north": {"uv": [6, 6, 7, 7], "texture": "#1"},
				"east": {"uv": [6, 6, 7, 7], "texture": "#1"},
				"south": {"uv": [6, 6, 7, 7], "texture": "#1"},
				"west": {"uv": [6, 6, 7, 7], "texture": "#1"},
				"up": {"uv": [6, 6, 7, 7], "texture": "#1"},
				"down": {"uv": [6, 6, 7, 7], "texture": "#1"}
			}
		}
	]
}