{
	"credit": "by YSBB  2024",
	"parent": "minecraft:block/orientable_vertical",
	"textures": {
		"0": "block/dispenser/dispenser1",
		"particle": "block/dispenser/dispenser_front"
	},
	"elements": [
		{
			"from": [0, 0, 0],
			"to": [16, 16, 16],
			"faces": {
				"north": {"uv": [4, 8, 8, 12], "texture": "#0", "cullface": "north"},
				"east": {"uv": [4, 8, 8, 12], "texture": "#0", "cullface": "east"},
				"south": {"uv": [4, 8, 8, 12], "texture": "#0", "cullface": "south"},
				"west": {"uv": [4, 8, 8, 12], "texture": "#0", "cullface": "west"},
				"up": {"uv": [0, 8, 4, 12], "texture": "#0", "cullface": "up"},
				"down": {"uv": [12, 8, 16, 12], "texture": "#0", "cullface": "down"}
			}
		}
	]
}