{
	"credit": "by YSBB  2024",
	"ambientocclusion": false,
	"textures": {
		"4": "block/ysbb_cauldron/cauldron_side",
		"5": "block/ysbb_cauldron/powder_snow",
		"6": "block/ysbb_cauldron/snow1111111",
		"top": "block/ysbb_cauldron/cauldron_top",
		"bottom": "block/ysbb_cauldron/cauldron_bottom",
		"particle": "block/ysbb_cauldron/snow1",
		"side": "block/ysbb_cauldron/snow1",
		"inside": "block/ysbb_cauldron/cauldron_inner"
	},
	"elements": [
		{
			"from": [2, 3, 2],
			"to": [14, 4, 14],
			"faces": {
				"up": {"uv": [2, 2, 14, 14], "texture": "#inside"},
				"down": {"uv": [2, 2, 14, 14], "texture": "#6"}
			}
		},
		{
			"from": [0, 0, 0],
			"to": [4, 3, 2],
			"faces": {
				"north": {"uv": [12, 13, 16, 16], "texture": "#side", "cullface": "north"},
				"east": {"uv": [14, 13, 16, 16], "texture": "#side"},
				"south": {"uv": [0, 13, 4, 16], "texture": "#side"},
				"west": {"uv": [0, 13, 2, 16], "texture": "#side", "cullface": "west"},
				"down": {"uv": [0, 14, 4, 16], "texture": "#bottom", "cullface": "down"}
			}
		},
		{
			"from": [0, 0, 2],
			"to": [2, 3, 4],
			"faces": {
				"east": {"uv": [12, 13, 14, 16], "texture": "#side"},
				"south": {"uv": [0, 13, 2, 16], "texture": "#side"},
				"west": {"uv": [2, 13, 4, 16], "texture": "#side", "cullface": "west"},
				"down": {"uv": [0, 12, 2, 14], "texture": "#bottom", "cullface": "down"}
			}
		},
		{
			"from": [12, 0, 0],
			"to": [16, 3, 2],
			"faces": {
				"north": {"uv": [0, 13, 4, 16], "texture": "#side", "cullface": "north"},
				"east": {"uv": [14, 13, 16, 16], "texture": "#side", "cullface": "east"},
				"south": {"uv": [12, 13, 16, 16], "texture": "#side"},
				"west": {"uv": [0, 13, 2, 16], "texture": "#side"},
				"down": {"uv": [12, 14, 16, 16], "texture": "#bottom", "cullface": "down"}
			}
		},
		{
			"from": [14, 0, 2],
			"to": [16, 3, 4],
			"faces": {
				"east": {"uv": [12, 13, 14, 16], "texture": "#side", "cullface": "east"},
				"south": {"uv": [14, 13, 16, 16], "texture": "#side"},
				"west": {"uv": [2, 13, 4, 16], "texture": "#side"},
				"down": {"uv": [14, 12, 16, 14], "texture": "#bottom", "cullface": "down"}
			}
		},
		{
			"from": [0, 0, 14],
			"to": [4, 3, 16],
			"faces": {
				"north": {"uv": [12, 13, 16, 16], "texture": "#side"},
				"east": {"uv": [0, 13, 2, 16], "texture": "#side"},
				"south": {"uv": [0, 13, 4, 16], "texture": "#side", "cullface": "south"},
				"west": {"uv": [14, 13, 16, 16], "texture": "#side", "cullface": "west"},
				"down": {"uv": [0, 0, 4, 2], "texture": "#bottom", "cullface": "down"}
			}
		},
		{
			"from": [0, 0, 12],
			"to": [2, 3, 14],
			"faces": {
				"north": {"uv": [14, 13, 16, 16], "texture": "#side"},
				"east": {"uv": [2, 13, 4, 16], "texture": "#side"},
				"west": {"uv": [12, 13, 14, 16], "texture": "#side", "cullface": "west"},
				"down": {"uv": [0, 2, 2, 4], "texture": "#bottom", "cullface": "down"}
			}
		},
		{
			"from": [12, 0, 14],
			"to": [16, 3, 16],
			"faces": {
				"north": {"uv": [0, 13, 4, 16], "texture": "#side"},
				"east": {"uv": [0, 13, 2, 16], "texture": "#side", "cullface": "east"},
				"south": {"uv": [12, 13, 16, 16], "texture": "#side", "cullface": "south"},
				"west": {"uv": [14, 13, 16, 16], "texture": "#side"},
				"down": {"uv": [12, 0, 16, 2], "texture": "#bottom", "cullface": "down"}
			}
		},
		{
			"from": [14, 0, 12],
			"to": [16, 3, 14],
			"faces": {
				"north": {"uv": [0, 13, 2, 16], "texture": "#side"},
				"east": {"uv": [2, 13, 4, 16], "texture": "#side", "cullface": "east"},
				"west": {"uv": [12, 13, 14, 16], "texture": "#side"},
				"down": {"uv": [14, 2, 16, 4], "texture": "#bottom", "cullface": "down"}
			}
		},
		{
			"from": [2, 4, 2],
			"to": [14, 9, 14],
			"faces": {
				"up": {"uv": [2, 2, 14, 14], "texture": "#5", "tintindex": 0}
			}
		},
		{
			"from": [2, 12, 1],
			"to": [14, 13, 2],
			"faces": {
				"north": {"uv": [2, 3, 14, 4], "texture": "#side"},
				"south": {"uv": [2, 3, 14, 4], "texture": "#4"},
				"up": {"uv": [2, 1, 14, 2], "texture": "#side"},
				"down": {"uv": [2, 14, 14, 15], "texture": "#side"}
			}
		},
		{
			"from": [0, 3, 0],
			"to": [2, 12, 16],
			"faces": {
				"north": {"uv": [14, 4, 16, 13], "texture": "#side", "cullface": "north"},
				"east": {"uv": [0, 4, 16, 13], "texture": "#4"},
				"south": {"uv": [0, 4, 2, 13], "texture": "#side", "cullface": "south"},
				"west": {"uv": [0, 4, 16, 13], "texture": "#side", "cullface": "west"},
				"up": {"uv": [0, 0, 2, 16], "texture": "#top"},
				"down": {"uv": [0, 0, 2, 16], "texture": "#6"}
			}
		},
		{
			"from": [2, 3, 14],
			"to": [14, 12, 16],
			"faces": {
				"north": {"uv": [2, 4, 14, 13], "texture": "#4"},
				"south": {"uv": [2, 4, 14, 13], "texture": "#side", "cullface": "south"},
				"up": {"uv": [2, 14, 14, 16], "texture": "#top"},
				"down": {"uv": [2, 0, 14, 2], "texture": "#6"}
			}
		},
		{
			"from": [14, 3, 0],
			"to": [16, 12, 16],
			"faces": {
				"north": {"uv": [0, 4, 2, 13], "texture": "#side", "cullface": "north"},
				"east": {"uv": [0, 4, 16, 13], "texture": "#side", "cullface": "east"},
				"south": {"uv": [14, 4, 16, 13], "texture": "#side", "cullface": "south"},
				"west": {"uv": [0, 4, 16, 13], "texture": "#4"},
				"up": {"uv": [14, 0, 16, 16], "texture": "#top"},
				"down": {"uv": [14, 0, 16, 16], "texture": "#6"}
			}
		},
		{
			"from": [2, 3, 0],
			"to": [14, 12, 2],
			"faces": {
				"north": {"uv": [2, 4, 14, 13], "texture": "#side", "cullface": "north"},
				"south": {"uv": [2, 4, 14, 13], "texture": "#4"},
				"up": {"uv": [2, 0, 14, 2], "texture": "#top"},
				"down": {"uv": [2, 14, 14, 16], "texture": "#6"}
			}
		},
		{
			"from": [0, 13, 0],
			"to": [2, 16, 16],
			"faces": {
				"north": {"uv": [14, 0, 16, 3], "texture": "#side", "cullface": "north"},
				"east": {"uv": [0, 0, 16, 3], "texture": "#side"},
				"south": {"uv": [0, 0, 2, 3], "texture": "#side", "cullface": "south"},
				"west": {"uv": [0, 0, 16, 3], "texture": "#side", "cullface": "west"},
				"up": {"uv": [0, 0, 2, 16], "texture": "#top", "cullface": "up"},
				"down": {"uv": [0, 0, 2, 16], "texture": "#top"}
			}
		},
		{
			"from": [2, 13, 14],
			"to": [14, 16, 16],
			"faces": {
				"north": {"uv": [2, 0, 14, 3], "texture": "#side"},
				"south": {"uv": [2, 0, 14, 3], "texture": "#side", "cullface": "south"},
				"up": {"uv": [2, 14, 14, 16], "texture": "#top", "cullface": "up"},
				"down": {"uv": [2, 0, 14, 2], "texture": "#top"}
			}
		},
		{
			"from": [14, 13, 0],
			"to": [16, 16, 16],
			"faces": {
				"north": {"uv": [0, 0, 2, 3], "texture": "#side", "cullface": "north"},
				"east": {"uv": [0, 0, 16, 3], "texture": "#side", "cullface": "east"},
				"south": {"uv": [14, 0, 16, 3], "texture": "#side", "cullface": "south"},
				"west": {"uv": [0, 0, 16, 3], "texture": "#side"},
				"up": {"uv": [14, 0, 16, 16], "texture": "#top", "cullface": "up"},
				"down": {"uv": [14, 0, 16, 16], "texture": "#top"}
			}
		},
		{
			"from": [2, 13, 0],
			"to": [14, 16, 2],
			"faces": {
				"north": {"uv": [2, 0, 14, 3], "texture": "#side", "cullface": "north"},
				"south": {"uv": [2, 0, 14, 3], "texture": "#side"},
				"up": {"uv": [2, 0, 14, 2], "texture": "#top", "cullface": "up"},
				"down": {"uv": [2, 14, 14, 16], "texture": "#top"}
			}
		},
		{
			"from": [1, 12, 1],
			"to": [2, 13, 15],
			"faces": {
				"north": {"uv": [14, 3, 15, 4], "texture": "#side"},
				"east": {"uv": [1, 3, 15, 4], "texture": "#4"},
				"south": {"uv": [1, 3, 2, 4], "texture": "#side"},
				"west": {"uv": [1, 3, 15, 4], "texture": "#side"},
				"up": {"uv": [1, 1, 2, 15], "texture": "#side"},
				"down": {"uv": [1, 1, 2, 15], "texture": "#side"}
			}
		},
		{
			"from": [2, 12, 14],
			"to": [14, 13, 15],
			"faces": {
				"north": {"uv": [2, 3, 14, 4], "texture": "#4"},
				"south": {"uv": [2, 3, 14, 4], "texture": "#side"},
				"up": {"uv": [2, 14, 14, 15], "texture": "#side"},
				"down": {"uv": [2, 1, 14, 2], "texture": "#side"}
			}
		},
		{
			"from": [14, 12, 1],
			"to": [15, 13, 15],
			"faces": {
				"north": {"uv": [1, 3, 2, 4], "texture": "#side"},
				"east": {"uv": [1, 3, 15, 4], "texture": "#side"},
				"south": {"uv": [14, 3, 15, 4], "texture": "#side"},
				"west": {"uv": [1, 3, 15, 4], "texture": "#4"},
				"up": {"uv": [14, 1, 15, 15], "texture": "#side"},
				"down": {"uv": [14, 1, 15, 15], "texture": "#side"}
			}
		}
	],
	"groups": [
		0,
		1,
		2,
		3,
		4,
		5,
		6,
		7,
		8,
		{
			"name": "group",
			"origin": [0, 0, 0],
			"color": 0,
			"children": []
		},
		{
			"name": "group",
			"origin": [0, 0, 0],
			"color": 0,
			"children": []
		},
		{
			"name": "group",
			"origin": [0, 0, 0],
			"color": 0,
			"children": []
		},
		9,
		{
			"name": "group",
			"origin": [0, 0, 0],
			"color": 0,
			"children": [10, 11, 12, 13, 14, 15, 16, 17, 18, 19, 20, 21]
		}
	]
}