{
	"credit": "Made by YSBB with Blockbench",
	"textures": {
		"hook": "block/tripwire_hook",
		"particle": "block/oak_planks",
		"wood": "block/oak_planks",
		"tripwire": "block/tripwire/tripwire"
	},
	"elements": [
		{
			"from": [7.5, 2.5, 0.5],
			"to": [8.5, 2.5, 8.5],
			"rotation": {"angle": -22.5, "axis": "x", "origin": [8, 1, 0], "rescale": true},
			"faces": {
				"up": {"uv": [0, 6, 16, 8], "rotation": 90, "texture": "#tripwire"},
				"down": {"uv": [16, 6, 0, 8], "rotation": 90, "texture": "#tripwire"}
			}
		},
		{
			"from": [6.2, 5.2, 6.7],
			"to": [9.8, 6, 10.3],
			"rotation": {"angle": -22.5, "axis": "x", "origin": [8, 5.2, 6.7]},
			"faces": {
				"north": {"uv": [5, 3, 11, 4], "texture": "#hook"},
				"east": {"uv": [5, 3, 11, 4], "texture": "#hook"},
				"south": {"uv": [5, 8, 11, 9], "texture": "#hook"},
				"west": {"uv": [5, 8, 11, 9], "texture": "#hook"},
				"up": {"uv": [5, 3, 11, 9], "texture": "#hook"},
				"down": {"uv": [5, 3, 11, 9], "texture": "#hook"}
			}
		},
		{
			"from": [7.4, 5.2, 9.1],
			"to": [8.6, 6, 9.1],
			"rotation": {"angle": -22.5, "axis": "x", "origin": [8, 5.2, 6.7]},
			"faces": {
				"north": {"uv": [7, 8, 9, 9], "texture": "#hook"}
			}
		},
		{
			"from": [7.4, 5.2, 7.9],
			"to": [8.6, 6, 7.9],
			"rotation": {"angle": -22.5, "axis": "x", "origin": [8, 5.2, 6.7]},
			"faces": {
				"south": {"uv": [7, 3, 9, 4], "texture": "#hook"}
			}
		},
		{
			"from": [7.4, 5.2, 7.9],
			"to": [7.4, 6, 9.1],
			"rotation": {"angle": -22.5, "axis": "x", "origin": [8, 5.2, 6.7]},
			"faces": {
				"east": {"uv": [7, 8, 9, 9], "texture": "#hook"}
			}
		},
		{
			"from": [8.6, 5.2, 7.9],
			"to": [8.6, 6, 9.1],
			"rotation": {"angle": -22.5, "axis": "x", "origin": [8, 5.2, 6.7]},
			"faces": {
				"west": {"uv": [7, 3, 9, 4], "texture": "#hook"}
			}
		},
		{
			"from": [7.4, 6.2, 10],
			"to": [8.8, 7.8, 14],
			"rotation": {"angle": 0, "axis": "y", "origin": [0, 1, 0]},
			"faces": {
				"north": {"uv": [7, 9, 9, 11], "texture": "#wood"},
				"east": {"uv": [9, 9, 14, 11], "texture": "#wood"},
				"west": {"uv": [2, 9, 7, 11], "texture": "#wood"},
				"up": {"uv": [7, 2, 9, 7], "texture": "#wood"},
				"down": {"uv": [7, 9, 9, 14], "texture": "#wood"}
			}
		},
		{
			"from": [6, 2, 14],
			"to": [10, 10, 16],
			"rotation": {"angle": 0, "axis": "y", "origin": [0, 1, 0]},
			"faces": {
				"north": {"uv": [6, 7, 10, 15], "texture": "#wood"},
				"east": {"uv": [14, 7, 16, 15], "texture": "#wood"},
				"south": {"uv": [6, 7, 10, 15], "texture": "#wood", "cullface": "south"},
				"west": {"uv": [0, 7, 2, 15], "texture": "#wood"},
				"up": {"uv": [6, 0, 10, 2], "texture": "#wood"},
				"down": {"uv": [6, 14, 10, 16], "texture": "#wood"}
			}
		}
	]
}