{
	"credit": "Made by YSBB with Blockbench",
	"ambientocclusion": false,
	"textures": {
		"particle": "block/tripwire/tripwire",
		"texture": "block/tripwire/tripwire"
	},
	"elements": [
		{
			"from": [7.5, 2.5, 0],
			"to": [8.5, 2.5, 4],
			"shade": false,
			"faces": {
				"up": {"uv": [0, 6, 8, 8], "rotation": 90, "texture": "#texture"},
				"down": {"uv": [8, 6, 0, 8], "rotation": 90, "texture": "#texture"}
			}
		},
		{
			"from": [7.5, 2.5, 8],
			"to": [8.5, 2.5, 12],
			"shade": false,
			"faces": {
				"up": {"uv": [8, 6, 16, 8], "rotation": 90, "texture": "#texture"},
				"down": {"uv": [16, 6, 8, 8], "rotation": 90, "texture": "#texture"}
			}
		},
		{
			"from": [7.5, 2.5, 4],
			"to": [8.5, 2.5, 8],
			"shade": false,
			"faces": {
				"up": {"uv": [4, 6, 12, 8], "rotation": 90, "texture": "#texture"},
				"down": {"uv": [12, 6, 4, 8], "rotation": 90, "texture": "#texture"}
			}
		},
		{
			"from": [7.5, 2.5, 12],
			"to": [8.5, 2.5, 16],
			"shade": false,
			"faces": {
				"up": {"uv": [4, 6, 12, 8], "rotation": 90, "texture": "#texture"},
				"down": {"uv": [12, 6, 4, 8], "rotation": 90, "texture": "#texture"}
			}
		}
	]
}