{
	"credit": "by YSBB  2024",
	"parent": "block/block",
	"textures": {
		"particle": "block/enchanting_table/enchanting_table_bottom",
		"bottom": "block/enchanting_table/enchanting_table_bottom",
		"top": "block/enchanting_table/enchanting_table_top",
		"side": "block/enchanting_table/enchanting_table_side"
	},
	"elements": [
		{
			"from": [0, 0, 0],
			"to": [16, 11.5, 16],
			"faces": {
				"north": {"uv": [0, 4.25, 16, 16], "texture": "#side", "cullface": "north"},
				"east": {"uv": [0, 4.25, 16, 16], "texture": "#side", "cullface": "east"},
				"south": {"uv": [0, 4.25, 16, 16], "texture": "#side", "cullface": "south"},
				"west": {"uv": [0, 4.25, 16, 16], "texture": "#side", "cullface": "west"},
				"up": {"uv": [0, 0, 16, 16], "texture": "#top"},
				"down": {"uv": [0, 0, 16, 16], "texture": "#bottom", "cullface": "down"}
			}
		},
		{
			"from": [13, 11.5, 0],
			"to": [16, 12, 4],
			"rotation": {"angle": 0, "axis": "y", "origin": [14.25, 11.75, 1.75]},
			"faces": {
				"north": {"uv": [16, 0, 13, 0.5], "texture": "#top"},
				"east": {"uv": [12, 0, 16, 0.5], "texture": "#top"},
				"south": {"uv": [13, 3, 16, 3.5], "texture": "#top"},
				"west": {"uv": [16, 1, 12, 1.5], "texture": "#top"},
				"up": {"uv": [13, 0, 16, 4], "texture": "#top"}
			}
		},
		{
			"from": [12, 11.5, 0],
			"to": [16, 12, 3],
			"rotation": {"angle": 0, "axis": "y", "origin": [14.25, 11.75, 1.75]},
			"faces": {
				"north": {"uv": [0, 0, 4, 0.5], "texture": "#top"},
				"east": {"uv": [3, 0, 0, 0.5], "texture": "#top"},
				"south": {"uv": [14, 0, 14.5, 4], "rotation": 90, "texture": "#top"},
				"west": {"uv": [12, 3, 12.5, 0], "rotation": 90, "texture": "#top"},
				"up": {"uv": [12, 0, 16, 3], "texture": "#top"}
			}
		},
		{
			"from": [12, 11.5, 13],
			"to": [16, 12, 16],
			"rotation": {"angle": 0, "axis": "y", "origin": [14.25, 11.75, 14.25]},
			"faces": {
				"north": {"uv": [16, 1, 12, 1.5], "texture": "#top"},
				"east": {"uv": [16, 0, 13, 0.5], "texture": "#top"},
				"south": {"uv": [12, 0, 16, 0.5], "texture": "#top"},
				"west": {"uv": [13, 3, 16, 3.5], "texture": "#top"},
				"up": {"uv": [13, 0, 16, 4], "rotation": 90, "texture": "#top"}
			}
		},
		{
			"from": [13, 11.5, 12],
			"to": [16, 12, 16],
			"rotation": {"angle": 0, "axis": "y", "origin": [14.25, 11.75, 14.25]},
			"faces": {
				"north": {"uv": [12, 3, 12.5, 0], "rotation": 90, "texture": "#top"},
				"east": {"uv": [0, 0, 4, 0.5], "texture": "#top"},
				"south": {"uv": [3, 0, 0, 0.5], "texture": "#top"},
				"west": {"uv": [14, 0, 14.5, 4], "rotation": 90, "texture": "#top"},
				"up": {"uv": [12, 0, 16, 3], "rotation": 90, "texture": "#top"}
			}
		},
		{
			"from": [0, 11.5, 12],
			"to": [3, 12, 16],
			"rotation": {"angle": 0, "axis": "y", "origin": [1.75, 11.75, 8]},
			"faces": {
				"north": {"uv": [13, 3, 16, 3.5], "texture": "#top"},
				"east": {"uv": [16, 1, 12, 1.5], "texture": "#top"},
				"south": {"uv": [16, 0, 13, 0.5], "texture": "#top"},
				"west": {"uv": [12, 0, 16, 0.5], "texture": "#top"},
				"up": {"uv": [13, 0, 16, 4], "rotation": 180, "texture": "#top"}
			}
		},
		{
			"from": [0, 11.5, 13],
			"to": [4, 12, 16],
			"rotation": {"angle": 0, "axis": "y", "origin": [1.75, 11.75, 8]},
			"faces": {
				"north": {"uv": [14, 0, 14.5, 4], "rotation": 90, "texture": "#top"},
				"east": {"uv": [12, 3, 12.5, 0], "rotation": 90, "texture": "#top"},
				"south": {"uv": [0, 0, 4, 0.5], "texture": "#top"},
				"west": {"uv": [3, 0, 0, 0.5], "texture": "#top"},
				"up": {"uv": [12, 0, 16, 3], "rotation": 180, "texture": "#top"}
			}
		},
		{
			"from": [0, 11.5, 0],
			"to": [4, 12, 3],
			"rotation": {"angle": 0, "axis": "y", "origin": [1.75, 11.75, 8]},
			"faces": {
				"north": {"uv": [12, 0, 16, 0.5], "texture": "#top"},
				"east": {"uv": [13, 3, 16, 3.5], "texture": "#top"},
				"south": {"uv": [16, 1, 12, 1.5], "texture": "#top"},
				"west": {"uv": [16, 0, 13, 0.5], "texture": "#top"},
				"up": {"uv": [13, 0, 16, 4], "rotation": 270, "texture": "#top"}
			}
		},
		{
			"from": [0, 11.5, 0],
			"to": [3, 12, 4],
			"rotation": {"angle": 0, "axis": "y", "origin": [1.75, 11.75, 8]},
			"faces": {
				"north": {"uv": [3, 0, 0, 0.5], "texture": "#top"},
				"east": {"uv": [14, 0, 14.5, 4], "rotation": 90, "texture": "#top"},
				"south": {"uv": [12, 3, 12.5, 0], "rotation": 90, "texture": "#top"},
				"west": {"uv": [0, 0, 4, 0.5], "texture": "#top"},
				"up": {"uv": [12, 0, 16, 3], "rotation": 270, "texture": "#top"}
			}
		}
	],
	"groups": [
		0,
		{
			"name": "group",
			"origin": [8, 8, 8],
			"color": 0,
			"children": [
				{
					"name": "group",
					"origin": [14.25, 12.25, 1.75],
					"color": 0,
					"children": [1, 2]
				},
				{
					"name": "group",
					"origin": [14.25, 12.25, 1.75],
					"color": 0,
					"children": [3, 4]
				}
			]
		},
		{
			"name": "group",
			"origin": [8, 8, 8],
			"color": 0,
			"children": [
				{
					"name": "group",
					"origin": [14.25, 12.25, 1.75],
					"color": 0,
					"children": [5, 6]
				},
				{
					"name": "group",
					"origin": [14.25, 12.25, 1.75],
					"color": 0,
					"children": [7, 8]
				}
			]
		},
		{
			"name": "group",
			"origin": [8, 13, 8.0375],
			"color": 0,
			"children": []
		}
	]
}