{
	"credit": "Made by YSBB with Blockbench",
	"ambientocclusion": false,
	"textures": {
		"3": "block/ysbb_repeater/redstone_torch",
		"4": "block/ysbb_repeater/smooth_stone2",
		"slab": "block/ysbb_repeater/smooth_stone",
		"particle": "block/ysbb_repeater/repeater_on2",
		"top": "block/ysbb_repeater/repeater_on2"
	},
	"elements": [
		{
			"from": [0, 0, 0],
			"to": [16, 2, 16],
			"faces": {
				"north": {"uv": [0, 14, 16, 16], "texture": "#slab", "cullface": "north"},
				"east": {"uv": [16, 10, 0, 12], "texture": "#4", "cullface": "east"},
				"south": {"uv": [0, 14, 16, 16], "texture": "#slab", "cullface": "south"},
				"west": {"uv": [0, 10, 16, 12], "texture": "#4", "cullface": "west"},
				"up": {"uv": [0, 0, 16, 16], "texture": "#top"},
				"down": {"uv": [0, 0, 16, 16], "texture": "#slab", "cullface": "down"}
			}
		},
		{
			"name": "no",
			"from": [9.5, 2.5, 1.5],
			"to": [6.5, 5.5, 4.5],
			"shade": false,
			"rotation": {"angle": 0, "axis": "y", "origin": [14.5, 14.5, 6.5]},
			"faces": {
				"north": {"uv": [2, 2.5, 3, 3.5], "texture": "#3"},
				"east": {"uv": [2, 2.5, 3, 3.5], "texture": "#3"},
				"south": {"uv": [2, 2.5, 3, 3.5], "texture": "#3"},
				"west": {"uv": [2, 2.5, 3, 3.5], "texture": "#3"},
				"up": {"uv": [2, 2.5, 3, 3.5], "texture": "#3"},
				"down": {"uv": [2, 2.5, 3, 3.5], "texture": "#3"}
			}
		},
		{
			"name": "no",
			"from": [7, 0, 8],
			"to": [9, 5, 10],
			"shade": false,
			"rotation": {"angle": 0, "axis": "y", "origin": [7, -5, 8]},
			"faces": {
				"north": {"uv": [2, 6, 4, 11], "texture": "#3"},
				"east": {"uv": [2, 6, 4, 11], "texture": "#3"},
				"south": {"uv": [2, 6, 4, 11], "texture": "#3"},
				"west": {"uv": [2, 6, 4, 11], "texture": "#3"},
				"up": {"uv": [2, 6, 4, 8], "texture": "#3"}
			}
		},
		{
			"name": "no",
			"from": [9.5, 2.5, 7.5],
			"to": [6.5, 5.5, 10.5],
			"shade": false,
			"rotation": {"angle": 0, "axis": "y", "origin": [14.5, 14.5, 12.5]},
			"faces": {
				"north": {"uv": [2, 2.5, 3, 3.5], "texture": "#3"},
				"east": {"uv": [2, 2.5, 3, 3.5], "texture": "#3"},
				"south": {"uv": [2, 2.5, 3, 3.5], "texture": "#3"},
				"west": {"uv": [2, 2.5, 3, 3.5], "texture": "#3"},
				"up": {"uv": [2, 2.5, 3, 3.5], "texture": "#3"},
				"down": {"uv": [2, 2.5, 3, 3.5], "texture": "#3"}
			}
		},
		{
			"name": "no",
			"from": [7, 0, 2],
			"to": [9, 5, 4],
			"shade": false,
			"rotation": {"angle": 0, "axis": "y", "origin": [7, -5, 2]},
			"faces": {
				"north": {"uv": [2, 6, 4, 11], "texture": "#3"},
				"east": {"uv": [2, 6, 4, 11], "texture": "#3"},
				"south": {"uv": [2, 6, 4, 11], "texture": "#3"},
				"west": {"uv": [2, 6, 4, 11], "texture": "#3"},
				"up": {"uv": [2, 6, 4, 8], "texture": "#3"}
			}
		}
	]
}