{
	"credit": "Made by YSBB with Blockbench",
	"ambientocclusion": false,
	"textures": {
		"4": "block/ysbb_repeater/redstone_torch",
		"5": "block/ysbb_repeater/smooth_stone2",
		"slab": "block/ysbb_repeater/smooth_stone",
		"particle": "block/ysbb_repeater/repeater_on4",
		"top": "block/ysbb_repeater/repeater_on4",
		"lock": "block/ysbb_repeater/repeater5"
	},
	"elements": [
		{
			"from": [0, 0, 0],
			"to": [16, 2, 16],
			"faces": {
				"north": {"uv": [0, 14, 16, 16], "texture": "#slab", "cullface": "north"},
				"east": {"uv": [16, 14, 0, 16], "texture": "#5", "cullface": "east"},
				"south": {"uv": [0, 14, 16, 16], "texture": "#slab", "cullface": "south"},
				"west": {"uv": [0, 14, 16, 16], "texture": "#5", "cullface": "west"},
				"up": {"uv": [0, 0, 16, 16], "texture": "#top"},
				"down": {"uv": [0, 0, 16, 16], "texture": "#slab", "cullface": "down"}
			}
		},
		{
			"name": "no",
			"from": [9.5, 3.5, 1.5],
			"to": [6.5, 6.5, 4.5],
			"shade": false,
			"rotation": {"angle": 0, "axis": "y", "origin": [14.5, 15.5, 6.5]},
			"faces": {
				"north": {"uv": [2, 2.5, 3, 3.5], "texture": "#4"},
				"east": {"uv": [2, 2.5, 3, 3.5], "texture": "#4"},
				"south": {"uv": [2, 2.5, 3, 3.5], "texture": "#4"},
				"west": {"uv": [2, 2.5, 3, 3.5], "texture": "#4"},
				"up": {"uv": [2, 2.5, 3, 3.5], "texture": "#4"},
				"down": {"uv": [2, 2.5, 3, 3.5], "texture": "#4"}
			}
		},
		{
			"name": "no",
			"from": [7, 1, 2],
			"to": [9, 6, 4],
			"shade": false,
			"rotation": {"angle": 0, "axis": "y", "origin": [7, -4, 2]},
			"faces": {
				"north": {"uv": [2, 6, 4, 11], "texture": "#4"},
				"east": {"uv": [2, 6, 4, 11], "texture": "#4"},
				"south": {"uv": [2, 6, 4, 11], "texture": "#4"},
				"west": {"uv": [2, 6, 4, 11], "texture": "#4"},
				"up": {"uv": [2, 6, 4, 8], "texture": "#4"}
			}
		},
		{
			"from": [3, 2, 12],
			"to": [13, 4, 14],
			"rotation": {"angle": 0, "axis": "y", "origin": [0, 0, 6]},
			"faces": {
				"north": {"uv": [9, 3, 7, 13], "rotation": 90, "texture": "#lock"},
				"east": {"uv": [6, 7, 8, 9], "texture": "#lock"},
				"south": {"uv": [7, 3, 9, 13], "rotation": 90, "texture": "#lock"},
				"west": {"uv": [6, 7, 8, 9], "texture": "#lock"},
				"up": {"uv": [7, 4, 9, 14], "rotation": 90, "texture": "#lock"}
			}
		}
	]
}