{
	"credit": "Made by YSBB with Blockbench",
	"ambientocclusion": false,
	"textures": {
		"4": "block/ysbb_repeater/smooth_stone2",
		"slab": "block/ysbb_repeater/smooth_stone",
		"particle": "block/ysbb_repeater/repeater2",
		"top": "block/ysbb_repeater/repeater2",
		"lock": "block/ysbb_repeater/repeater5",
		"unlit": "block/ysbb_repeater/redstone_torch_off"
	},
	"elements": [
		{
			"from": [0, 0, 0],
			"to": [16, 2, 16],
			"faces": {
				"north": {"uv": [0, 14, 16, 16], "texture": "#slab", "cullface": "north"},
				"east": {"uv": [16, 2, 0, 4], "texture": "#4", "cullface": "east"},
				"south": {"uv": [0, 14, 16, 16], "texture": "#slab", "cullface": "south"},
				"west": {"uv": [0, 2, 16, 4], "texture": "#4", "cullface": "west"},
				"up": {"uv": [0, 0, 16, 16], "texture": "#top"},
				"down": {"uv": [0, 0, 16, 16], "texture": "#slab", "cullface": "down"}
			}
		},
		{
			"from": [7, 1, 2],
			"to": [9, 6, 4],
			"rotation": {"angle": 0, "axis": "y", "origin": [0, -1, 0]},
			"faces": {
				"north": {"uv": [7, 6, 9, 11], "texture": "#unlit"},
				"east": {"uv": [7, 6, 9, 11], "texture": "#unlit"},
				"south": {"uv": [7, 6, 9, 11], "texture": "#unlit"},
				"west": {"uv": [7, 6, 9, 11], "texture": "#unlit"},
				"up": {"uv": [7, 6, 9, 8], "texture": "#unlit"}
			}
		},
		{
			"from": [3, 2, 8],
			"to": [13, 4, 10],
			"rotation": {"angle": 0, "axis": "y", "origin": [0, 0, 2]},
			"faces": {
				"north": {"uv": [9, 3, 7, 13], "rotation": 90, "texture": "#lock"},
				"east": {"uv": [6, 7, 8, 9], "texture": "#lock"},
				"south": {"uv": [7, 3, 9, 13], "rotation": 90, "texture": "#lock"},
				"west": {"uv": [6, 7, 8, 9], "texture": "#lock"},
				"up": {"uv": [7, 4, 9, 14], "rotation": 90, "texture": "#lock"}
			}
		}
	]
}