{
	"credit": "Made by YSBB with Blockbench",
	"texture_size": [64, 64],
	"textures": {
		"6": "block/hopper/hopper1",
		"particle": "block/hopper/hopper_inside"
	},
	"elements": [
		{
			"from": [0, 10, 0],
			"to": [16, 16, 2],
			"faces": {
				"north": {"uv": [0, 0, 4, 1.5], "texture": "#6", "cullface": "north"},
				"east": {"uv": [3.5, 0, 4, 1.5], "texture": "#6", "cullface": "east"},
				"south": {"uv": [6.25, 9, 10.25, 10.5], "texture": "#6"},
				"west": {"uv": [0, 0, 0.5, 1.5], "texture": "#6", "cullface": "west"},
				"up": {"uv": [6.25, 0, 10.25, 0.5], "texture": "#6", "cullface": "up"},
				"down": {"uv": [11, 3.5, 15, 4], "texture": "#6"}
			}
		},
		{
			"from": [0, 10, 14],
			"to": [16, 16, 16],
			"rotation": {"angle": 0, "axis": "y", "origin": [0, 0, 14]},
			"faces": {
				"north": {"uv": [6.25, 9, 10.25, 10.5], "texture": "#6"},
				"east": {"uv": [0, 0, 0.5, 1.5], "texture": "#6", "cullface": "east"},
				"south": {"uv": [0, 0, 4, 1.5], "texture": "#6", "cullface": "south"},
				"west": {"uv": [3.5, 0, 4, 1.5], "texture": "#6", "cullface": "west"},
				"up": {"uv": [6.25, 3.5, 10.25, 4], "texture": "#6", "cullface": "up"},
				"down": {"uv": [11, 0, 15, 0.5], "texture": "#6"}
			}
		},
		{
			"from": [14, 10, 2],
			"to": [16, 16, 14],
			"rotation": {"angle": 0, "axis": "y", "origin": [0, 0, 8]},
			"faces": {
				"east": {"uv": [0.5, 0, 3.5, 1.5], "texture": "#6", "cullface": "east"},
				"west": {"uv": [6.75, 9, 9.75, 10.5], "texture": "#6"},
				"up": {"uv": [9.75, 0.5, 10.25, 3.5], "texture": "#6", "cullface": "up"},
				"down": {"uv": [14.5, 0.5, 15, 3.5], "texture": "#6"}
			}
		},
		{
			"from": [0, 10, 2],
			"to": [2, 16, 14],
			"rotation": {"angle": 0, "axis": "y", "origin": [-14, 0, 8]},
			"faces": {
				"east": {"uv": [6.75, 9, 9.75, 10.5], "texture": "#6"},
				"west": {"uv": [0.5, 0, 3.5, 1.5], "texture": "#6", "cullface": "west"},
				"up": {"uv": [6.25, 0.5, 6.75, 3.5], "texture": "#6", "cullface": "up"},
				"down": {"uv": [11, 0.5, 11.5, 3.5], "texture": "#6"}
			}
		},
		{
			"from": [2, 10, 2],
			"to": [14, 11, 14],
			"rotation": {"angle": 0, "axis": "y", "origin": [0, 0, 8]},
			"faces": {
				"up": {"uv": [11.5, 9.5, 14.5, 12.5], "texture": "#6", "cullface": "up"},
				"down": {"uv": [11.5, 0.5, 14.5, 3.5], "texture": "#6"}
			}
		},
		{
			"from": [4, 4, 4],
			"to": [12, 10, 12],
			"faces": {
				"north": {"uv": [7.25, 10.5, 9.25, 12], "texture": "#6"},
				"east": {"uv": [7.25, 10.5, 9.25, 12], "texture": "#6"},
				"south": {"uv": [7.25, 10.5, 9.25, 12], "texture": "#6"},
				"west": {"uv": [7.25, 10.5, 9.25, 12], "texture": "#6"},
				"down": {"uv": [7, 10.25, 9, 12.25], "texture": "#6"}
			}
		},
		{
			"from": [6, 0, 6],
			"to": [10, 4, 10],
			"faces": {
				"north": {"uv": [7.75, 12, 8.75, 13], "texture": "#6"},
				"east": {"uv": [7.75, 12, 8.75, 13], "texture": "#6"},
				"south": {"uv": [7.75, 12, 8.75, 13], "texture": "#6"},
				"west": {"uv": [7.75, 12, 8.75, 13], "texture": "#6"},
				"down": {"uv": [0, 15, 1, 16], "texture": "#6", "cullface": "down"}
			}
		}
	],
	"groups": [
		{
			"name": "group",
			"origin": [0, 0, 0],
			"color": 0,
			"children": [0, 1, 2, 3, 4, 5, 6]
		}
	]
}