{
	"credit": "Made by YSBB with Blockbench",
	"ambientocclusion": false,
	"textures": {
		"2": "block/pot/oxeye_daisy2",
		"particle": "block/pot/flower_pot1",
		"flowerpot": "block/pot/flower_pot1",
		"dirt": "block/pot/dirt"
	},
	"elements": [
		{
			"name": "ysbb",
			"from": [2.65, 4.3, 8.5],
			"to": [13.45, 18.3, 8.5],
			"shade": false,
			"rotation": {"angle": 45, "axis": "y", "origin": [7.55, 8.3, 8.5], "rescale": true},
			"faces": {
				"north": {"uv": [16, 0, 0, 16], "texture": "#2"},
				"south": {"uv": [16, 0, 0, 16], "texture": "#2"}
			}
		},
		{
			"name": "ysbb",
			"from": [8.05, 4.3, 3.15],
			"to": [8.05, 18.3, 13.95],
			"shade": false,
			"rotation": {"angle": 45, "axis": "y", "origin": [7.55, 8.3, 8.5], "rescale": true},
			"faces": {
				"east": {"uv": [16, 0, 0, 16], "texture": "#2"},
				"west": {"uv": [16, 0, 0, 16], "texture": "#2"}
			}
		},
		{
			"from": [4.1, 3.75, 4],
			"to": [12, 6, 12],
			"faces": {
				"north": {"uv": [4, 10, 12, 11.95], "texture": "#flowerpot"},
				"east": {"uv": [4, 10, 12, 11.95], "texture": "#flowerpot"},
				"south": {"uv": [4, 10, 12, 11.95], "texture": "#flowerpot"},
				"west": {"uv": [4, 10, 12, 12], "texture": "#flowerpot"},
				"up": {"uv": [4, 4, 11.9, 12], "texture": "#flowerpot"},
				"down": {"uv": [4, 4, 11.9, 12], "texture": "#flowerpot"}
			}
		},
		{
			"from": [6.1, 6, 6],
			"to": [10.11, 4, 10],
			"faces": {
				"north": {"uv": [3, 12, 7, 14], "texture": "#flowerpot"},
				"east": {"uv": [3, 12, 7, 14], "texture": "#flowerpot"},
				"south": {"uv": [3, 12, 7, 14], "texture": "#flowerpot"},
				"west": {"uv": [3, 12, 7, 14], "texture": "#flowerpot"},
				"up": {"uv": [0, 0, 4, 4], "texture": "#flowerpot"},
				"down": {"uv": [0, 0, 4, 4], "texture": "#flowerpot"}
			}
		},
		{
			"from": [5, 0, 5],
			"to": [11, 4, 11],
			"faces": {
				"north": {"uv": [5, 12, 11, 16], "texture": "#flowerpot"},
				"east": {"uv": [5, 12, 11, 16], "texture": "#flowerpot"},
				"south": {"uv": [5, 12, 11, 16], "texture": "#flowerpot"},
				"west": {"uv": [5, 12, 11, 16], "texture": "#flowerpot"},
				"up": {"uv": [5, 5, 11, 11], "texture": "#dirt"},
				"down": {"uv": [5, 10, 11, 16], "texture": "#flowerpot"}
			}
		}
	],
	"groups": [
		0,
		1,
		{
			"name": "group",
			"origin": [8, 8, 8],
			"color": 0,
			"children": [
				{
					"name": "group",
					"origin": [0, 0, 0],
					"color": 0,
					"children": [2, 3, 4]
				}
			]
		}
	]
}