{
	"credit": "Made by YSBB with Blockbench",
	"ambientocclusion": false,
	"textures": {
		"particle": "block/pot/flower_pot1",
		"flowerpot": "block/pot/flower_pot1",
		"cactus_top": "block/cactus_top",
		"cactus": "block/cactus_side"
	},
	"elements": [
		{
			"from": [6, 5, 6],
			"to": [10, 16, 10],
			"faces": {
				"north": {"uv": [6, 0, 10, 11], "texture": "#cactus"},
				"east": {"uv": [6, 0, 10, 11], "texture": "#cactus"},
				"south": {"uv": [6, 0, 10, 11], "texture": "#cactus"},
				"west": {"uv": [6, 0, 10, 11], "texture": "#cactus"},
				"up": {"uv": [6, 6, 10, 10], "texture": "#cactus_top", "cullface": "up"}
			}
		},
		{
			"from": [4.1, 3.85, 4.1],
			"to": [11.9, 6, 11.9],
			"faces": {
				"north": {"uv": [4, 0, 12, 1.95], "texture": "#flowerpot"},
				"east": {"uv": [4, 0, 12, 1.95], "texture": "#flowerpot"},
				"south": {"uv": [4, 0, 12, 1.95], "texture": "#flowerpot"},
				"west": {"uv": [4, 0, 12, 2], "texture": "#flowerpot"},
				"up": {"uv": [4, 4, 11.9, 12], "texture": "#flowerpot"},
				"down": {"uv": [4, 4, 11.9, 12], "texture": "#flowerpot"}
			}
		},
		{
			"from": [6, 6, 6],
			"to": [10.01, 4, 10],
			"rotation": {"angle": 0, "axis": "y", "origin": [-0.1, 0, 0]},
			"faces": {
				"north": {"uv": [3, 12, 7, 14], "texture": "#flowerpot"},
				"east": {"uv": [3, 12, 7, 14], "texture": "#flowerpot"},
				"south": {"uv": [3, 12, 7, 14], "texture": "#flowerpot"},
				"west": {"uv": [3, 12, 7, 14], "texture": "#flowerpot"},
				"up": {"uv": [0, 0, 4, 4], "texture": "#flowerpot"}
			}
		},
		{
			"from": [5, 0, 5],
			"to": [11, 4, 11],
			"faces": {
				"north": {"uv": [5, 12, 11, 16], "texture": "#flowerpot"},
				"east": {"uv": [5, 12, 11, 16], "texture": "#flowerpot"},
				"south": {"uv": [5, 12, 11, 16], "texture": "#flowerpot"},
				"west": {"uv": [5, 12, 11, 16], "texture": "#flowerpot"},
				"up": {"uv": [5, 5, 11, 11], "texture": "#flowerpot"},
				"down": {"uv": [5, 10, 11, 16], "texture": "#flowerpot"}
			}
		}
	],
	"groups": [
		0,
		{
			"name": "group",
			"origin": [0, 0, 0],
			"color": 0,
			"children": [1, 2, 3]
		}
	]
}