{
	"credit": "Made with Blockbench",
	"parent": "minecraft:block/flower_pot_cross",
	"textures": {
		"2": "block/pot/flower_pot2",
		"particle": "block/pot/flower_pot2",
		"plant": "block/pot/crimson_fungus"
	},
	"elements": [
		{
			"from": [7.05, 4, 6.95],
			"to": [9.05, 8.75, 8.95],
			"rotation": {"angle": 0, "axis": "y", "origin": [8.41667, 3.83333, 8.18333]},
			"faces": {
				"north": {"uv": [4, 10.5, 6, 14.75], "texture": "#plant"},
				"east": {"uv": [4, 10.5, 6, 15], "texture": "#plant"},
				"south": {"uv": [4, 10.5, 6, 15], "texture": "#plant"},
				"west": {"uv": [4, 10.5, 6, 15], "texture": "#plant"}
			}
		},
		{
			"from": [4.5, 8.5, 4.5],
			"to": [11.5, 11.25, 11.5],
			"rotation": {"angle": 0, "axis": "y", "origin": [8.41667, 3.83333, 8.18333]},
			"faces": {
				"north": {"uv": [6, 11, 16, 15], "texture": "#plant"},
				"east": {"uv": [6, 11, 16, 15], "texture": "#plant"},
				"south": {"uv": [6, 11, 15, 15], "texture": "#plant"},
				"west": {"uv": [16, 11, 9, 15], "texture": "#plant"},
				"up": {"uv": [14, 15, 6, 7], "texture": "#plant"},
				"down": {"uv": [4, 13, 6, 15], "texture": "#plant"}
			}
		},
		{
			"from": [5.3, 11.25, 5.25],
			"to": [10.8, 13.75, 10.75],
			"rotation": {"angle": 0, "axis": "y", "origin": [8.41667, 3.83333, 8.18333]},
			"faces": {
				"north": {"uv": [9, 7, 16, 11], "texture": "#plant"},
				"east": {"uv": [9, 7, 16, 11], "texture": "#plant"},
				"south": {"uv": [9, 7, 16, 11], "texture": "#plant"},
				"west": {"uv": [9, 7, 16, 11], "texture": "#plant"},
				"up": {"uv": [11, 2, 16, 7], "texture": "#plant"}
			}
		},
		{
			"from": [4.1, 3.85, 4.1],
			"to": [11.9, 6, 11.9],
			"faces": {
				"north": {"uv": [4, 4, 12, 5.95], "texture": "#2"},
				"east": {"uv": [4, 4, 12, 5.95], "texture": "#2"},
				"south": {"uv": [4, 4, 12, 5.95], "texture": "#2"},
				"west": {"uv": [4, 4, 12, 6], "texture": "#2"},
				"up": {"uv": [4, 4, 11.9, 12], "texture": "#2"},
				"down": {"uv": [4, 4, 11.9, 12], "texture": "#2"}
			}
		},
		{
			"from": [6, 6, 6],
			"to": [10.01, 4, 10],
			"rotation": {"angle": 0, "axis": "y", "origin": [-0.1, 0, 0]},
			"faces": {
				"north": {"uv": [3, 12, 7, 14], "texture": "#2"},
				"east": {"uv": [3, 12, 7, 14], "texture": "#2"},
				"south": {"uv": [3, 12, 7, 14], "texture": "#2"},
				"west": {"uv": [3, 12, 7, 14], "texture": "#2"},
				"up": {"uv": [0, 0, 4, 4], "texture": "#2"}
			}
		},
		{
			"from": [5, 0, 5],
			"to": [11, 4, 11],
			"faces": {
				"north": {"uv": [5, 12, 11, 16], "texture": "#2"},
				"east": {"uv": [5, 12, 11, 16], "texture": "#2"},
				"south": {"uv": [5, 12, 11, 16], "texture": "#2"},
				"west": {"uv": [5, 12, 11, 16], "texture": "#2"},
				"up": {"uv": [5, 5, 11, 11], "texture": "#2"},
				"down": {"uv": [5, 10, 11, 16], "texture": "#2"}
			}
		}
	],
	"groups": [
		0,
		1,
		2,
		{
			"name": "group",
			"origin": [0, 0, 0],
			"color": 0,
			"children": [3, 4, 5]
		}
	]
}