{
	"credit": "Made with Blockbench",
	"parent": "minecraft:block/flower_pot_cross",
	"textures": {
		"2": "block/pot/flower_pot1",
		"4": "block/pot/brown_mushroom"
	},
	"elements": [
		{
			"from": [4.5, 8.75, 4.5],
			"to": [11.5, 11.25, 11.5],
			"rotation": {"angle": 0, "axis": "y", "origin": [12.75, 3.5, 12]},
			"faces": {
				"north": {"uv": [2, 5, 7, 7], "texture": "#4"},
				"east": {"uv": [0, 6, 5, 8], "texture": "#4"},
				"south": {"uv": [7, 3, 2, 1], "texture": "#4"},
				"west": {"uv": [1, 0, 6, 2], "texture": "#4"},
				"up": {"uv": [11, 11, 16, 16], "rotation": 270, "texture": "#4"},
				"down": {"uv": [7, 14, 9, 16], "rotation": 90, "texture": "#4"}
			}
		},
		{
			"from": [7, 4, 6.95],
			"to": [9, 9.5, 8.95],
			"rotation": {"angle": 0, "axis": "y", "origin": [12.75, 3.5, 12]},
			"faces": {
				"north": {"uv": [7, 11, 9, 15], "texture": "#4"},
				"east": {"uv": [7, 11, 9, 15], "texture": "#4"},
				"south": {"uv": [7, 11, 9, 15], "texture": "#4"},
				"west": {"uv": [7, 11, 9, 15], "texture": "#4"}
			}
		},
		{
			"from": [4.1, 3.85, 4.1],
			"to": [11.9, 6, 11.9],
			"faces": {
				"north": {"uv": [4, 0, 12, 1.95], "texture": "#2"},
				"east": {"uv": [4, 0, 12, 1.95], "texture": "#2"},
				"south": {"uv": [4, 0, 12, 1.95], "texture": "#2"},
				"west": {"uv": [4, 0, 12, 2], "texture": "#2"},
				"up": {"uv": [4, 4, 11.9, 12], "texture": "#2"},
				"down": {"uv": [4, 4, 11.9, 12], "texture": "#2"}
			}
		},
		{
			"from": [6, 6, 6],
			"to": [10.01, 4, 10],
			"rotation": {"angle": 0, "axis": "y", "origin": [-0.1, 0, 0]},
			"faces": {
				"north": {"uv": [3, 12, 7, 14], "texture": "#2"},
				"east": {"uv": [3, 12, 7, 14], "texture": "#2"},
				"south": {"uv": [3, 12, 7, 14], "texture": "#2"},
				"west": {"uv": [3, 12, 7, 14], "texture": "#2"},
				"up": {"uv": [0, 0, 4, 4], "texture": "#2"}
			}
		},
		{
			"from": [5, 0, 5],
			"to": [11, 4, 11],
			"faces": {
				"north": {"uv": [5, 12, 11, 16], "texture": "#2"},
				"east": {"uv": [5, 12, 11, 16], "texture": "#2"},
				"south": {"uv": [5, 12, 11, 16], "texture": "#2"},
				"west": {"uv": [5, 12, 11, 16], "texture": "#2"},
				"up": {"uv": [5, 5, 11, 11], "texture": "#2"},
				"down": {"uv": [5, 10, 11, 16], "texture": "#2"}
			}
		}
	],
	"groups": [
		0,
		1,
		{
			"name": "group",
			"origin": [0, 0, 0],
			"color": 0,
			"children": [2, 3, 4]
		}
	]
}