{
	"credit": "by YSBB  2024",
	"textures": {
		"particle": "block/ysbb_pressure_plate/dark_oak_planks",
		"texture": "block/ysbb_pressure_plate/dark_oak_planks"
	},
	"elements": [
		{
			"from": [1, 0, 1],
			"to": [15, 1.05, 15],
			"faces": {
				"north": {"uv": [1, 1, 15, 2], "texture": "#texture"},
				"east": {"uv": [1, 1, 15, 2], "texture": "#texture"},
				"south": {"uv": [1, 1, 15, 2], "texture": "#texture"},
				"west": {"uv": [1, 1, 15, 2], "texture": "#texture"},
				"up": {"uv": [1, 1, 15, 15], "texture": "#texture"},
				"down": {"uv": [1, 1, 15, 15], "texture": "#texture", "cullface": "down"}
			}
		}
	]
}