{
	"credit": "by YSBB  2024",
	"textures": {
		"particle": "#texture"
	},
	"elements": [
		{
			"from": [5, 0, 6],
			"to": [11, 2, 10],
			"faces": {
				"north": {"uv": [5, 10, 11, 12], "texture": "#texture"},
				"east": {"uv": [6, 10, 10, 12], "texture": "#texture"},
				"south": {"uv": [5, 10, 11, 12], "texture": "#texture"},
				"west": {"uv": [6, 10, 10, 12], "texture": "#texture"},
				"up": {"uv": [5, 6, 11, 10], "texture": "#texture"},
				"down": {"uv": [5, 6, 11, 10], "texture": "#texture", "cullface": "down"}
			}
		}
	],
	"display": {
		"firstperson_righthand": {
			"translation": [0, 3, 0]
		},
		"firstperson_lefthand": {
			"translation": [0, 3, 0]
		}
	}
}