{
  "variants": {
    "facing=east,tilt=full": {
      "model": "minecraft:block/big_dripleaf/big_dripleaf_full_tilt",
      "y": 90
    },
    "facing=east,tilt=none": {
      "model": "minecraft:block/big_dripleaf/big_dripleaf",
      "y": 90
    },
    "facing=east,tilt=partial": {
      "model": "minecraft:block/big_dripleaf/big_dripleaf_partial_tilt",
      "y": 90
    },
    "facing=east,tilt=unstable": {
      "model": "minecraft:block/big_dripleaf/big_dripleaf",
      "y": 90
    },
    "facing=north,tilt=full": {
      "model": "minecraft:block/big_dripleaf/big_dripleaf_full_tilt"
    },
    "facing=north,tilt=none": {
      "model": "minecraft:block/big_dripleaf/big_dripleaf"
    },
    "facing=north,tilt=partial": {
      "model": "minecraft:block/big_dripleaf/big_dripleaf_partial_tilt"
    },
    "facing=north,tilt=unstable": {
      "model": "minecraft:block/big_dripleaf/big_dripleaf"
    },
    "facing=south,tilt=full": {
      "model": "minecraft:block/big_dripleaf/big_dripleaf_full_tilt",
      "y": 180
    },
    "facing=south,tilt=none": {
      "model": "minecraft:block/big_dripleaf/big_dripleaf",
      "y": 180
    },
    "facing=south,tilt=partial": {
      "model": "minecraft:block/big_dripleaf/big_dripleaf_partial_tilt",
      "y": 180
    },
    "facing=south,tilt=unstable": {
      "model": "minecraft:block/big_dripleaf/big_dripleaf",
      "y": 180
    },
    "facing=west,tilt=full": {
      "model": "minecraft:block/big_dripleaf/big_dripleaf_full_tilt",
      "y": 270
    },
    "facing=west,tilt=none": {
      "model": "minecraft:block/big_dripleaf/big_dripleaf",
      "y": 270
    },
    "facing=west,tilt=partial": {
      "model": "minecraft:block/big_dripleaf/big_dripleaf_partial_tilt",
      "y": 270
    },
    "facing=west,tilt=unstable": {
      "model": "minecraft:block/big_dripleaf/big_dripleaf",
      "y": 270
    }
  }
}