{
  "variants": {
    "age=0": {
      "model": "minecraft:block/chorus_flower/chorus_flower0"
    },
    "age=1": {
      "model": "minecraft:block/chorus_flower/chorus_flower1"
    },
    "age=2": {
      "model": "minecraft:block/chorus_flower/chorus_flower2"
    },
    "age=3": {
      "model": "minecraft:block/chorus_flower/chorus_flower3"
    },
    "age=4": {
      "model": "minecraft:block/chorus_flower/chorus_flower4"
    },
    "age=5": {
      "model": "minecraft:block/chorus_flower/chorus_flower_dead"
    }
  }
}