{
    "variants": {
        "facing=down,triggered=false": { "model": "block/dispenser/dispenser_vertical", "x": 180 },
        "facing=up,triggered=false": { "model": "block/dispenser/dispenser_vertical" },
        "facing=north,triggered=false": { "model": "block/dispenser/dispenser" },
        "facing=south,triggered=false": { "model": "block/dispenser/dispenser", "y": 180 },
        "facing=west,triggered=false": { "model": "block/dispenser/dispenser", "y": 270 },
        "facing=east,triggered=false": { "model": "block/dispenser/dispenser", "y": 90 },

        "facing=down,triggered=true": { "model": "block/dispenser/dispenser_vertical1", "x": 180 },
        "facing=up,triggered=true": { "model": "block/dispenser/dispenser_vertical1" },
        "facing=north,triggered=true": { "model": "block/dispenser/dispenser1" },
        "facing=south,triggered=true": { "model": "block/dispenser/dispenser1", "y": 180 },
        "facing=west,triggered=true": { "model": "block/dispenser/dispenser1", "y": 270 },
        "facing=east,triggered=true": { "model": "block/dispenser/dispenser1", "y": 90 }
    }
}
