{
    "variants": {
        "": [ 
            { "model": "block/lily_pad/lily_pad0", "weight": 200 },
            { "model": "block/lily_pad/lily_pad0", "y": 90, "weight": 200 },
            { "model": "block/lily_pad/lily_pad0", "y": 180, "weight": 200 },
            { "model": "block/lily_pad/lily_pad0", "y": 270, "weight": 200 },
            { "model": "block/lily_pad/lily_pad1", "y": 90, "weight": 8 },
            { "model": "block/lily_pad/lily_pad1", "y": 180, "weight": 8 },
            { "model": "block/lily_pad/lily_pad1", "y": 270, "weight": 8 },
            { "model": "block/lily_pad/lily_pad1", "weight": 8 },
            { "model": "block/lily_pad/lily_pad2", "weight": 8 },
            { "model": "block/lily_pad/lily_pad2", "y": 90, "weight": 8 },
            { "model": "block/lily_pad/lily_pad2", "y": 180, "weight": 8 },
            { "model": "block/lily_pad/lily_pad2", "y": 270, "weight": 8 },
            { "model": "block/lily_pad/lily_pad3", "weight": 8 },
            { "model": "block/lily_pad/lily_pad3", "y": 90, "weight": 8 },
            { "model": "block/lily_pad/lily_pad3", "y": 180, "weight": 8 },
            { "model": "block/lily_pad/lily_pad3", "y": 270, "weight": 8 }
        ]
    }
}