{
  "variants": {
    "charges=0": {
      "model": "minecraft:block/ysbb_respawn_anchor/respawn_anchor_0"
    },
    "charges=1": {
      "model": "minecraft:block/ysbb_respawn_anchor/respawn_anchor_1"
    },
    "charges=2": {
      "model": "minecraft:block/ysbb_respawn_anchor/respawn_anchor_2"
    },
    "charges=3": {
      "model": "minecraft:block/ysbb_respawn_anchor/respawn_anchor_3"
    },
    "charges=4": {
      "model": "minecraft:block/ysbb_respawn_anchor/respawn_anchor_4"
    }
  }
}