{
	"credit": "Made by YSBB with Blockbench",
	"ambientocclusion": false,
	"textures": {
		"particle": "block/stem/melon_stem",
		"stem": "block/stem/melon_stem"
	},
	"elements": [
		{
			"from": [0, -1, 8],
			"to": [16, 11, 8],
			"rotation": {"angle": 45, "axis": "y", "origin": [8, 8, 8], "rescale": true},
			"faces": {
				"north": {"uv": [0, 0, 16, 12], "texture": "#stem", "tintindex": 0},
				"south": {"uv": [16, 0, 0, 12], "texture": "#stem", "tintindex": 0}
			}
		},
		{
			"from": [8, -1, 0],
			"to": [8, 11, 16],
			"rotation": {"angle": 45, "axis": "y", "origin": [8, 8, 8], "rescale": true},
			"faces": {
				"east": {"uv": [16, 0, 0, 12], "texture": "#stem", "tintindex": 0},
				"west": {"uv": [0, 0, 16, 12], "texture": "#stem", "tintindex": 0}
			}
		}
	]
}