{
	"credit": "Made by YSBB with Blockbench",
	"ambientocclusion": false,
	"textures": {
		"particle": "block/stem/pumpkin_stem",
		"stem": "block/stem/pumpkin_stem"
	},
	"elements": [
		{
			"from": [0, -1, 8],
			"to": [16, 9, 8],
			"rotation": {"angle": 45, "axis": "y", "origin": [8, 8, 8], "rescale": true},
			"faces": {
				"north": {"uv": [0, 0, 16, 10], "texture": "#stem"},
				"south": {"uv": [16, 0, 0, 10], "texture": "#stem"}
			}
		},
		{
			"from": [8, -1, 0],
			"to": [8, 9, 16],
			"rotation": {"angle": 45, "axis": "y", "origin": [8, 8, 8], "rescale": true},
			"faces": {
				"east": {"uv": [16, 0, 0, 10], "texture": "#stem"},
				"west": {"uv": [0, 0, 16, 10], "texture": "#stem"}
			}
		}
	]
}