{
	"credit": "Made by YSBB with Blockbench",
	"textures": {
		"particle": "block/ysbb_piston/piston_on1",
		"side": "block/ysbb_piston/piston_on1",
		"inside": "block/ysbb_piston/piston_on4",
		"bottom": "block/ysbb_piston/piston_on3"
	},
	"elements": [
		{
			"from": [0, 0, 4],
			"to": [16, 16, 16],
			"faces": {
				"north": {"uv": [0, 0, 16, 16], "texture": "#inside"},
				"east": {"uv": [0, 4, 16, 16], "rotation": 90, "texture": "#side", "cullface": "east"},
				"south": {"uv": [0, 0, 16, 16], "texture": "#bottom", "cullface": "south"},
				"west": {"uv": [0, 4, 16, 16], "rotation": 270, "texture": "#side", "cullface": "west"},
				"up": {"uv": [0, 4, 16, 16], "texture": "#side", "cullface": "up"},
				"down": {"uv": [0, 4, 16, 16], "rotation": 180, "texture": "#side", "cullface": "down"}
			}
		}
	]
}