{
	"credit": "Made with Blockbench",
	"parent": "minecraft:block/pointed_dripstone",
	"textures": {
		"1": "block/drip/shizhui1",
		"particle": "block/drip/shizhui1"
	},
	"elements": [
		{
			"from": [5.25, 0, 5.215],
			"to": [10.75, 2, 10.715],
			"rotation": {"angle": 0, "axis": "z", "origin": [8.25, 5.625, 7.9825]},
			"faces": {
				"north": {"uv": [3.6, 5, 9, 7], "texture": "#1"},
				"east": {"uv": [10.6, 11, 5, 12], "texture": "#1"},
				"south": {"uv": [5, 4, 10.6, 5], "texture": "#1"},
				"west": {"uv": [5, 7, 10.6, 6], "texture": "#1"},
				"up": {"uv": [4, 7, 9.6, 12.6], "rotation": 180, "texture": "#1"},
				"down": {"uv": [4, 10.4, 9.6, 16], "rotation": 180, "texture": "#1", "cullface": "down"}
			}
		},
		{
			"from": [5.5, 2, 5.715],
			"to": [10, 5, 10.215],
			"rotation": {"angle": 0, "axis": "z", "origin": [8.25, 5.625, 7.9825]},
			"faces": {
				"north": {"uv": [5, 1, 9, 4], "texture": "#1"},
				"east": {"uv": [9, 7, 5, 10], "texture": "#1"},
				"south": {"uv": [4, 6, 8, 9], "texture": "#1"},
				"west": {"uv": [5, 16, 9, 13], "texture": "#1"},
				"up": {"uv": [6, 12, 10, 16], "rotation": 180, "texture": "#1"}
			}
		},
		{
			"from": [5.92, 5, 6.135],
			"to": [9.25, 8, 9.465],
			"rotation": {"angle": 0, "axis": "z", "origin": [8.25, 5.625, 7.9825]},
			"faces": {
				"north": {"uv": [7.83, 11, 5, 8], "texture": "#1"},
				"east": {"uv": [6, 13, 8.83, 16], "texture": "#1"},
				"south": {"uv": [7, 12, 9.83, 15], "texture": "#1"},
				"west": {"uv": [4, 16, 6.83, 13], "texture": "#1"},
				"up": {"uv": [5, 9, 7.83, 11.83], "rotation": 180, "texture": "#1"}
			}
		},
		{
			"from": [6.25, 8, 6.715],
			"to": [8.75, 10, 9.215],
			"rotation": {"angle": 0, "axis": "z", "origin": [8.25, 5.625, 7.9825]},
			"faces": {
				"north": {"uv": [5, 7, 3, 9], "rotation": 90, "texture": "#1"},
				"east": {"uv": [8, 13, 6, 15], "texture": "#1"},
				"south": {"uv": [7, 14, 9, 16], "texture": "#1"},
				"west": {"uv": [6, 15, 8, 13], "texture": "#1"},
				"up": {"uv": [6, 14, 8, 16], "rotation": 180, "texture": "#1"}
			}
		},
		{
			"from": [6.6, 10, 7.065],
			"to": [8.5, 11.4, 8.965],
			"rotation": {"angle": 0, "axis": "z", "origin": [8.25, 5.625, 7.9825]},
			"faces": {
				"north": {"uv": [7.4, 7, 6, 8], "texture": "#1"},
				"east": {"uv": [6.4, 15, 5, 16], "texture": "#1"},
				"south": {"uv": [5, 15, 6.4, 16], "texture": "#1"},
				"west": {"uv": [6, 16, 7.4, 15], "texture": "#1"},
				"up": {"uv": [6, 14.6, 7.4, 16], "rotation": 180, "texture": "#1"}
			}
		}
	],
	"groups": [
		{
			"name": "group",
			"origin": [0, 0, 0],
			"color": 0,
			"children": [0, 1, 2, 3, 4]
		}
	]
}