{
	"credit": "Made with Blockbench",
	"parent": "minecraft:block/pointed_dripstone",
	"textures": {
		"1": "block/drip/shizhui1",
		"particle": "block/drip/shizhui1"
	},
	"elements": [
		{
			"from": [5.4, 0, 4.9],
			"to": [11.6, 2, 11.1],
			"rotation": {"angle": 0, "axis": "z", "origin": [8.25, 10.4, 7.9825]},
			"faces": {
				"north": {"uv": [5, 7, 10.6, 9], "texture": "#1"},
				"east": {"uv": [10.6, 10, 5, 12], "texture": "#1"},
				"south": {"uv": [5, 2, 10.6, 4], "texture": "#1"},
				"west": {"uv": [10.6, 5, 5, 7], "texture": "#1"},
				"up": {"uv": [9.6, 7, 4, 12.6], "rotation": 180, "texture": "#1"},
				"down": {"uv": [10.2, 10.4, 4, 16], "rotation": 180, "texture": "#1", "cullface": "down"}
			}
		},
		{
			"from": [5.55, 2, 4.865],
			"to": [11.15, 5, 10.465],
			"rotation": {"angle": 0, "axis": "z", "origin": [8.25, 10.4, 7.9825]},
			"faces": {
				"north": {"uv": [5, 4, 9.6, 8], "texture": "#1"},
				"east": {"uv": [10.6, 2, 6, 5], "texture": "#1"},
				"south": {"uv": [5, 1, 9.6, 4], "texture": "#1"},
				"west": {"uv": [9.6, 6, 5, 9], "texture": "#1"},
				"up": {"uv": [9.6, 11.4, 5, 16], "rotation": 180, "texture": "#1"}
			}
		},
		{
			"from": [5.75, 5, 5.215],
			"to": [10.75, 6, 10.215],
			"rotation": {"angle": 0, "axis": "z", "origin": [8.25, 10.4, 7.9825]},
			"faces": {
				"north": {"uv": [11, 10, 7, 11], "texture": "#1"},
				"east": {"uv": [10, 12, 6, 13], "texture": "#1"},
				"south": {"uv": [10, 8, 6, 9], "texture": "#1"},
				"west": {"uv": [9, 13, 5, 14], "texture": "#1"},
				"up": {"uv": [11, 11, 6, 16], "rotation": 180, "texture": "#1"}
			}
		},
		{
			"from": [6.5, 6, 6.135],
			"to": [10, 12, 9.635],
			"rotation": {"angle": 0, "axis": "z", "origin": [8.25, 10.4, 7.9825]},
			"faces": {
				"north": {"uv": [4, 3, 7.83, 9], "texture": "#1"},
				"east": {"uv": [8.83, 10, 6, 16], "texture": "#1"},
				"south": {"uv": [6, 5, 8.83, 11], "texture": "#1"},
				"west": {"uv": [9.83, 7, 7, 13], "texture": "#1"},
				"up": {"uv": [8.5, 9, 5, 12.5], "rotation": 180, "texture": "#1"}
			}
		},
		{
			"from": [6.7, 12, 6.465],
			"to": [9.5, 13, 9.265],
			"rotation": {"angle": 0, "axis": "z", "origin": [8.25, 10.4, 7.9825]},
			"faces": {
				"north": {"uv": [8, 15, 5, 16], "texture": "#1"},
				"east": {"uv": [9, 14, 6, 15], "texture": "#1"},
				"south": {"uv": [10, 15, 7, 16], "texture": "#1"},
				"west": {"uv": [9, 14, 6, 15], "texture": "#1"},
				"up": {"uv": [8, 14, 6, 16], "rotation": 180, "texture": "#1"}
			}
		},
		{
			"from": [7.38, 13, 7],
			"to": [9.5, 16, 9.12],
			"rotation": {"angle": 0, "axis": "z", "origin": [8.25, 10.4, 7.9825]},
			"faces": {
				"north": {"uv": [6.4, 12, 5, 15], "texture": "#1"},
				"east": {"uv": [8.4, 13, 7, 16], "texture": "#1"},
				"south": {"uv": [8.4, 13, 7, 16], "texture": "#1"},
				"west": {"uv": [8.4, 13, 7, 16], "texture": "#1"},
				"up": {"uv": [8.4, 13.6, 6, 16], "rotation": 180, "texture": "#1"}
			}
		}
	],
	"groups": [
		{
			"name": "group",
			"origin": [0, 0, 0],
			"color": 0,
			"children": [0, 1, 2, 3, 4, 5]
		}
	]
}