{
	"credit": "Made with Blockbench",
	"parent": "minecraft:block/pointed_dripstone",
	"textures": {
		"1": "block/drip/shizhui4",
		"particle": "block/drip/shizhui4"
	},
	"elements": [
		{
			"from": [3.75, 11, 3.75],
			"to": [12.25, 16, 12.25],
			"faces": {
				"north": {"uv": [2, 0, 10.5, 5], "texture": "#1"},
				"east": {"uv": [12.5, 0, 4, 5], "texture": "#1"},
				"south": {"uv": [4, 0, 12.5, 5], "texture": "#1"},
				"west": {"uv": [12.5, 0, 4, 5], "texture": "#1"},
				"up": {"uv": [4, 0, 12.5, 8.5], "texture": "#1", "cullface": "up"},
				"down": {"uv": [3, 0, 11.5, 8.5], "texture": "#1"}
			}
		},
		{
			"from": [4.25, 8, 4],
			"to": [11.95, 11, 11.7],
			"faces": {
				"north": {"uv": [3, 5, 10.7, 8], "texture": "#1"},
				"east": {"uv": [10.7, 5, 3, 8], "texture": "#1"},
				"south": {"uv": [4, 5, 11.7, 8], "texture": "#1"},
				"west": {"uv": [11.7, 5, 4, 8], "texture": "#1"},
				"down": {"uv": [4, 1, 11.7, 8.7], "texture": "#1"}
			}
		},
		{
			"from": [5, 5, 4.5],
			"to": [12, 8, 11.5],
			"faces": {
				"north": {"uv": [4, 8, 11, 11], "texture": "#1"},
				"east": {"uv": [13, 8, 6, 11], "texture": "#1"},
				"south": {"uv": [5, 8, 12, 11], "texture": "#1"},
				"west": {"uv": [11, 8, 4, 11], "texture": "#1"},
				"down": {"uv": [4, 4, 11, 11], "texture": "#1"}
			}
		},
		{
			"from": [5, 2, 5],
			"to": [11.3, 5, 11.3],
			"faces": {
				"north": {"uv": [5, 11, 11.3, 14], "texture": "#1"},
				"east": {"uv": [12.3, 11, 6, 14], "texture": "#1"},
				"south": {"uv": [5, 11, 11.3, 14], "texture": "#1"},
				"west": {"uv": [12.3, 14, 6, 11], "texture": "#1"},
				"down": {"uv": [6, 5, 12.3, 11.3], "texture": "#1"}
			}
		},
		{
			"from": [5.25, 0, 5],
			"to": [10.85, 2, 10.6],
			"faces": {
				"north": {"uv": [4, 14, 9.6, 16], "texture": "#1"},
				"east": {"uv": [11.6, 14, 6, 16], "texture": "#1"},
				"south": {"uv": [5, 14, 10.6, 16], "texture": "#1"},
				"west": {"uv": [12.6, 4, 7, 6], "texture": "#1"},
				"down": {"uv": [5, 10.4, 10.6, 16], "texture": "#1", "cullface": "down"}
			}
		}
	]
}