{
	"credit": "Made with Blockbench",
	"parent": "minecraft:block/pointed_dripstone",
	"textures": {
		"1": "block/drip/shizhui2",
		"particle": "block/drip/shizhui2"
	},
	"elements": [
		{
			"from": [3.75, 0, 3.75],
			"to": [12.25, 4, 12.25],
			"faces": {
				"north": {"uv": [11.5, 12, 3, 16], "texture": "#1"},
				"east": {"uv": [3, 5, 11.5, 9], "texture": "#1"},
				"south": {"uv": [11.5, 6, 3, 10], "texture": "#1"},
				"west": {"uv": [5, 0, 13.5, 4], "texture": "#1"},
				"up": {"uv": [4, 7.5, 12.5, 16], "texture": "#1"}
			}
		},
		{
			"from": [4.25, 10, 4.25],
			"to": [11.95, 12, 11.95],
			"faces": {
				"north": {"uv": [11.7, 5, 4, 7], "texture": "#1"},
				"east": {"uv": [3, 4, 10.7, 6], "texture": "#1"},
				"south": {"uv": [10.7, 5, 3, 7], "texture": "#1"},
				"west": {"uv": [5, 6, 12.7, 8], "texture": "#1"}
			}
		},
		{
			"from": [3.75, 6, 3.75],
			"to": [12.25, 10, 12.25],
			"faces": {
				"north": {"uv": [11.5, 12, 3, 16], "texture": "#1"},
				"east": {"uv": [4, 12, 12.5, 16], "texture": "#1"},
				"south": {"uv": [11.5, 12, 3, 16], "texture": "#1"},
				"west": {"uv": [4, 0, 12.5, 4], "texture": "#1"},
				"up": {"uv": [4, 4, 12.5, 12.5], "texture": "#1"},
				"down": {"uv": [4, 7.5, 12.5, 16], "texture": "#1"}
			}
		},
		{
			"from": [3.75, 12, 3.75],
			"to": [12.25, 16, 12.25],
			"faces": {
				"north": {"uv": [12.5, 0, 4, 4], "texture": "#1"},
				"east": {"uv": [4, 0, 12.5, 4], "texture": "#1"},
				"south": {"uv": [10.5, 0, 2, 4], "texture": "#1"},
				"west": {"uv": [4, 0, 12.5, 4], "texture": "#1"},
				"down": {"uv": [3, 4, 11.5, 12.5], "texture": "#1"}
			}
		},
		{
			"from": [4, 4, 4],
			"to": [11.7, 6, 11.7],
			"faces": {
				"north": {"uv": [12.7, 11, 5, 13], "texture": "#1"},
				"east": {"uv": [3, 6, 10.7, 8], "texture": "#1"},
				"south": {"uv": [10.7, 2, 3, 4], "texture": "#1"},
				"west": {"uv": [4, 5, 11.7, 7], "texture": "#1"}
			}
		}
	]
}