{
	"credit": "Made by YSBB with Blockbench",
	"ambientocclusion": false,
	"texture_size": [64, 64],
	"textures": {
		"6": "block/ysbb_hopper/hopper2",
		"particle": "block/ysbb_hopper/prictrie"
	},
	"elements": [
		{
			"from": [0, 10, 0],
			"to": [16, 16, 16],
			"faces": {
				"north": {"uv": [0, 0, 4, 1.5], "texture": "#6", "cullface": "north"},
				"east": {"uv": [0, 0, 4, 1.5], "texture": "#6", "cullface": "east"},
				"south": {"uv": [0, 0, 4, 1.5], "texture": "#6", "cullface": "south"},
				"west": {"uv": [0, 0, 4, 1.5], "texture": "#6", "cullface": "west"},
				"up": {"uv": [6.25, 0, 10.25, 4], "texture": "#6", "cullface": "up"},
				"down": {"uv": [11, 0, 15, 4], "texture": "#6"}
			}
		},
		{
			"from": [4, 4, 4],
			"to": [12, 10, 12],
			"faces": {
				"north": {"uv": [7.25, 10.5, 9.25, 12], "texture": "#6"},
				"east": {"uv": [7.25, 10.5, 9.25, 12], "texture": "#6"},
				"south": {"uv": [7.25, 10.5, 9.25, 12], "texture": "#6"},
				"west": {"uv": [7.25, 10.5, 9.25, 12], "texture": "#6"},
				"down": {"uv": [7, 10.25, 9, 12.25], "texture": "#6"}
			}
		},
		{
			"from": [6, 0, 6],
			"to": [10, 4, 10],
			"faces": {
				"north": {"uv": [7.75, 12, 8.75, 13], "texture": "#6"},
				"east": {"uv": [7.75, 12, 8.75, 13], "texture": "#6"},
				"south": {"uv": [7.75, 12, 8.75, 13], "texture": "#6"},
				"west": {"uv": [7.75, 12, 8.75, 13], "texture": "#6"},
				"down": {"uv": [6.25, 11.75, 7.25, 12.75], "texture": "#6", "cullface": "down"}
			}
		},
		{
			"from": [2, 16, 2],
			"to": [14, 11, 14],
			"faces": {
				"north": {"uv": [9.75, 10.25, 6.75, 9], "texture": "#6", "cullface": "up"},
				"east": {"uv": [9.75, 10.25, 6.75, 9], "texture": "#6", "cullface": "up"},
				"south": {"uv": [9.75, 10.25, 6.75, 9], "texture": "#6", "cullface": "up"},
				"west": {"uv": [9.75, 10.25, 6.75, 9], "texture": "#6", "cullface": "up"},
				"up": {"uv": [11.5, 9.5, 14.5, 12.5], "texture": "#6", "cullface": "up"}
			}
		}
	],
	"groups": [
		{
			"name": "group",
			"origin": [0, 0, 0],
			"color": 0,
			"children": [0, 1, 2, 3]
		}
	]
}