{
	"credit": "Made by YSBB with Blockbench",
	"ambientocclusion": false,
	"texture_size": [64, 64],
	"textures": {
		"2": "block/ysbb_hopper/hopper1",
		"particle": "block/ysbb_hopper/prictrie"
	},
	"elements": [
		{
			"from": [0, 10, 0],
			"to": [16, 16, 16],
			"faces": {
				"north": {"uv": [6.25, 6, 10.25, 7.5], "texture": "#2"},
				"east": {"uv": [0, 1.75, 4, 3.25], "texture": "#2"},
				"south": {"uv": [6.25, 4.5, 10.25, 6], "texture": "#2"},
				"west": {"uv": [0, 3.5, 4, 5], "texture": "#2"},
				"up": {"uv": [6.25, 0, 10.25, 4], "texture": "#2", "cullface": "up"},
				"down": {"uv": [11, 0, 15, 4], "texture": "#2"}
			}
		},
		{
			"from": [2, 16, 2],
			"to": [14, 11, 14],
			"faces": {
				"north": {"uv": [9.75, 10.25, 6.75, 9], "texture": "#2", "cullface": "up"},
				"east": {"uv": [9.75, 10.25, 6.75, 9], "texture": "#2", "cullface": "up"},
				"south": {"uv": [9.75, 10.25, 6.75, 9], "texture": "#2", "cullface": "up"},
				"west": {"uv": [9.75, 10.25, 6.75, 9], "texture": "#2", "cullface": "up"},
				"up": {"uv": [11.5, 5, 14.5, 8], "texture": "#2", "cullface": "up"}
			}
		},
		{
			"from": [4, 4, 4],
			"to": [12, 10, 12],
			"faces": {
				"north": {"uv": [7.25, 10.5, 9.25, 12], "texture": "#2"},
				"east": {"uv": [7.25, 10.5, 9.25, 12], "texture": "#2"},
				"south": {"uv": [7.25, 10.5, 9.25, 12], "texture": "#2"},
				"west": {"uv": [7.25, 10.5, 9.25, 12], "texture": "#2"},
				"down": {"uv": [7.25, 10.5, 9.25, 12.5], "texture": "#2"}
			}
		},
		{
			"from": [6, 4, 0],
			"to": [10, 8, 4],
			"faces": {
				"north": {"uv": [6.25, 11.75, 7.25, 12.75], "texture": "#2", "cullface": "north"},
				"east": {"uv": [7.75, 12, 8.75, 13], "rotation": 270, "texture": "#2"},
				"west": {"uv": [7.75, 12, 8.75, 13], "rotation": 90, "texture": "#2"},
				"up": {"uv": [7.75, 13, 8.75, 12], "texture": "#2"},
				"down": {"uv": [7.75, 12, 8.75, 13], "texture": "#2"}
			}
		}
	],
	"groups": [
		{
			"name": "group",
			"origin": [0, 0, 0],
			"color": 0,
			"children": [0, 1, 2, 3]
		}
	]
}