{
	"credit": "by YSBB  2024",
	"ambientocclusion": false,
	"textures": {
		"3": "block/ysbb_tnt/tnt_side1",
		"bottom": "block/ysbb_tnt/tnt_bottom",
		"particle": "block/ysbb_tnt/tnt_side",
		"side": "block/ysbb_tnt/tnt_side",
		"top": "block/ysbb_tnt/tnt_top"
	},
	"elements": [
		{
			"from": [0.75, 0.75, 0.75],
			"to": [15.25, 15.25, 15.25],
			"faces": {
				"north": {"uv": [0, 0, 16, 16], "texture": "#side", "cullface": "north"},
				"east": {"uv": [0, 0, 16, 16], "texture": "#side", "cullface": "east"},
				"south": {"uv": [0, 0, 16, 16], "texture": "#side", "cullface": "south"},
				"west": {"uv": [0, 0, 16, 16], "texture": "#side", "cullface": "west"},
				"up": {"uv": [0, 0, 16, 16], "texture": "#top", "cullface": "up"},
				"down": {"uv": [0, 0, 16, 16], "texture": "#bottom", "cullface": "down"}
			}
		},
		{
			"from": [0.1, 16.1, 0.1],
			"to": [15.9, -0.1, 15.9],
			"shade": false,
			"rotation": {"angle": 0, "axis": "y", "origin": [0, 16, 0]},
			"faces": {
				"north": {"uv": [0, 0, 16, 16], "texture": "#3"},
				"east": {"uv": [0, 0, 16, 16], "texture": "#3"},
				"south": {"uv": [0, 0, 16, 16], "texture": "#3"},
				"west": {"uv": [0, 0, 16, 16], "texture": "#3"},
				"up": {"uv": [0, 0, 16, 16], "texture": "#3"},
				"down": {"uv": [0, 0, 16, 16], "texture": "#3"}
			}
		}
	]
}