{
	"credit": "Made by YSBB with Blockbench",
	"ambientocclusion": false,
	"textures": {
		"particle": "block/ysbb_x/tripwire",
		"texture": "block/ysbb_x/tripwire"
	},
	"elements": [
		{
			"from": [7.5, 2, 0],
			"to": [8.5, 2, 8.5],
			"shade": false,
			"faces": {
				"up": {"uv": [0, 9, 8.5, 10], "rotation": 90, "texture": "#texture"},
				"down": {"uv": [8.5, 9, 0, 10], "rotation": 90, "texture": "#texture"}
			}
		},
		{
			"from": [7.5, 2.01, 7.5],
			"to": [16, 2.01, 8.5],
			"shade": false,
			"rotation": {"angle": 0, "axis": "y", "origin": [8.25, 2.5, 4]},
			"faces": {
				"up": {"uv": [8.5, 9, 0, 10], "texture": "#texture"},
				"down": {"uv": [0, 9, 8.5, 10], "rotation": 180, "texture": "#texture"}
			}
		}
	]
}