{
	"credit": "Made by YSBB with Blockbench",
	"ambientocclusion": false,
	"textures": {
		"particle": "block/ysbb_x/tripwire",
		"texture": "block/ysbb_x/tripwire"
	},
	"elements": [
		{
			"from": [7.5, 1.6, 0],
			"to": [8.5, 1.6, 8.5],
			"shade": false,
			"rotation": {"angle": 0, "axis": "y", "origin": [0, -0.9, 0]},
			"faces": {
				"up": {"uv": [0, 0, 8, 3], "rotation": 90, "texture": "#texture"},
				"down": {"uv": [8, 1, 0, 3], "rotation": 90, "texture": "#texture"}
			}
		},
		{
			"from": [7.5, 1.61, 7.5],
			"to": [16, 1.61, 8.5],
			"shade": false,
			"rotation": {"angle": 0, "axis": "y", "origin": [8.25, 1.6, 4]},
			"faces": {
				"up": {"uv": [4, 0, 12, 3], "texture": "#texture"},
				"down": {"uv": [12, 1, 4, 3], "rotation": 180, "texture": "#texture"}
			}
		}
	]
}