{
	"credit": "Made by YSBB with Blockbench",
	"ambientocclusion": false,
	"textures": {
		"particle": "block/ysbb_x/tripwire",
		"texture": "block/ysbb_x/tripwire"
	},
	"elements": [
		{
			"from": [0, 1.61, 7.5],
			"to": [16, 1.61, 8.5],
			"shade": false,
			"rotation": {"angle": 0, "axis": "y", "origin": [8, 0.6, 8]},
			"faces": {
				"up": {"uv": [4, 5, 12, 8], "texture": "#texture"},
				"down": {"uv": [12, 6, 4, 8], "rotation": 180, "texture": "#texture"}
			}
		},
		{
			"from": [7.5, 1.6, 0],
			"to": [8.5, 1.6, 16],
			"shade": false,
			"rotation": {"angle": 0, "axis": "y", "origin": [0, 0.1, 0]},
			"faces": {
				"up": {"uv": [0, 5, 8, 8], "rotation": 90, "texture": "#texture"},
				"down": {"uv": [8, 6, 0, 8], "rotation": 90, "texture": "#texture"}
			}
		}
	]
}