{
	"credit": "Made by YSBB with Blockbench",
	"ambientocclusion": false,
	"textures": {
		"particle": "block/ysbb_x/tripwire",
		"texture": "block/ysbb_x/tripwire"
	},
	"elements": [
		{
			"from": [8, 2, 7.5],
			"to": [16, 2, 8.5],
			"shade": false,
			"rotation": {"angle": 0, "axis": "y", "origin": [10.25, 1, 10]},
			"faces": {
				"up": {"uv": [8, 9, 16, 10], "texture": "#texture"},
				"down": {"uv": [16, 9, 8, 10], "rotation": 180, "texture": "#texture"}
			}
		},
		{
			"from": [7.5, 2, 0],
			"to": [8.5, 2, 16],
			"shade": false,
			"rotation": {"angle": 0, "axis": "y", "origin": [0, -0.5, 0]},
			"faces": {
				"up": {"uv": [0, 9, 16, 10], "rotation": 90, "texture": "#texture"},
				"down": {"uv": [16, 9, 0, 10], "rotation": 90, "texture": "#texture"}
			}
		}
	]
}