{
	"credit": "Made by YSBB with Blockbench",
	"ambientocclusion": false,
	"textures": {
		"particle": "block/ysbb_x/tripwire",
		"texture": "block/ysbb_x/tripwire"
	},
	"elements": [
		{
			"from": [7.5, 3, 0],
			"to": [8.5, 3, 16],
			"shade": false,
			"faces": {
				"up": {"uv": [0, 13, 16, 14], "rotation": 90, "texture": "#texture"},
				"down": {"uv": [16, 13, 0, 14], "rotation": 90, "texture": "#texture"}
			}
		},
		{
			"from": [0, 3, 7.5],
			"to": [16, 3, 8.5],
			"shade": false,
			"rotation": {"angle": 0, "axis": "y", "origin": [8, 1.5, 8]},
			"faces": {
				"up": {"uv": [0, 13, 16, 14], "texture": "#texture"},
				"down": {"uv": [16, 13, 0, 14], "rotation": 180, "texture": "#texture"}
			}
		}
	]
}