{
	"credit": "Made with Blockbench",
	"ambientocclusion": false,
	"textures": {
		"4": "block/ysbb_comparator/redstone_torch",
		"slab": "block/ysbb_comparator/smooth_stone",
		"particle": "block/ysbb_comparator/comparator4",
		"top": "block/ysbb_comparator/comparator4"
	},
	"elements": [
		{
			"from": [0, 0, 0],
			"to": [16, 2, 16],
			"faces": {
				"north": {"uv": [0, 14, 16, 16], "texture": "#slab", "cullface": "north"},
				"east": {"uv": [0, 14, 16, 16], "texture": "#slab", "cullface": "east"},
				"south": {"uv": [0, 14, 16, 16], "texture": "#slab", "cullface": "south"},
				"west": {"uv": [0, 14, 16, 16], "texture": "#slab", "cullface": "west"},
				"up": {"uv": [0, 0, 16, 16], "texture": "#top"},
				"down": {"uv": [0, 0, 16, 16], "texture": "#slab", "cullface": "down"}
			}
		},
		{
			"from": [4, 2, 11],
			"to": [6, 6, 13],
			"rotation": {"angle": 0, "axis": "y", "origin": [0, -1, 0]},
			"faces": {
				"north": {"uv": [6, 6, 8, 10], "texture": "#4"},
				"east": {"uv": [6, 6, 8, 10], "texture": "#4"},
				"south": {"uv": [6, 6, 8, 10], "texture": "#4"},
				"west": {"uv": [6, 6, 8, 10], "texture": "#4"},
				"up": {"uv": [6, 6, 8, 8], "texture": "#4"}
			}
		},
		{
			"from": [10, 2, 11],
			"to": [12, 6, 13],
			"rotation": {"angle": 0, "axis": "y", "origin": [0, -1, 0]},
			"faces": {
				"north": {"uv": [6, 6, 8, 10], "texture": "#4"},
				"east": {"uv": [6, 6, 8, 10], "texture": "#4"},
				"south": {"uv": [6, 6, 8, 10], "texture": "#4"},
				"west": {"uv": [6, 6, 8, 10], "texture": "#4"},
				"up": {"uv": [6, 6, 8, 8], "texture": "#4"}
			}
		},
		{
			"name": "no",
			"from": [9.5, 2.1, 1.5],
			"to": [6.5, 4.6, 4.5],
			"shade": false,
			"rotation": {"angle": 0, "axis": "y", "origin": [14.5, 14.1, 6.5]},
			"faces": {
				"north": {"uv": [2, 2.5, 3, 3.5], "texture": "#4"},
				"east": {"uv": [2, 2.5, 3, 3.5], "texture": "#4"},
				"south": {"uv": [2, 2.5, 3, 3.5], "texture": "#4"},
				"west": {"uv": [2, 2.5, 3, 3.5], "texture": "#4"},
				"up": {"uv": [2, 2.5, 3, 3.5], "texture": "#4"},
				"down": {"uv": [2, 2.5, 3, 3.5], "texture": "#4"}
			}
		},
		{
			"name": "no",
			"from": [7, 0, 2],
			"to": [9, 4, 4],
			"shade": false,
			"rotation": {"angle": 0, "axis": "y", "origin": [7, -6, 2]},
			"faces": {
				"north": {"uv": [2, 6, 4, 10], "texture": "#4"},
				"east": {"uv": [2, 6, 4, 10], "texture": "#4"},
				"south": {"uv": [2, 6, 4, 10], "texture": "#4"},
				"west": {"uv": [2, 6, 4, 10], "texture": "#4"},
				"up": {"uv": [2, 6, 4, 8], "texture": "#4"}
			}
		}
	]
}