{
	"credit": "Made with Blockbenchysbb",
	"ambientocclusion": false,
	"textures": {
		"3": "block/ysbb_comparator/redstone_torch",
		"5": "block/ysbb_comparator/comparator_on",
		"slab": "block/ysbb_comparator/smooth_stone",
		"particle": "block/ysbb_comparator/comparator6"
	},
	"elements": [
		{
			"from": [0, 0, 0],
			"to": [16, 2, 16],
			"faces": {
				"north": {"uv": [0, 14, 16, 16], "texture": "#slab", "cullface": "north"},
				"east": {"uv": [0, 14, 16, 16], "texture": "#slab", "cullface": "east"},
				"south": {"uv": [0, 14, 16, 16], "texture": "#slab", "cullface": "south"},
				"west": {"uv": [0, 14, 16, 16], "texture": "#slab", "cullface": "west"},
				"up": {"uv": [0, 0, 16, 16], "texture": "#5"},
				"down": {"uv": [0, 0, 16, 16], "texture": "#slab", "cullface": "down"}
			}
		},
		{
			"name": "no",
			"from": [10, 1, 11],
			"to": [12, 6, 13],
			"shade": false,
			"rotation": {"angle": 0, "axis": "y", "origin": [10, -4, 11]},
			"faces": {
				"north": {"uv": [2, 6, 4, 11], "texture": "#3"},
				"east": {"uv": [2, 6, 4, 11], "texture": "#3"},
				"south": {"uv": [2, 6, 4, 11], "texture": "#3"},
				"west": {"uv": [2, 6, 4, 11], "texture": "#3"},
				"up": {"uv": [2, 6, 4, 8], "texture": "#3"}
			}
		},
		{
			"name": "no",
			"from": [12.5, 3.5, 10.5],
			"to": [9.5, 6.5, 13.5],
			"shade": false,
			"rotation": {"angle": 0, "axis": "y", "origin": [17.5, 15.5, 15.5]},
			"faces": {
				"north": {"uv": [2, 2.5, 3, 3.5], "texture": "#3"},
				"east": {"uv": [2, 2.5, 3, 3.5], "texture": "#3"},
				"south": {"uv": [2, 2.5, 3, 3.5], "texture": "#3"},
				"west": {"uv": [2, 2.5, 3, 3.5], "texture": "#3"},
				"up": {"uv": [2, 2.5, 3, 3.5], "texture": "#3"},
				"down": {"uv": [2, 2.5, 3, 3.5], "texture": "#3"}
			}
		},
		{
			"name": "no",
			"from": [7, 0, 2],
			"to": [9, 4, 4],
			"shade": false,
			"rotation": {"angle": 0, "axis": "y", "origin": [7, -6, 2]},
			"faces": {
				"north": {"uv": [2, 6, 4, 10], "texture": "#3"},
				"east": {"uv": [2, 6, 4, 10], "texture": "#3"},
				"south": {"uv": [2, 6, 4, 10], "texture": "#3"},
				"west": {"uv": [2, 6, 4, 10], "texture": "#3"},
				"up": {"uv": [2, 6, 4, 8], "texture": "#3"}
			}
		},
		{
			"name": "no",
			"from": [9.5, 2.1, 1.5],
			"to": [6.5, 4.6, 4.5],
			"shade": false,
			"rotation": {"angle": 0, "axis": "y", "origin": [14.5, 14.1, 6.5]},
			"faces": {
				"north": {"uv": [2, 2.5, 3, 3.5], "texture": "#3"},
				"east": {"uv": [2, 2.5, 3, 3.5], "texture": "#3"},
				"south": {"uv": [2, 2.5, 3, 3.5], "texture": "#3"},
				"west": {"uv": [2, 2.5, 3, 3.5], "texture": "#3"},
				"up": {"uv": [2, 2.5, 3, 3.5], "texture": "#3"},
				"down": {"uv": [2, 2.5, 3, 3.5], "texture": "#3"}
			}
		},
		{
			"name": "no",
			"from": [6.5, 3.5, 10.5],
			"to": [3.5, 6.5, 13.5],
			"shade": false,
			"rotation": {"angle": 0, "axis": "y", "origin": [11.5, 15.5, 15.5]},
			"faces": {
				"north": {"uv": [2, 2.5, 3, 3.5], "texture": "#3"},
				"east": {"uv": [2, 2.5, 3, 3.5], "texture": "#3"},
				"south": {"uv": [2, 2.5, 3, 3.5], "texture": "#3"},
				"west": {"uv": [2, 2.5, 3, 3.5], "texture": "#3"},
				"up": {"uv": [2, 2.5, 3, 3.5], "texture": "#3"},
				"down": {"uv": [2, 2.5, 3, 3.5], "texture": "#3"}
			}
		},
		{
			"name": "no",
			"from": [4, 1, 11],
			"to": [6, 6, 13],
			"shade": false,
			"rotation": {"angle": 0, "axis": "y", "origin": [4, -4, 11]},
			"faces": {
				"north": {"uv": [2, 6, 4, 11], "texture": "#3"},
				"east": {"uv": [2, 6, 4, 11], "texture": "#3"},
				"south": {"uv": [2, 6, 4, 11], "texture": "#3"},
				"west": {"uv": [2, 6, 4, 11], "texture": "#3"},
				"up": {"uv": [2, 6, 4, 8], "texture": "#3"}
			}
		}
	]
}