{
	"credit": "Made with Blockbench",
	"ambientocclusion": false,
	"textures": {
		"3": "block/ysbb_comparator/comparator4",
		"slab": "block/ysbb_comparator/smooth_stone",
		"particle": "block/ysbb_comparator/comparator",
		"unlit": "block/ysbb_comparator/redstone_torch"
	},
	"elements": [
		{
			"from": [0, 0, 0],
			"to": [16, 2, 16],
			"faces": {
				"north": {"uv": [0, 14, 16, 16], "texture": "#slab", "cullface": "north"},
				"east": {"uv": [0, 14, 16, 16], "texture": "#slab", "cullface": "east"},
				"south": {"uv": [0, 14, 16, 16], "texture": "#slab", "cullface": "south"},
				"west": {"uv": [0, 14, 16, 16], "texture": "#slab", "cullface": "west"},
				"up": {"uv": [0, 0, 16, 16], "texture": "#3"},
				"down": {"uv": [0, 0, 16, 16], "texture": "#slab", "cullface": "down"}
			}
		},
		{
			"from": [7, 2, 2],
			"to": [9, 4, 4],
			"faces": {
				"north": {"uv": [6, 6, 8, 8], "texture": "#unlit"},
				"east": {"uv": [6, 6, 8, 8], "texture": "#unlit"},
				"south": {"uv": [6, 6, 8, 8], "texture": "#unlit"},
				"west": {"uv": [6, 6, 8, 8], "texture": "#unlit"},
				"up": {"uv": [6, 6, 8, 8], "texture": "#unlit"}
			}
		},
		{
			"from": [10, 2, 11],
			"to": [12, 6, 13],
			"rotation": {"angle": 0, "axis": "y", "origin": [0, -1, 0]},
			"faces": {
				"north": {"uv": [6, 6, 8, 10], "texture": "#unlit"},
				"east": {"uv": [6, 6, 8, 10], "texture": "#unlit"},
				"south": {"uv": [6, 6, 8, 10], "texture": "#unlit"},
				"west": {"uv": [6, 6, 8, 10], "texture": "#unlit"},
				"up": {"uv": [6, 6, 8, 8], "texture": "#unlit"}
			}
		},
		{
			"from": [4, 2, 11],
			"to": [6, 6, 13],
			"rotation": {"angle": 0, "axis": "y", "origin": [0, -1, 0]},
			"faces": {
				"north": {"uv": [6, 6, 8, 10], "texture": "#unlit"},
				"east": {"uv": [6, 6, 8, 10], "texture": "#unlit"},
				"south": {"uv": [6, 6, 8, 10], "texture": "#unlit"},
				"west": {"uv": [6, 6, 8, 10], "texture": "#unlit"},
				"up": {"uv": [6, 6, 8, 8], "texture": "#unlit"}
			}
		}
	]
}