{
	"credit": "by YSBB  2024",
	"parent": "minecraft:block/orientable_with_bottom",
	"textures": {
		"4": "block/ysbb_bee_nest/3b",
		"5": "block/ysbb_bee_nest/3c",
		"7": "block/ysbb_bee_nest/3d",
		"9": "block/ysbb_bee_nest/3a",
		"particle": "block/ysbb_bee_nest/0a"
	},
	"elements": [
		{
			"from": [0, 0, 0],
			"to": [16, 16, 16],
			"faces": {
				"north": {"uv": [0, 0, 16, 16], "texture": "#5", "cullface": "north"},
				"east": {"uv": [0, 0, 16, 16], "texture": "#7", "cullface": "east"},
				"south": {"uv": [0, 0, 16, 16], "texture": "#7", "cullface": "south"},
				"west": {"uv": [0, 0, 16, 16], "texture": "#7", "cullface": "west"},
				"up": {"uv": [0, 0, 16, 16], "texture": "#9", "cullface": "up"},
				"down": {"uv": [0, 16, 16, 0], "texture": "#4", "cullface": "down"}
			}
		}
	]
}