{
	"credit": "by YSBB  2024",
	"parent": "block/block",
	"textures": {
		"3": "block/end_portal/end_portal_frame_side1",
		"bottom": "block/end_portal/end_stone",
		"top": "block/end_portal/end_portal_frame_top",
		"particle": "block/end_portal/end_portal_frame_side",
		"side": "block/end_portal/end_portal_frame_side"
	},
	"elements": [
		{
			"from": [0, 0, 0],
			"to": [16, 12, 16],
			"faces": {
				"north": {"uv": [0, 4, 16, 16], "texture": "#side", "cullface": "north"},
				"east": {"uv": [0, 4, 16, 16], "texture": "#side", "cullface": "east"},
				"south": {"uv": [0, 4, 16, 16], "texture": "#3", "cullface": "south"},
				"west": {"uv": [0, 4, 16, 16], "texture": "#side", "cullface": "west"},
				"up": {"uv": [0, 0, 16, 16], "texture": "#top"},
				"down": {"uv": [0, 0, 16, 16], "texture": "#bottom", "cullface": "down"}
			}
		},
		{
			"from": [5, 12, 0],
			"to": [11, 13, 5],
			"faces": {
				"north": {"uv": [5, 3, 11, 4], "texture": "#side", "cullface": "north"},
				"south": {"uv": [5, 3, 11, 4], "texture": "#side"},
				"up": {"uv": [5, 0, 11, 5], "texture": "#top"}
			}
		},
		{
			"from": [5, 12, 11],
			"to": [11, 13, 16],
			"faces": {
				"north": {"uv": [5, 3, 11, 4], "texture": "#side"},
				"south": {"uv": [5, 3, 11, 4], "texture": "#side", "cullface": "south"},
				"up": {"uv": [5, 11, 11, 16], "texture": "#top"}
			}
		},
		{
			"from": [0, 12, 0],
			"to": [5, 13, 16],
			"faces": {
				"north": {"uv": [11, 3, 16, 4], "texture": "#side", "cullface": "north"},
				"east": {"uv": [0, 3, 16, 4], "texture": "#side"},
				"south": {"uv": [0, 3, 5, 4], "texture": "#side", "cullface": "south"},
				"west": {"uv": [0, 3, 16, 4], "texture": "#side", "cullface": "west"},
				"up": {"uv": [0, 0, 5, 16], "texture": "#top"}
			}
		},
		{
			"from": [11, 12, 0],
			"to": [16, 13, 16],
			"faces": {
				"north": {"uv": [0, 3, 5, 4], "texture": "#side", "cullface": "north"},
				"east": {"uv": [0, 3, 16, 4], "texture": "#side", "cullface": "east"},
				"south": {"uv": [11, 3, 16, 4], "texture": "#side", "cullface": "south"},
				"west": {"uv": [0, 3, 16, 4], "texture": "#side"},
				"up": {"uv": [11, 0, 16, 16], "texture": "#top"}
			}
		}
	]
}