{
	"credit": "Made by YSBB with Blockbench",
	"ambientocclusion": false,
	"textures": {
		"particle": "block/farmland/potatoes_stage3",
		"crop": "block/farmland/potatoes_stage3"
	},
	"elements": [
		{
			"from": [-0.75, 1, 12.25],
			"to": [9.25, 15, 12.25],
			"shade": false,
			"rotation": {"angle": 45, "axis": "y", "origin": [4.25, 6, 12.5]},
			"faces": {
				"north": {"uv": [0, 0, 10, 14], "texture": "#crop"},
				"south": {"uv": [0, 0, 10, 14], "texture": "#crop"}
			}
		},
		{
			"from": [4.25, 1, 7.25],
			"to": [4.25, 15, 17.25],
			"shade": false,
			"rotation": {"angle": 45, "axis": "y", "origin": [4.25, 6, 12.5]},
			"faces": {
				"east": {"uv": [0, 0, 10, 14], "texture": "#crop"},
				"west": {"uv": [0, 0, 10, 14], "texture": "#crop"}
			}
		},
		{
			"name": "ysbb",
			"from": [2.5, -1, 10],
			"to": [6.5, 2, 14],
			"rotation": {"angle": 0, "axis": "y", "origin": [-7.25, 1, 0.25]},
			"faces": {
				"north": {"uv": [12, 12, 16, 16], "texture": "#crop"},
				"east": {"uv": [12, 12, 16, 16], "texture": "#crop"},
				"south": {"uv": [12, 12, 16, 16], "texture": "#crop"},
				"west": {"uv": [12, 12, 16, 16], "texture": "#crop"},
				"up": {"uv": [12, 12, 16, 16], "texture": "#crop"}
			}
		},
		{
			"from": [6.75, 1, 11],
			"to": [16.75, 15, 11],
			"shade": false,
			"rotation": {"angle": 45, "axis": "y", "origin": [11.75, 7, 11.25]},
			"faces": {
				"north": {"uv": [0, 0, 10, 14], "texture": "#crop"},
				"south": {"uv": [0, 0, 10, 14], "texture": "#crop"}
			}
		},
		{
			"from": [11.75, 1, 6],
			"to": [11.75, 15, 16],
			"shade": false,
			"rotation": {"angle": 45, "axis": "y", "origin": [11.75, 7, 11.25]},
			"faces": {
				"east": {"uv": [0, 0, 10, 14], "texture": "#crop"},
				"west": {"uv": [0, 0, 10, 14], "texture": "#crop"}
			}
		},
		{
			"name": "ysbb",
			"from": [10, -1, 9.25],
			"to": [14, 2, 13.25],
			"rotation": {"angle": 0, "axis": "y", "origin": [0.25, 1, -1]},
			"faces": {
				"north": {"uv": [12, 12, 16, 16], "texture": "#crop"},
				"east": {"uv": [12, 12, 16, 16], "texture": "#crop"},
				"south": {"uv": [12, 12, 16, 16], "texture": "#crop"},
				"west": {"uv": [12, 12, 16, 16], "texture": "#crop"},
				"up": {"uv": [12, 12, 16, 16], "texture": "#crop"}
			}
		},
		{
			"from": [6.5, 1, 3.75],
			"to": [16.5, 15, 3.75],
			"shade": false,
			"rotation": {"angle": 45, "axis": "y", "origin": [11.5, 6, 4]},
			"faces": {
				"north": {"uv": [0, 0, 10, 14], "texture": "#crop"},
				"south": {"uv": [0, 0, 10, 14], "texture": "#crop"}
			}
		},
		{
			"from": [11.5, 1, -1.25],
			"to": [11.5, 15, 8.75],
			"shade": false,
			"rotation": {"angle": 45, "axis": "y", "origin": [11.5, 6, 4]},
			"faces": {
				"east": {"uv": [0, 0, 10, 14], "texture": "#crop"},
				"west": {"uv": [0, 0, 10, 14], "texture": "#crop"}
			}
		},
		{
			"name": "ysbb",
			"from": [10.25, -1, 2],
			"to": [14.25, 2, 6],
			"rotation": {"angle": 0, "axis": "y", "origin": [0, 1, -8.25]},
			"faces": {
				"north": {"uv": [12, 12, 16, 16], "texture": "#crop"},
				"east": {"uv": [12, 12, 16, 16], "texture": "#crop"},
				"south": {"uv": [12, 12, 16, 16], "texture": "#crop"},
				"west": {"uv": [12, 12, 16, 16], "texture": "#crop"},
				"up": {"uv": [12, 12, 16, 16], "texture": "#crop"}
			}
		},
		{
			"from": [-1.5, 1, 4.75],
			"to": [8.5, 15, 4.75],
			"shade": false,
			"rotation": {"angle": 45, "axis": "y", "origin": [3.5, 7, 5]},
			"faces": {
				"north": {"uv": [0, 0, 10, 14], "texture": "#crop"},
				"south": {"uv": [0, 0, 10, 14], "texture": "#crop"}
			}
		},
		{
			"from": [3.5, 1, -0.25],
			"to": [3.5, 15, 9.75],
			"shade": false,
			"rotation": {"angle": 45, "axis": "y", "origin": [3.5, 7, 5]},
			"faces": {
				"east": {"uv": [0, 0, 10, 14], "texture": "#crop"},
				"west": {"uv": [0, 0, 10, 14], "texture": "#crop"}
			}
		},
		{
			"name": "ysbb",
			"from": [2.25, -1, 2.5],
			"to": [6.25, 2, 6.5],
			"rotation": {"angle": 0, "axis": "y", "origin": [-8, 1, -7.25]},
			"faces": {
				"north": {"uv": [12, 12, 16, 16], "texture": "#crop"},
				"east": {"uv": [12, 12, 16, 16], "texture": "#crop"},
				"south": {"uv": [12, 12, 16, 16], "texture": "#crop"},
				"west": {"uv": [12, 12, 16, 16], "texture": "#crop"},
				"up": {"uv": [12, 12, 16, 16], "texture": "#crop"}
			}
		}
	],
	"groups": [
		{
			"name": "group",
			"origin": [8, 8, 8],
			"color": 0,
			"shade": false,
			"children": [0, 1, 2]
		},
		{
			"name": "group",
			"origin": [8, 8, 8],
			"color": 0,
			"shade": false,
			"children": [3, 4, 5]
		},
		{
			"name": "group",
			"origin": [8, 8, 8],
			"color": 0,
			"shade": false,
			"children": [6, 7, 8]
		},
		{
			"name": "group",
			"origin": [8, 8, 8],
			"color": 0,
			"shade": false,
			"children": [9, 10, 11]
		}
	]
}