{
	"credit": "by YSBB  2024",
	"parent": "minecraft:block/crop",
	"texture_size": [16, 32],
	"textures": {
		"particle": "block/farmland/wheat_stage7",
		"crop": "block/farmland/wheat_stage7"
	},
	"elements": [
		{
			"from": [12, 0, 0],
			"to": [12, 32, 16],
			"shade": false,
			"rotation": {"angle": 0, "axis": "y", "origin": [17, 0, 0]},
			"faces": {
				"east": {"uv": [16, 0, 0, 16], "texture": "#crop"},
				"west": {"uv": [0, 0, 16, 16], "texture": "#crop"}
			}
		},
		{
			"from": [4, 0, 0],
			"to": [4, 32, 16],
			"shade": false,
			"rotation": {"angle": 0, "axis": "y", "origin": [9, 0, 0]},
			"faces": {
				"east": {"uv": [0, 0, 16, 16], "texture": "#crop"},
				"west": {"uv": [16, 0, 0, 16], "texture": "#crop"}
			}
		},
		{
			"from": [0, 0, 12],
			"to": [16, 32, 12],
			"shade": false,
			"rotation": {"angle": 0, "axis": "y", "origin": [8, 16, 18]},
			"faces": {
				"north": {"uv": [0, 0, 16, 16], "texture": "#crop"},
				"south": {"uv": [16, 0, 0, 16], "texture": "#crop"}
			}
		},
		{
			"from": [0, 0, 4],
			"to": [16, 32, 4],
			"shade": false,
			"rotation": {"angle": 0, "axis": "y", "origin": [8, 16, 10]},
			"faces": {
				"north": {"uv": [16, 0, 0, 16], "texture": "#crop"},
				"south": {"uv": [0, 0, 16, 16], "texture": "#crop"}
			}
		}
	]
}