{
	"credit": "Made by YSBB with Blockbench",
	"parent": "block/block",
	"textures": {
		"6": "block/sculk/bo1",
		"amethyst": "block/sculk/calibrated_sculk_sensor_amethyst",
		"particle": "block/sculk/sculk_sensor_bottom",
		"bottom": "block/sculk/sculk_sensor_bottom",
		"side": "block/sculk/sculk_sensor_side",
		"calibrated_side": "block/sculk/calibrated_sculk_sensor_input_side",
		"tendrils": "block/sculk/sculk_sensor_tendril_active",
		"top": "block/sculk/calibrated_sculk_sensor_top"
	},
	"elements": [
		{
			"from": [0, 0, 0],
			"to": [16, 8, 16],
			"faces": {
				"north": {"uv": [0, 8, 16, 16], "texture": "#side", "cullface": "north"},
				"east": {"uv": [0, 8, 16, 16], "texture": "#side", "cullface": "east"},
				"south": {"uv": [0, 8, 16, 16], "texture": "#calibrated_side", "cullface": "south"},
				"west": {"uv": [0, 8, 16, 16], "texture": "#side", "cullface": "west"},
				"up": {"uv": [0, 0, 16, 16], "texture": "#top"},
				"down": {"uv": [0, 0, 16, 16], "texture": "#bottom", "cullface": "down"}
			}
		},
		{
			"from": [-1, 8, 3],
			"to": [7, 16, 3],
			"rotation": {"angle": 45, "axis": "y", "origin": [3, 12, 3]},
			"faces": {
				"north": {"uv": [4, 8, 12, 16], "texture": "#tendrils"},
				"south": {"uv": [12, 8, 4, 16], "texture": "#tendrils"}
			}
		},
		{
			"from": [9, 8, 3],
			"to": [17, 16, 3],
			"rotation": {"angle": -45, "axis": "y", "origin": [13, 12, 3]},
			"faces": {
				"north": {"uv": [12, 8, 4, 16], "texture": "#tendrils"},
				"south": {"uv": [4, 8, 12, 16], "texture": "#tendrils"}
			}
		},
		{
			"from": [9, 8, 13],
			"to": [17, 16, 13],
			"rotation": {"angle": 45, "axis": "y", "origin": [13, 12, 13]},
			"faces": {
				"north": {"uv": [12, 8, 4, 16], "texture": "#tendrils"},
				"south": {"uv": [4, 8, 12, 16], "texture": "#tendrils"}
			}
		},
		{
			"from": [-1, 8, 13],
			"to": [7, 16, 13],
			"rotation": {"angle": -45, "axis": "y", "origin": [3, 12, 13]},
			"faces": {
				"north": {"uv": [4, 8, 12, 16], "texture": "#tendrils"},
				"south": {"uv": [12, 8, 4, 16], "texture": "#tendrils"}
			}
		},
		{
			"from": [-16, 1, -16],
			"to": [32, 1, 32],
			"faces": {
				"up": {"uv": [0, 0, 16, 16], "texture": "#6"},
				"down": {"uv": [0, 0, 16, 16], "texture": "#6"}
			}
		},
		{
			"name": "sj",
			"from": [9.5, 10, 0.5],
			"to": [9.5, 26, 16.5],
			"shade": false,
			"rotation": {"angle": 45, "axis": "y", "origin": [7.5, 9, 10]},
			"faces": {
				"east": {"uv": [1.5, 0, 15.5, 16], "texture": "#amethyst"},
				"west": {"uv": [1.5, 0, 15.5, 16], "texture": "#amethyst"}
			}
		},
		{
			"name": "sj",
			"from": [1.5, 10, 8.5],
			"to": [17.5, 26, 8.5],
			"shade": false,
			"rotation": {"angle": 45, "axis": "y", "origin": [7.5, 9, 10]},
			"faces": {
				"north": {"uv": [1.5, 0, 15.5, 16], "texture": "#amethyst"},
				"south": {"uv": [1.5, 0, 15.5, 16], "texture": "#amethyst"}
			}
		}
	],
	"gui_light": "front",
	"display": {
		"thirdperson_lefthand": {
			"rotation": [75, -45, 0],
			"translation": [0, 2.5, 0],
			"scale": [0.375, 0.375, 0.375]
		},
		"gui": {
			"rotation": [30, 45, 0],
			"scale": [0.625, 0.625, 0.625]
		},
		"head": {
			"rotation": [0, -180, 0]
		}
	},
	"groups": [
		0,
		1,
		2,
		3,
		4,
		{
			"name": "group",
			"origin": [0, 0, 0],
			"color": 0,
			"children": []
		},
		5,
		6,
		7
	]
}