{
	"credit": "Made by YSBB with Blockbench",
	"parent": "block/block",
	"textures": {
		"4": "block/sculk/bo2",
		"particle": "block/sculk/sculk_shrieker_bottom1",
		"bottom": "block/sculk/sculk_shrieker_bottom1",
		"side": "block/sculk/sculk_shrieker_side1",
		"top": "block/sculk/sculk_shrieker_top",
		"inner_top": "block/sculk/sculk_shrieker_can_summon_inner_top"
	},
	"elements": [
		{
			"name": "bottom_slab",
			"from": [0, 0, 0],
			"to": [16, 8, 16],
			"faces": {
				"north": {"uv": [0, 8, 16, 16], "texture": "#side", "cullface": "north"},
				"east": {"uv": [0, 8, 16, 16], "texture": "#side", "cullface": "east"},
				"south": {"uv": [0, 8, 16, 16], "texture": "#side", "cullface": "south"},
				"west": {"uv": [0, 8, 16, 16], "texture": "#side", "cullface": "west"},
				"up": {"uv": [0, 0, 16, 16], "texture": "#inner_top"},
				"down": {"uv": [0, 0, 16, 16], "texture": "#bottom", "cullface": "down"}
			}
		},
		{
			"from": [12, 8, 1],
			"to": [15, 15, 4],
			"rotation": {"angle": 0, "axis": "y", "origin": [12.5, 11, 3.5]},
			"faces": {
				"north": {"uv": [1, 1, 4, 8], "texture": "#side"},
				"east": {"uv": [12, 1, 15, 8], "texture": "#side"},
				"south": {"uv": [12, 1, 15, 8], "texture": "#side"},
				"west": {"uv": [1, 1, 4, 8], "texture": "#side"},
				"up": {"uv": [1, 1, 4, 4], "rotation": 90, "texture": "#top"}
			}
		},
		{
			"from": [10, 8, 1],
			"to": [12, 11, 3],
			"rotation": {"angle": 0, "axis": "y", "origin": [12.5, 11, 3.5]},
			"faces": {
				"north": {"uv": [4, 5, 6, 8], "texture": "#side"},
				"south": {"uv": [1, 5, 3, 8], "texture": "#side"},
				"west": {"uv": [1, 5, 3, 8], "texture": "#side"},
				"up": {"uv": [1, 3, 3, 5], "rotation": 90, "texture": "#top"}
			}
		},
		{
			"from": [13, 8, 4],
			"to": [15, 11, 6],
			"rotation": {"angle": 0, "axis": "y", "origin": [11, 9.5, 5]},
			"faces": {
				"east": {"uv": [10, 5, 12, 8], "texture": "#side"},
				"south": {"uv": [13, 5, 15, 8], "texture": "#side"},
				"west": {"uv": [13, 5, 15, 8], "texture": "#side"},
				"up": {"uv": [1, 3, 3, 5], "rotation": 90, "texture": "#top"}
			}
		},
		{
			"from": [11, 11, 1],
			"to": [12, 14, 3],
			"rotation": {"angle": 0, "axis": "y", "origin": [12.5, 11, 3.5]},
			"faces": {
				"north": {"uv": [4, 2, 5, 5], "texture": "#side"},
				"south": {"uv": [13, 2, 14, 5], "texture": "#side"},
				"west": {"uv": [1, 2, 3, 5], "texture": "#side"},
				"up": {"uv": [1, 4, 3, 5], "rotation": 90, "texture": "#top"}
			}
		},
		{
			"from": [13, 11, 4],
			"to": [15, 14, 5],
			"rotation": {"angle": 0, "axis": "y", "origin": [12.5, 11, 3.5]},
			"faces": {
				"east": {"uv": [11, 2, 12, 5], "texture": "#side"},
				"south": {"uv": [13, 2, 15, 5], "texture": "#side"},
				"west": {"uv": [2, 2, 3, 5], "texture": "#side"},
				"up": {"uv": [4, 1, 5, 3], "rotation": 90, "texture": "#top"}
			}
		},
		{
			"from": [1, 8, 1],
			"to": [4, 15, 4],
			"rotation": {"angle": 0, "axis": "y", "origin": [12.5, 11, 3.5]},
			"faces": {
				"north": {"uv": [12, 1, 15, 8], "texture": "#side"},
				"east": {"uv": [12, 1, 15, 8], "texture": "#side"},
				"south": {"uv": [1, 1, 4, 8], "texture": "#side"},
				"west": {"uv": [1, 1, 4, 8], "texture": "#side"},
				"up": {"uv": [1, 1, 4, 4], "texture": "#top"}
			}
		},
		{
			"from": [1, 11, 4],
			"to": [3, 14, 5],
			"rotation": {"angle": 0, "axis": "y", "origin": [12.5, 11, 3.5]},
			"faces": {
				"east": {"uv": [13, 2, 14, 5], "texture": "#side"},
				"south": {"uv": [1, 2, 3, 5], "texture": "#side"},
				"west": {"uv": [4, 2, 5, 5], "texture": "#side"},
				"up": {"uv": [1, 4, 3, 5], "texture": "#top"}
			}
		},
		{
			"from": [1, 8, 4],
			"to": [3, 11, 6],
			"rotation": {"angle": 0, "axis": "y", "origin": [12.5, 11, 3.5]},
			"faces": {
				"east": {"uv": [1, 5, 3, 8], "texture": "#side"},
				"south": {"uv": [1, 5, 3, 8], "texture": "#side"},
				"west": {"uv": [4, 5, 6, 8], "texture": "#side"},
				"up": {"uv": [1, 3, 3, 5], "texture": "#top"}
			}
		},
		{
			"from": [4, 11, 1],
			"to": [5, 14, 3],
			"rotation": {"angle": 0, "axis": "y", "origin": [12.5, 11, 3.5]},
			"faces": {
				"north": {"uv": [11, 2, 12, 5], "texture": "#side"},
				"east": {"uv": [13, 2, 15, 5], "texture": "#side"},
				"south": {"uv": [2, 2, 3, 5], "texture": "#side"},
				"up": {"uv": [4, 1, 5, 3], "texture": "#top"}
			}
		},
		{
			"from": [4, 8, 1],
			"to": [6, 11, 3],
			"rotation": {"angle": 0, "axis": "y", "origin": [12.5, 11, 3.5]},
			"faces": {
				"north": {"uv": [10, 5, 12, 8], "texture": "#side"},
				"east": {"uv": [13, 5, 15, 8], "texture": "#side"},
				"south": {"uv": [13, 5, 15, 8], "texture": "#side"},
				"up": {"uv": [1, 3, 3, 5], "texture": "#top"}
			}
		},
		{
			"from": [1, 8, 12],
			"to": [4, 15, 15],
			"rotation": {"angle": 0, "axis": "y", "origin": [3.5, 11, 3.5]},
			"faces": {
				"north": {"uv": [12, 1, 15, 8], "texture": "#side"},
				"east": {"uv": [1, 1, 4, 8], "texture": "#side"},
				"south": {"uv": [1, 1, 4, 8], "texture": "#side"},
				"west": {"uv": [12, 1, 15, 8], "texture": "#side"},
				"up": {"uv": [1, 1, 4, 4], "rotation": 270, "texture": "#top"}
			}
		},
		{
			"from": [4, 11, 13],
			"to": [5, 14, 15],
			"rotation": {"angle": 0, "axis": "y", "origin": [3.5, 11, 3.5]},
			"faces": {
				"north": {"uv": [13, 2, 14, 5], "texture": "#side"},
				"east": {"uv": [1, 2, 3, 5], "texture": "#side"},
				"south": {"uv": [4, 2, 5, 5], "texture": "#side"},
				"up": {"uv": [1, 4, 3, 5], "rotation": 270, "texture": "#top"}
			}
		},
		{
			"from": [4, 8, 13],
			"to": [6, 11, 15],
			"rotation": {"angle": 0, "axis": "y", "origin": [3.5, 11, 3.5]},
			"faces": {
				"north": {"uv": [1, 5, 3, 8], "texture": "#side"},
				"east": {"uv": [1, 5, 3, 8], "texture": "#side"},
				"south": {"uv": [4, 5, 6, 8], "texture": "#side"},
				"up": {"uv": [1, 3, 3, 5], "rotation": 270, "texture": "#top"}
			}
		},
		{
			"from": [1, 11, 11],
			"to": [3, 14, 12],
			"rotation": {"angle": 0, "axis": "y", "origin": [3.5, 11, 3.5]},
			"faces": {
				"north": {"uv": [13, 2, 15, 5], "texture": "#side"},
				"east": {"uv": [2, 2, 3, 5], "texture": "#side"},
				"west": {"uv": [11, 2, 12, 5], "texture": "#side"},
				"up": {"uv": [4, 1, 5, 3], "rotation": 270, "texture": "#top"}
			}
		},
		{
			"from": [1, 8, 10],
			"to": [3, 11, 12],
			"rotation": {"angle": 0, "axis": "y", "origin": [3.5, 11, 3.5]},
			"faces": {
				"north": {"uv": [13, 5, 15, 8], "texture": "#side"},
				"east": {"uv": [13, 5, 15, 8], "texture": "#side"},
				"west": {"uv": [10, 5, 12, 8], "texture": "#side"},
				"up": {"uv": [1, 3, 3, 5], "rotation": 270, "texture": "#top"}
			}
		},
		{
			"from": [12, 8, 12],
			"to": [15, 15, 15],
			"rotation": {"angle": 0, "axis": "y", "origin": [3.5, 11, 12.5]},
			"faces": {
				"north": {"uv": [1, 1, 4, 8], "texture": "#side"},
				"east": {"uv": [1, 1, 4, 8], "texture": "#side"},
				"south": {"uv": [12, 1, 15, 8], "texture": "#side"},
				"west": {"uv": [12, 1, 15, 8], "texture": "#side"},
				"up": {"uv": [1, 1, 4, 4], "rotation": 180, "texture": "#top"}
			}
		},
		{
			"from": [13, 11, 11],
			"to": [15, 14, 12],
			"rotation": {"angle": 0, "axis": "y", "origin": [3.5, 11, 12.5]},
			"faces": {
				"north": {"uv": [1, 2, 3, 5], "texture": "#side"},
				"east": {"uv": [4, 2, 5, 5], "texture": "#side"},
				"west": {"uv": [13, 2, 14, 5], "texture": "#side"},
				"up": {"uv": [1, 4, 3, 5], "rotation": 180, "texture": "#top"}
			}
		},
		{
			"from": [13, 8, 10],
			"to": [15, 11, 12],
			"rotation": {"angle": 0, "axis": "y", "origin": [3.5, 11, 12.5]},
			"faces": {
				"north": {"uv": [1, 5, 3, 8], "texture": "#side"},
				"east": {"uv": [4, 5, 6, 8], "texture": "#side"},
				"west": {"uv": [1, 5, 3, 8], "texture": "#side"},
				"up": {"uv": [1, 3, 3, 5], "rotation": 180, "texture": "#top"}
			}
		},
		{
			"from": [11, 11, 13],
			"to": [12, 14, 15],
			"rotation": {"angle": 0, "axis": "y", "origin": [3.5, 11, 12.5]},
			"faces": {
				"north": {"uv": [2, 2, 3, 5], "texture": "#side"},
				"south": {"uv": [11, 2, 12, 5], "texture": "#side"},
				"west": {"uv": [13, 2, 15, 5], "texture": "#side"},
				"up": {"uv": [4, 1, 5, 3], "rotation": 180, "texture": "#top"}
			}
		},
		{
			"from": [10, 8, 13],
			"to": [12, 11, 15],
			"rotation": {"angle": 0, "axis": "y", "origin": [3.5, 11, 12.5]},
			"faces": {
				"north": {"uv": [13, 5, 15, 8], "texture": "#side"},
				"south": {"uv": [10, 5, 12, 8], "texture": "#side"},
				"west": {"uv": [13, 5, 15, 8], "texture": "#side"},
				"up": {"uv": [1, 3, 3, 5], "rotation": 180, "texture": "#top"}
			}
		},
		{
			"from": [14, 9, 7],
			"to": [15, 10, 9],
			"rotation": {"angle": 0, "axis": "y", "origin": [8, 9, 8]},
			"faces": {
				"north": {"uv": [7, 6, 8, 7], "texture": "#side"},
				"east": {"uv": [7, 6, 9, 7], "texture": "#side"},
				"south": {"uv": [7, 6, 8, 7], "texture": "#side"},
				"west": {"uv": [7, 6, 9, 7], "texture": "#side"},
				"up": {"uv": [7, 6, 9, 7], "rotation": 90, "texture": "#side"}
			}
		},
		{
			"from": [14, 8, 6],
			"to": [15, 9, 10],
			"rotation": {"angle": 0, "axis": "y", "origin": [8, 9, 8]},
			"faces": {
				"east": {"uv": [6, 7, 10, 8], "texture": "#side"},
				"west": {"uv": [6, 7, 10, 8], "texture": "#side"},
				"up": {"uv": [6, 7, 10, 8], "rotation": 90, "texture": "#side"}
			}
		},
		{
			"from": [1, 8, 6],
			"to": [2, 9, 10],
			"rotation": {"angle": 0, "axis": "y", "origin": [8, 9, 8]},
			"faces": {
				"east": {"uv": [6, 7, 10, 8], "texture": "#side"},
				"west": {"uv": [6, 7, 10, 8], "texture": "#side"},
				"up": {"uv": [6, 7, 10, 8], "rotation": 90, "texture": "#side"}
			}
		},
		{
			"from": [1, 9, 7],
			"to": [2, 10, 9],
			"rotation": {"angle": 0, "axis": "y", "origin": [8, 9, 8]},
			"faces": {
				"north": {"uv": [7, 6, 8, 7], "texture": "#side"},
				"east": {"uv": [7, 6, 9, 7], "texture": "#side"},
				"south": {"uv": [7, 6, 8, 7], "texture": "#side"},
				"west": {"uv": [7, 6, 9, 7], "texture": "#side"},
				"up": {"uv": [7, 6, 9, 7], "rotation": 90, "texture": "#side"}
			}
		},
		{
			"from": [6, 8, 14],
			"to": [10, 9, 15],
			"rotation": {"angle": 0, "axis": "y", "origin": [8, 9, 8]},
			"faces": {
				"north": {"uv": [6, 7, 10, 8], "texture": "#side"},
				"south": {"uv": [6, 7, 10, 8], "texture": "#side"},
				"up": {"uv": [6, 7, 10, 8], "texture": "#side"}
			}
		},
		{
			"from": [7, 9, 14],
			"to": [9, 10, 15],
			"rotation": {"angle": 0, "axis": "y", "origin": [8, 9, 8]},
			"faces": {
				"north": {"uv": [7, 6, 9, 7], "texture": "#side"},
				"east": {"uv": [7, 6, 8, 7], "texture": "#side"},
				"south": {"uv": [7, 6, 9, 7], "texture": "#side"},
				"west": {"uv": [7, 6, 8, 7], "texture": "#side"},
				"up": {"uv": [7, 6, 9, 7], "texture": "#side"}
			}
		},
		{
			"from": [6, 8, 1],
			"to": [10, 9, 2],
			"rotation": {"angle": 0, "axis": "y", "origin": [8, 9, 8]},
			"faces": {
				"north": {"uv": [6, 7, 10, 8], "texture": "#side"},
				"south": {"uv": [6, 7, 10, 8], "texture": "#side"},
				"up": {"uv": [6, 7, 10, 8], "texture": "#side"}
			}
		},
		{
			"from": [7, 9, 1],
			"to": [9, 10, 2],
			"rotation": {"angle": 0, "axis": "y", "origin": [8, 9, 8]},
			"faces": {
				"north": {"uv": [7, 6, 9, 7], "texture": "#side"},
				"east": {"uv": [7, 6, 8, 7], "texture": "#side"},
				"south": {"uv": [7, 6, 9, 7], "texture": "#side"},
				"west": {"uv": [7, 6, 8, 7], "texture": "#side"},
				"up": {"uv": [7, 6, 9, 7], "texture": "#side"}
			}
		},
		{
			"from": [-16, 1, -16],
			"to": [32, 1, 32],
			"faces": {
				"up": {"uv": [0, 0, 16, 16], "texture": "#4"},
				"down": {"uv": [0, 0, 16, 16], "texture": "#4"}
			}
		}
	],
	"groups": [
		0,
		{
			"name": "group",
			"origin": [8, 10.5, 3.25],
			"color": 0,
			"children": [1, 2, 3, 4, 5, 6, 7, 8, 9, 10, 11, 12, 13, 14, 15, 16, 17, 18, 19, 20, 21, 22, 23, 24, 25, 26, 27, 28]
		},
		29
	]
}