{
	"credit": "Made by YSBB with Blockbench",
	"parent": "block/block",
	"textures": {
		"particle": "block/sculk_sensor_bottom",
		"bottom": "block/sculk_sensor_bottom",
		"side": "block/sculk_sensor_side",
		"tendrils": "block/sculk_sensor_tendril_inactive",
		"top": "block/sculk_sensor_top"
	},
	"elements": [
		{
			"from": [0, 0, 0],
			"to": [16, 8, 16],
			"faces": {
				"north": {"uv": [0, 8, 16, 16], "texture": "#side", "cullface": "north"},
				"east": {"uv": [0, 8, 16, 16], "texture": "#side", "cullface": "east"},
				"south": {"uv": [0, 8, 16, 16], "texture": "#side", "cullface": "south"},
				"west": {"uv": [0, 8, 16, 16], "texture": "#side", "cullface": "west"},
				"up": {"uv": [0, 0, 16, 16], "texture": "#top"},
				"down": {"uv": [0, 0, 16, 16], "texture": "#bottom", "cullface": "down"}
			}
		},
		{
			"from": [-7, 8, 4.25],
			"to": [7, 16, 18.25],
			"rotation": {"angle": 45, "axis": "y", "origin": [0, 0, 0]},
			"faces": {
				"north": {"uv": [1, 8, 15, 16], "texture": "#tendrils"},
				"east": {"uv": [15, 8, 1, 16], "texture": "#tendrils"},
				"south": {"uv": [1, 8, 15, 16], "texture": "#tendrils"},
				"west": {"uv": [15, 8, 1, 16], "texture": "#tendrils"}
			}
		},
		{
			"from": [7, 8, 4.25],
			"to": [-7, 16, 18.25],
			"rotation": {"angle": 45, "axis": "y", "origin": [0, 0, 0]},
			"faces": {
				"north": {"uv": [15, 8, 1, 16], "texture": "#tendrils"},
				"east": {"uv": [1, 8, 15, 16], "texture": "#tendrils"},
				"south": {"uv": [15, 8, 1, 16], "texture": "#tendrils"},
				"west": {"uv": [1, 8, 15, 16], "texture": "#tendrils"}
			}
		}
	]
}