{
	"credit": "Made by YSBB with Blockbench",
	"textures": {
		"2": "block/cake/132",
		"particle": "block/cake/132"
	},
	"elements": [
		{
			"from": [9.10867, 0, 8.93867],
			"to": [15.30867, 7, 10.43867],
			"rotation": {"angle": 0, "axis": "y", "origin": [12.85061, 3.375, 5.67173]},
			"faces": {
				"north": {"uv": [7, 12, 0, 7], "rotation": 90, "texture": "#2"},
				"east": {"uv": [8, 7, 9.5, 14], "texture": "#2"},
				"south": {"uv": [8, 7, 15, 14], "texture": "#2"},
				"west": {"uv": [13.5, 7, 15, 14], "texture": "#2"},
				"up": {"uv": [11, 1, 9, 8], "rotation": 90, "texture": "#2"},
				"down": {"uv": [10, 14, 16, 16], "texture": "#2", "cullface": "down"}
			}
		},
		{
			"from": [13.60867, 0, 5.93867],
			"to": [15.30867, 7, 8.93867],
			"rotation": {"angle": 0, "axis": "y", "origin": [12.85061, 3.375, 5.67173]},
			"faces": {
				"east": {"uv": [9.5, 7, 13.5, 14], "texture": "#2"},
				"west": {"uv": [7, 12, 0, 7], "rotation": 90, "texture": "#2"},
				"up": {"uv": [11, 2, 9, 6], "texture": "#2"},
				"down": {"uv": [10, 14, 16, 16], "rotation": 90, "texture": "#2", "cullface": "down"}
			}
		},
		{
			"from": [9.10867, 0, 5.93867],
			"to": [10.80867, 7, 8.93867],
			"rotation": {"angle": 0, "axis": "y", "origin": [12.85061, 3.375, 5.67173]},
			"faces": {
				"east": {"uv": [7, 12, 0, 7], "rotation": 90, "texture": "#2"},
				"west": {"uv": [9.5, 7, 13.5, 14], "texture": "#2"},
				"up": {"uv": [11, 2, 9, 6], "rotation": 180, "texture": "#2"},
				"down": {"uv": [10, 14, 16, 16], "rotation": 270, "texture": "#2", "cullface": "down"}
			}
		},
		{
			"from": [9.10867, 0, 4.43867],
			"to": [15.30867, 7, 5.93867],
			"rotation": {"angle": 0, "axis": "y", "origin": [12.85061, 3.375, 5.67173]},
			"faces": {
				"north": {"uv": [8, 7, 15, 14], "texture": "#2"},
				"east": {"uv": [13.5, 7, 15, 14], "texture": "#2"},
				"south": {"uv": [7, 12, 0, 7], "rotation": 90, "texture": "#2"},
				"west": {"uv": [8, 7, 9.5, 14], "texture": "#2"},
				"up": {"uv": [11, 1, 9, 8], "rotation": 270, "texture": "#2"},
				"down": {"uv": [10, 14, 16, 16], "rotation": 180, "texture": "#2", "cullface": "down"}
			}
		},
		{
			"from": [11.45867, 0.5, 2.43867],
			"to": [12.95867, 2, 4.43867],
			"rotation": {"angle": 0, "axis": "y", "origin": [12.85061, 3.375, 5.67173]},
			"faces": {
				"north": {"uv": [12, 13, 13.5, 14.5], "texture": "#2"},
				"east": {"uv": [9, 13, 11, 14.5], "texture": "#2"},
				"west": {"uv": [9, 13, 11, 14.5], "texture": "#2"},
				"up": {"uv": [11, 13, 12.5, 15], "texture": "#2"},
				"down": {"uv": [11, 13, 12.5, 15], "texture": "#2"}
			}
		},
		{
			"from": [11.45867, 4.75, 2.43867],
			"to": [12.95867, 6.25, 4.43867],
			"rotation": {"angle": 0, "axis": "y", "origin": [12.85061, 3.375, 5.67173]},
			"faces": {
				"north": {"uv": [12, 13, 13.5, 14.5], "texture": "#2"},
				"east": {"uv": [9, 13, 11, 14.5], "texture": "#2"},
				"west": {"uv": [9, 13, 11, 14.5], "texture": "#2"},
				"up": {"uv": [11, 13, 12.5, 15], "texture": "#2"},
				"down": {"uv": [11, 13, 12.5, 15], "texture": "#2"}
			}
		},
		{
			"from": [11.45867, 2, 2.43867],
			"to": [12.95867, 4.75, 2.93867],
			"rotation": {"angle": 0, "axis": "y", "origin": [12.85061, 3.375, 5.67173]},
			"faces": {
				"north": {"uv": [0, 13, 2, 16], "texture": "#2"},
				"east": {"uv": [0, 13, 1, 15.75], "texture": "#2"},
				"south": {"uv": [0, 13, 1.5, 15.75], "texture": "#2"},
				"west": {"uv": [0, 13, 1, 15.75], "texture": "#2"}
			}
		},
		{
			"from": [10.57111, 0, 5.56299],
			"to": [14.07111, 6, 9.06299],
			"rotation": {"angle": 0, "axis": "y", "origin": [12.85061, 3.375, 5.67173]},
			"faces": {
				"up": {"uv": [0, 0, 4, 4], "rotation": 90, "texture": "#2"},
				"down": {"uv": [8, 12.5, 11.5, 16], "texture": "#2", "cullface": "down"}
			}
		},
		{
			"from": [1.70867, 0, 6.53867],
			"to": [7.90867, 7, 8.03867],
			"rotation": {"angle": 0, "axis": "y", "origin": [4.80867, 3.375, 3.78867]},
			"faces": {
				"north": {"uv": [7, 12, 0, 7], "rotation": 90, "texture": "#2"},
				"east": {"uv": [8, 7, 9.5, 14], "texture": "#2"},
				"south": {"uv": [8, 7, 15, 14], "texture": "#2"},
				"west": {"uv": [13.5, 7, 15, 14], "texture": "#2"},
				"up": {"uv": [11, 1, 9, 8], "rotation": 90, "texture": "#2"},
				"down": {"uv": [10, 14, 16, 16], "texture": "#2", "cullface": "down"}
			}
		},
		{
			"from": [6.20867, 0, 3.53867],
			"to": [7.90867, 7, 6.53867],
			"rotation": {"angle": 0, "axis": "y", "origin": [4.80867, 3.375, 3.78867]},
			"faces": {
				"east": {"uv": [9.5, 7, 13.5, 14], "texture": "#2"},
				"west": {"uv": [7, 12, 0, 7], "rotation": 90, "texture": "#2"},
				"up": {"uv": [11, 2, 9, 6], "texture": "#2"},
				"down": {"uv": [10, 14, 16, 16], "rotation": 90, "texture": "#2", "cullface": "down"}
			}
		},
		{
			"from": [1.70867, 0, 3.53867],
			"to": [3.40867, 7, 6.53867],
			"rotation": {"angle": 0, "axis": "y", "origin": [4.80867, 3.375, 3.78867]},
			"faces": {
				"east": {"uv": [7, 12, 0, 7], "rotation": 90, "texture": "#2"},
				"west": {"uv": [9.5, 7, 13.5, 14], "texture": "#2"},
				"up": {"uv": [11, 2, 9, 6], "rotation": 180, "texture": "#2"},
				"down": {"uv": [10, 14, 16, 16], "rotation": 270, "texture": "#2", "cullface": "down"}
			}
		},
		{
			"from": [1.70867, 0, 2.03867],
			"to": [7.90867, 7, 3.53867],
			"rotation": {"angle": 0, "axis": "y", "origin": [4.80867, 3.375, 3.78867]},
			"faces": {
				"north": {"uv": [8, 7, 15, 14], "texture": "#2"},
				"east": {"uv": [13.5, 7, 15, 14], "texture": "#2"},
				"south": {"uv": [7, 12, 0, 7], "rotation": 90, "texture": "#2"},
				"west": {"uv": [8, 7, 9.5, 14], "texture": "#2"},
				"up": {"uv": [11, 1, 9, 8], "rotation": 270, "texture": "#2"},
				"down": {"uv": [10, 14, 16, 16], "rotation": 180, "texture": "#2", "cullface": "down"}
			}
		},
		{
			"from": [4.05867, 0.5, 0.03867],
			"to": [5.55867, 2, 2.03867],
			"rotation": {"angle": 0, "axis": "y", "origin": [4.80867, 3.375, 3.78867]},
			"faces": {
				"north": {"uv": [12, 13, 13.5, 14.5], "texture": "#2"},
				"east": {"uv": [9, 13, 11, 14.5], "texture": "#2"},
				"west": {"uv": [9, 13, 11, 14.5], "texture": "#2"},
				"up": {"uv": [11, 13, 12.5, 15], "texture": "#2"},
				"down": {"uv": [11, 13, 12.5, 15], "texture": "#2"}
			}
		},
		{
			"from": [4.05867, 4.75, 0.03867],
			"to": [5.55867, 6.25, 2.03867],
			"rotation": {"angle": 0, "axis": "y", "origin": [4.80867, 3.375, 3.78867]},
			"faces": {
				"north": {"uv": [12, 13, 13.5, 14.5], "texture": "#2"},
				"east": {"uv": [9, 13, 11, 14.5], "texture": "#2"},
				"west": {"uv": [9, 13, 11, 14.5], "texture": "#2"},
				"up": {"uv": [11, 13, 12.5, 15], "texture": "#2"},
				"down": {"uv": [11, 13, 12.5, 15], "texture": "#2"}
			}
		},
		{
			"from": [4.05867, 2, 0.03867],
			"to": [5.55867, 4.75, 0.53867],
			"rotation": {"angle": 0, "axis": "y", "origin": [4.80867, 3.375, 3.78867]},
			"faces": {
				"north": {"uv": [0, 13, 2, 16], "texture": "#2"},
				"east": {"uv": [0, 13, 1, 15.75], "texture": "#2"},
				"south": {"uv": [0, 13, 1.5, 15.75], "texture": "#2"},
				"west": {"uv": [0, 13, 1, 15.75], "texture": "#2"}
			}
		},
		{
			"from": [3.17111, 0, 3.16299],
			"to": [6.67111, 6, 6.66299],
			"rotation": {"angle": 0, "axis": "y", "origin": [4.80867, 3.375, 3.78867]},
			"faces": {
				"up": {"uv": [0, 0, 4, 4], "rotation": 90, "texture": "#2"},
				"down": {"uv": [8, 12.5, 11.5, 16], "texture": "#2", "cullface": "down"}
			}
		},
		{
			"from": [4.18299, 0, 10.17623],
			"to": [7.68299, 6, 13.67623],
			"rotation": {"angle": 0, "axis": "y", "origin": [4.80867, 3.375, 12.03867]},
			"faces": {
				"up": {"uv": [0, 0, 4, 4], "texture": "#2"},
				"down": {"uv": [8, 12.5, 11.5, 16], "rotation": 90, "texture": "#2", "cullface": "down"}
			}
		},
		{
			"from": [1.05867, 2, 11.28867],
			"to": [1.55867, 4.75, 12.78867],
			"rotation": {"angle": 0, "axis": "y", "origin": [4.80867, 3.375, 12.03867]},
			"faces": {
				"north": {"uv": [0, 13, 1, 15.75], "texture": "#2"},
				"east": {"uv": [0, 13, 1.5, 15.75], "texture": "#2"},
				"south": {"uv": [0, 13, 1, 15.75], "texture": "#2"},
				"west": {"uv": [0, 13, 2, 16], "texture": "#2"}
			}
		},
		{
			"from": [1.05867, 4.75, 11.28867],
			"to": [3.05867, 6.25, 12.78867],
			"rotation": {"angle": 0, "axis": "y", "origin": [4.80867, 3.375, 12.03867]},
			"faces": {
				"north": {"uv": [9, 13, 11, 14.5], "texture": "#2"},
				"south": {"uv": [9, 13, 11, 14.5], "texture": "#2"},
				"west": {"uv": [12, 13, 13.5, 14.5], "texture": "#2"},
				"up": {"uv": [11, 13, 12.5, 15], "rotation": 270, "texture": "#2"},
				"down": {"uv": [11, 13, 12.5, 15], "rotation": 90, "texture": "#2"}
			}
		},
		{
			"from": [1.05867, 0.5, 11.28867],
			"to": [3.05867, 2, 12.78867],
			"rotation": {"angle": 0, "axis": "y", "origin": [4.80867, 3.375, 12.03867]},
			"faces": {
				"north": {"uv": [9, 13, 11, 14.5], "texture": "#2"},
				"south": {"uv": [9, 13, 11, 14.5], "texture": "#2"},
				"west": {"uv": [12, 13, 13.5, 14.5], "texture": "#2"},
				"up": {"uv": [11, 13, 12.5, 15], "rotation": 270, "texture": "#2"},
				"down": {"uv": [11, 13, 12.5, 15], "rotation": 90, "texture": "#2"}
			}
		},
		{
			"from": [3.05867, 0, 8.93867],
			"to": [4.55867, 7, 15.13867],
			"rotation": {"angle": 0, "axis": "y", "origin": [4.80867, 3.375, 12.03867]},
			"faces": {
				"north": {"uv": [13.5, 7, 15, 14], "texture": "#2"},
				"east": {"uv": [7, 12, 0, 7], "rotation": 90, "texture": "#2"},
				"south": {"uv": [8, 7, 9.5, 14], "texture": "#2"},
				"west": {"uv": [8, 7, 15, 14], "texture": "#2"},
				"up": {"uv": [11, 1, 9, 8], "rotation": 180, "texture": "#2"},
				"down": {"uv": [10, 14, 16, 16], "rotation": 270, "texture": "#2", "cullface": "down"}
			}
		},
		{
			"from": [4.55867, 0, 13.43867],
			"to": [7.55867, 7, 15.13867],
			"rotation": {"angle": 0, "axis": "y", "origin": [4.80867, 3.375, 12.03867]},
			"faces": {
				"north": {"uv": [7, 12, 0, 7], "rotation": 90, "texture": "#2"},
				"south": {"uv": [9.5, 7, 13.5, 14], "texture": "#2"},
				"up": {"uv": [11, 2, 9, 6], "rotation": 90, "texture": "#2"},
				"down": {"uv": [10, 14, 16, 16], "texture": "#2", "cullface": "down"}
			}
		},
		{
			"from": [4.55867, 0, 8.93867],
			"to": [7.55867, 7, 10.63867],
			"rotation": {"angle": 0, "axis": "y", "origin": [4.80867, 3.375, 12.03867]},
			"faces": {
				"north": {"uv": [9.5, 7, 13.5, 14], "texture": "#2"},
				"south": {"uv": [7, 12, 0, 7], "rotation": 90, "texture": "#2"},
				"up": {"uv": [11, 2, 9, 6], "rotation": 270, "texture": "#2"},
				"down": {"uv": [10, 14, 16, 16], "rotation": 180, "texture": "#2", "cullface": "down"}
			}
		},
		{
			"from": [7.55867, 0, 8.93867],
			"to": [9.05867, 7, 15.13867],
			"rotation": {"angle": 0, "axis": "y", "origin": [4.80867, 3.375, 12.03867]},
			"faces": {
				"north": {"uv": [8, 7, 9.5, 14], "texture": "#2"},
				"east": {"uv": [8, 7, 15, 14], "texture": "#2"},
				"south": {"uv": [13.5, 7, 15, 14], "texture": "#2"},
				"west": {"uv": [7, 12, 0, 7], "rotation": 90, "texture": "#2"},
				"up": {"uv": [11, 1, 9, 8], "texture": "#2"},
				"down": {"uv": [10, 14, 16, 16], "rotation": 90, "texture": "#2", "cullface": "down"}
			}
		}
	],
	"display": {
		"thirdperson_righthand": {
			"rotation": [66, 159, 0],
			"translation": [0, 2.75, 2.5],
			"scale": [0.64, 0.64, 0.64]
		},
		"thirdperson_lefthand": {
			"rotation": [66, -156, 0],
			"translation": [0, 2.75, 2.5],
			"scale": [0.64, 0.64, 0.64]
		},
		"firstperson_righthand": {
			"rotation": [0, 225, 0],
			"translation": [0, 5, 0],
			"scale": [0.5, 0.5, 0.5]
		},
		"firstperson_lefthand": {
			"rotation": [0, 225, 0],
			"translation": [0, 5, 0],
			"scale": [0.5, 0.5, 0.5]
		},
		"ground": {
			"translation": [0, 2, 0],
			"scale": [0.7, 0.7, 0.7]
		},
		"gui": {
			"rotation": [30, 225, 0],
			"translation": [0, 1.25, 0]
		},
		"head": {
			"translation": [-0.75, 15, -2]
		},
		"fixed": {
			"rotation": [-90, 0, 0],
			"translation": [0, 0, -14],
			"scale": [2, 2, 2]
		}
	}
}