{
	"credit": "Made with Blockbench",
	"textures": {
		"1": "block/cake/335",
		"4": "block/cake/330",
		"particle": "block/cake/335"
	},
	"elements": [
		{
			"from": [1, 0, 1],
			"to": [15, 2, 15],
			"rotation": {"angle": 0, "axis": "y", "origin": [0, 1, 0]},
			"faces": {
				"north": {"uv": [1, 2, 15, 0], "texture": "#4"},
				"east": {"uv": [1, 2, 15, 0], "texture": "#4"},
				"south": {"uv": [1, 2, 15, 0], "texture": "#4"},
				"west": {"uv": [1, 2, 15, 0], "texture": "#4"},
				"up": {"uv": [1, 1, 15, 15], "texture": "#4"},
				"down": {"uv": [1, 1, 15, 15], "texture": "#4"}
			}
		},
		{
			"from": [4, 5.5, 4],
			"to": [12, 9, 12],
			"rotation": {"angle": 0, "axis": "y", "origin": [8, 7.25, 8]},
			"faces": {
				"north": {"uv": [0, 10, 8, 13], "texture": "#1"},
				"east": {"uv": [8, 13, 16, 16], "texture": "#1"},
				"south": {"uv": [8, 10, 16, 13], "texture": "#1"},
				"west": {"uv": [16, 13, 8, 16], "texture": "#1"},
				"up": {"uv": [8, 0, 16, 8], "texture": "#1"},
				"down": {"uv": [15, 12, 16, 13], "texture": "#1"}
			}
		},
		{
			"from": [7, 9, 7],
			"to": [9, 5.5, 9],
			"rotation": {"angle": 0, "axis": "y", "origin": [8, 7.25, 8]},
			"faces": {
				"north": {"uv": [15, 13, 16, 10], "texture": "#1"},
				"east": {"uv": [15, 13, 16, 10], "texture": "#1"},
				"south": {"uv": [15, 13, 16, 10], "texture": "#1"},
				"west": {"uv": [15, 13, 16, 10], "texture": "#1"}
			}
		},
		{
			"from": [5, 2, 5],
			"to": [13, 5.5, 13],
			"rotation": {"angle": 0, "axis": "y", "origin": [10, 2, 12]},
			"faces": {
				"north": {"uv": [0, 13, 8, 16], "texture": "#1"},
				"east": {"uv": [0, 13, 8, 16], "texture": "#1"},
				"south": {"uv": [0, 13, 8, 16], "texture": "#1"},
				"west": {"uv": [8, 13, 0, 16], "texture": "#1"},
				"up": {"uv": [0, 0, 8, 8], "texture": "#1"},
				"down": {"uv": [0, 0, 8, 8], "texture": "#1"}
			}
		},
		{
			"from": [6, 4.5, 4],
			"to": [7, 6.5, 4],
			"rotation": {"angle": 0, "axis": "y", "origin": [-1, 3.5, 2.01]},
			"faces": {
				"north": {"uv": [5, 12, 6, 13], "texture": "#1"}
			}
		},
		{
			"from": [5, 2.1, 2],
			"to": [7, 2.1, 4],
			"rotation": {"angle": 0, "axis": "y", "origin": [5, 2.1, 2]},
			"faces": {
				"up": {"uv": [5, 8, 7, 10], "texture": "#1"}
			}
		},
		{
			"from": [2, 2.1, 9],
			"to": [4, 2.1, 11],
			"rotation": {"angle": 0, "axis": "y", "origin": [2, 2.1, 9]},
			"faces": {
				"up": {"uv": [6, 6, 8, 8], "texture": "#1"}
			}
		},
		{
			"from": [8, 2.1, 3],
			"to": [10, 2.1, 5],
			"rotation": {"angle": 0, "axis": "y", "origin": [8, 2.1, 3]},
			"faces": {
				"up": {"uv": [5, 8, 7, 10], "texture": "#1"}
			}
		}
	],
	"display": {
		"thirdperson_righthand": {
			"rotation": [75, 45, 0],
			"translation": [0, 2.5, 0],
			"scale": [0.375, 0.375, 0.375]
		},
		"thirdperson_lefthand": {
			"rotation": [75, 45, 0],
			"translation": [0, 2.5, 0],
			"scale": [0.375, 0.375, 0.375]
		},
		"firstperson_righthand": {
			"rotation": [0, 45, 0],
			"translation": [0, 3, 0],
			"scale": [0.4, 0.4, 0.4]
		},
		"firstperson_lefthand": {
			"rotation": [0, 225, 0],
			"translation": [0, 3, 0],
			"scale": [0.4, 0.4, 0.4]
		},
		"ground": {
			"translation": [0, 2, 0],
			"scale": [0.5, 0.5, 0.5]
		},
		"gui": {
			"rotation": [30, 225, 0],
			"translation": [0, 2, 0],
			"scale": [0.8, 0.8, 0.8]
		},
		"head": {
			"translation": [0, 10, 0]
		},
		"fixed": {
			"rotation": [-90, 0, 0],
			"translation": [0, 0, -14],
			"scale": [2, 2, 2]
		}
	}
}