{
    "credit": "Made by YSBB with Blockbench",
    "textures": {
        "0": "block/cake/341",
        "1": "block/cake/330",
        "particle": "block/cake/341"
    },
    "elements": [
        {
            "from": [
                1,
                0,
                1
            ],
            "to": [
                15,
                2,
                15
            ],
            "rotation": {
                "angle": 0,
                "axis": "y",
                "origin": [
                    0,
                    1,
                    0
                ]
            },
            "faces": {
                "north": {
                    "uv": [
                        1,
                        2,
                        15,
                        0
                    ],
                    "texture": "#1"
                },
                "east": {
                    "uv": [
                        1,
                        2,
                        15,
                        0
                    ],
                    "texture": "#1"
                },
                "south": {
                    "uv": [
                        1,
                        2,
                        15,
                        0
                    ],
                    "texture": "#1"
                },
                "west": {
                    "uv": [
                        1,
                        2,
                        15,
                        0
                    ],
                    "texture": "#1"
                },
                "up": {
                    "uv": [
                        1,
                        1,
                        15,
                        15
                    ],
                    "texture": "#1"
                },
                "down": {
                    "uv": [
                        1,
                        1,
                        15,
                        15
                    ],
                    "texture": "#1"
                }
            }
        },
        {
            "from": [
                3,
                2,
                3
            ],
            "to": [
                7,
                6,
                7
            ],
            "rotation": {
                "angle": 0,
                "axis": "y",
                "origin": [
                    9.5,
                    4,
                    5
                ]
            },
            "faces": {
                "north": {
                    "uv": [
                        0,
                        4,
                        4,
                        0
                    ],
                    "rotation": 90,
                    "texture": "#0"
                },
                "east": {
                    "uv": [
                        0,
                        5,
                        4,
                        9
                    ],
                    "texture": "#0"
                },
                "south": {
                    "uv": [
                        0,
                        0,
                        4,
                        4
                    ],
                    "rotation": 90,
                    "texture": "#0"
                },
                "west": {
                    "uv": [
                        0,
                        5,
                        4,
                        9
                    ],
                    "texture": "#0"
                },
                "up": {
                    "uv": [
                        0,
                        0,
                        4,
                        4
                    ],
                    "rotation": 90,
                    "texture": "#0"
                },
                "down": {
                    "uv": [
                        0,
                        0,
                        4,
                        4
                    ],
                    "texture": "#0"
                }
            }
        },
        {
            "from": [
                1,
                3.5,
                10.5
            ],
            "to": [
                19,
                4.5,
                11.5
            ],
            "rotation": {
                "angle": 0,
                "axis": "y",
                "origin": [
                    9.5,
                    4,
                    11
                ]
            },
            "faces": {
                "north": {
                    "uv": [
                        15,
                        0,
                        16,
                        16
                    ],
                    "rotation": 90,
                    "texture": "#0"
                },
                "east": {
                    "uv": [
                        15,
                        0,
                        16,
                        1
                    ],
                    "texture": "#0"
                },
                "south": {
                    "uv": [
                        15,
                        0,
                        16,
                        16
                    ],
                    "rotation": 90,
                    "texture": "#0"
                },
                "west": {
                    "uv": [
                        15,
                        0,
                        16,
                        1
                    ],
                    "texture": "#0"
                },
                "up": {
                    "uv": [
                        15,
                        0,
                        16,
                        16
                    ],
                    "rotation": 90,
                    "texture": "#0"
                },
                "down": {
                    "uv": [
                        15,
                        0,
                        16,
                        16
                    ],
                    "rotation": 90,
                    "texture": "#0"
                }
            }
        },
        {
            "from": [
                8,
                2,
                9
            ],
            "to": [
                12,
                6,
                13
            ],
            "rotation": {
                "angle": 0,
                "axis": "y",
                "origin": [
                    9.5,
                    4,
                    11
                ]
            },
            "faces": {
                "north": {
                    "uv": [
                        4,
                        4,
                        0,
                        0
                    ],
                    "rotation": 90,
                    "texture": "#0"
                },
                "east": {
                    "uv": [
                        0,
                        5,
                        4,
                        9
                    ],
                    "texture": "#0"
                },
                "south": {
                    "uv": [
                        0,
                        0,
                        4,
                        4
                    ],
                    "rotation": 90,
                    "texture": "#0"
                },
                "west": {
                    "uv": [
                        0,
                        5,
                        4,
                        9
                    ],
                    "texture": "#0"
                },
                "up": {
                    "uv": [
                        0,
                        0,
                        4,
                        4
                    ],
                    "rotation": 90,
                    "texture": "#0"
                },
                "down": {
                    "uv": [
                        0,
                        0,
                        4,
                        4
                    ],
                    "texture": "#0"
                }
            }
        },
        {
            "from": [
                3,
                2,
                9
            ],
            "to": [
                7,
                6,
                13
            ],
            "rotation": {
                "angle": 0,
                "axis": "y",
                "origin": [
                    9.5,
                    4,
                    11
                ]
            },
            "faces": {
                "north": {
                    "uv": [
                        0,
                        4,
                        4,
                        0
                    ],
                    "rotation": 90,
                    "texture": "#0"
                },
                "east": {
                    "uv": [
                        0,
                        5,
                        4,
                        9
                    ],
                    "texture": "#0"
                },
                "south": {
                    "uv": [
                        0,
                        0,
                        4,
                        4
                    ],
                    "rotation": 90,
                    "texture": "#0"
                },
                "west": {
                    "uv": [
                        0,
                        5,
                        4,
                        9
                    ],
                    "texture": "#0"
                },
                "up": {
                    "uv": [
                        0,
                        0,
                        4,
                        4
                    ],
                    "rotation": 90,
                    "texture": "#0"
                },
                "down": {
                    "uv": [
                        0,
                        0,
                        4,
                        4
                    ],
                    "texture": "#0"
                }
            }
        },
        {
            "from": [
                8,
                2,
                3
            ],
            "to": [
                12,
                6,
                7
            ],
            "rotation": {
                "angle": 0,
                "axis": "y",
                "origin": [
                    9.5,
                    4,
                    5
                ]
            },
            "faces": {
                "north": {
                    "uv": [
                        4,
                        4,
                        0,
                        0
                    ],
                    "rotation": 90,
                    "texture": "#0"
                },
                "east": {
                    "uv": [
                        0,
                        5,
                        4,
                        9
                    ],
                    "texture": "#0"
                },
                "south": {
                    "uv": [
                        0,
                        0,
                        4,
                        4
                    ],
                    "rotation": 90,
                    "texture": "#0"
                },
                "west": {
                    "uv": [
                        0,
                        5,
                        4,
                        9
                    ],
                    "texture": "#0"
                },
                "up": {
                    "uv": [
                        0,
                        0,
                        4,
                        4
                    ],
                    "rotation": 90,
                    "texture": "#0"
                },
                "down": {
                    "uv": [
                        0,
                        0,
                        4,
                        4
                    ],
                    "texture": "#0"
                }
            }
        },
        {
            "from": [
                1,
                3.5,
                4.5
            ],
            "to": [
                19,
                4.5,
                5.5
            ],
            "rotation": {
                "angle": 0,
                "axis": "y",
                "origin": [
                    9.5,
                    4,
                    5
                ]
            },
            "faces": {
                "north": {
                    "uv": [
                        15,
                        0,
                        16,
                        16
                    ],
                    "rotation": 90,
                    "texture": "#0"
                },
                "east": {
                    "uv": [
                        15,
                        0,
                        16,
                        1
                    ],
                    "texture": "#0"
                },
                "south": {
                    "uv": [
                        15,
                        0,
                        16,
                        16
                    ],
                    "rotation": 90,
                    "texture": "#0"
                },
                "west": {
                    "uv": [
                        15,
                        0,
                        16,
                        1
                    ],
                    "texture": "#0"
                },
                "up": {
                    "uv": [
                        15,
                        0,
                        16,
                        16
                    ],
                    "rotation": 90,
                    "texture": "#0"
                },
                "down": {
                    "uv": [
                        15,
                        0,
                        16,
                        16
                    ],
                    "rotation": 90,
                    "texture": "#0"
                }
            }
        }
    ],
    "display": {
        "thirdperson_righthand": {
            "rotation": [
                75,
                45,
                0
            ],
            "translation": [
                0,
                2.5,
                0
            ],
            "scale": [
                0.375,
                0.375,
                0.375
            ]
        },
        "thirdperson_lefthand": {
            "rotation": [
                75,
                45,
                0
            ],
            "translation": [
                0,
                2.5,
                0
            ],
            "scale": [
                0.375,
                0.375,
                0.375
            ]
        },
        "firstperson_righthand": {
            "rotation": [
                0,
                45,
                0
            ],
            "translation": [
                0,
                3,
                0
            ],
            "scale": [
                0.4,
                0.4,
                0.4
            ]
        },
        "firstperson_lefthand": {
            "rotation": [
                0,
                225,
                0
            ],
            "translation": [
                0,
                3,
                0
            ],
            "scale": [
                0.4,
                0.4,
                0.4
            ]
        },
        "ground": {
            "translation": [
                0,
                2,
                0
            ],
            "scale": [
                0.5,
                0.5,
                0.5
            ]
        },
        "gui": {
            "rotation": [
                30,
                225,
                0
            ],
            "translation": [
                0,
                2,
                0
            ],
            "scale": [
                0.8,
                0.8,
                0.8
            ]
        },
        "head": {
            "translation": [
                0,
                10,
                0
            ]
        },
        "fixed": {
            "rotation": [
                -90,
                0,
                0
            ],
            "translation": [
                0,
                0,
                -14
            ],
            "scale": [
                2,
                2,
                2
            ]
        }
    },
    "groups": [
        {
            "name": "group",
            "origin": [
                0,
                0,
                0
            ],
            "color": 0,
            "children": []
        },
        0,
        1,
        2,
        3,
        4,
        5,
        6
    ]
}