{
	"credit": "Made with Blockbench",
	"textures": {
		"2": "block/cake/333",
		"3": "block/cake/330",
		"particle": "block/cake/333"
	},
	"elements": [
		{
			"from": [1, 0, 1],
			"to": [15, 2, 15],
			"rotation": {"angle": 0, "axis": "y", "origin": [0, 1, 0]},
			"faces": {
				"north": {"uv": [1, 2, 15, 0], "texture": "#3"},
				"east": {"uv": [1, 2, 15, 0], "texture": "#3"},
				"south": {"uv": [1, 2, 15, 0], "texture": "#3"},
				"west": {"uv": [1, 2, 15, 0], "texture": "#3"},
				"up": {"uv": [1, 1, 15, 15], "texture": "#3"},
				"down": {"uv": [1, 1, 15, 15], "texture": "#3"}
			}
		},
		{
			"from": [8.5, 2, 8.55],
			"to": [13, 4, 13.05],
			"rotation": {"angle": 0, "axis": "x", "origin": [10.5, 3, 11.55]},
			"faces": {
				"north": {"uv": [11, 10, 16, 8], "rotation": 180, "texture": "#2"},
				"east": {"uv": [11, 8, 16, 10], "texture": "#2"},
				"south": {"uv": [11, 10, 16, 8], "rotation": 180, "texture": "#2"},
				"west": {"uv": [11, 8, 16, 10], "texture": "#2"},
				"up": {"uv": [12, 12, 16, 16], "rotation": 180, "texture": "#2"},
				"down": {"uv": [11, 2, 16, 7], "texture": "#2"}
			}
		},
		{
			"from": [3, 2, 2.95],
			"to": [7.5, 4, 7.45],
			"rotation": {"angle": 0, "axis": "x", "origin": [4.5, 3, 4.45]},
			"faces": {
				"north": {"uv": [11, 10, 16, 8], "rotation": 180, "texture": "#2"},
				"east": {"uv": [11, 8, 16, 10], "texture": "#2"},
				"south": {"uv": [11, 10, 16, 8], "rotation": 180, "texture": "#2"},
				"west": {"uv": [11, 8, 16, 10], "texture": "#2"},
				"up": {"uv": [16, 16, 12, 12], "texture": "#2"},
				"down": {"uv": [11, 2, 16, 7], "texture": "#2"}
			}
		},
		{
			"from": [3, 2, 8.55],
			"to": [7.5, 4, 13.05],
			"rotation": {"angle": 0, "axis": "x", "origin": [4.5, 3, 11.55]},
			"faces": {
				"north": {"uv": [11, 10, 16, 8], "rotation": 180, "texture": "#2"},
				"east": {"uv": [11, 8, 16, 10], "texture": "#2"},
				"south": {"uv": [11, 10, 16, 8], "rotation": 180, "texture": "#2"},
				"west": {"uv": [11, 8, 16, 10], "texture": "#2"},
				"up": {"uv": [0, 0, 4, 4], "texture": "#2"},
				"down": {"uv": [11, 2, 16, 7], "texture": "#2"}
			}
		},
		{
			"from": [6, 4, 5.95],
			"to": [10.5, 6, 10.45],
			"rotation": {"angle": 0, "axis": "y", "origin": [7.5, 5, 7.45]},
			"faces": {
				"north": {"uv": [11, 10, 16, 8], "rotation": 180, "texture": "#2"},
				"east": {"uv": [11, 8, 16, 10], "texture": "#2"},
				"south": {"uv": [11, 10, 16, 8], "rotation": 180, "texture": "#2"},
				"west": {"uv": [11, 8, 16, 10], "texture": "#2"},
				"up": {"uv": [11, 16, 7, 12], "rotation": 90, "texture": "#2"},
				"down": {"uv": [11, 2, 16, 7], "texture": "#2"}
			}
		},
		{
			"from": [8.5, 2, 3],
			"to": [13, 4, 7.5],
			"rotation": {"angle": 0, "axis": "x", "origin": [10.5, 3, 4.5]},
			"faces": {
				"north": {"uv": [11, 10, 16, 8], "rotation": 180, "texture": "#2"},
				"east": {"uv": [11, 8, 16, 10], "texture": "#2"},
				"south": {"uv": [11, 10, 16, 8], "rotation": 180, "texture": "#2"},
				"west": {"uv": [11, 8, 16, 10], "texture": "#2"},
				"up": {"uv": [2, 12, 6, 16], "rotation": 90, "texture": "#2"},
				"down": {"uv": [11, 2, 16, 7], "texture": "#2"}
			}
		}
	],
	"display": {
		"thirdperson_righthand": {
			"rotation": [75, 45, 0],
			"translation": [0, 2.5, 0],
			"scale": [0.375, 0.375, 0.375]
		},
		"thirdperson_lefthand": {
			"rotation": [75, 45, 0],
			"translation": [0, 2.5, 0],
			"scale": [0.375, 0.375, 0.375]
		},
		"firstperson_righthand": {
			"rotation": [0, 45, 0],
			"translation": [0, 3, 0],
			"scale": [0.4, 0.4, 0.4]
		},
		"firstperson_lefthand": {
			"rotation": [0, 225, 0],
			"translation": [0, 3, 0],
			"scale": [0.4, 0.4, 0.4]
		},
		"ground": {
			"translation": [0, 2, 0],
			"scale": [0.5, 0.5, 0.5]
		},
		"gui": {
			"rotation": [30, 225, 0],
			"translation": [0, 2, 0],
			"scale": [0.8, 0.8, 0.8]
		},
		"head": {
			"translation": [0, 10, 0]
		},
		"fixed": {
			"rotation": [-90, 0, 0],
			"translation": [0, 0, -14],
			"scale": [2, 2, 2]
		}
	}
}