{
    "credit": "Made with Blockbench",
    "textures": {
        "1": "block/cake/340",
        "4": "block/cake/330",
        "particle": "block/cake/340"
    },
    "elements": [
        {
            "from": [
                1,
                0,
                1
            ],
            "to": [
                15,
                2,
                15
            ],
            "rotation": {
                "angle": 0,
                "axis": "y",
                "origin": [
                    0,
                    1,
                    0
                ]
            },
            "faces": {
                "north": {
                    "uv": [
                        1,
                        2,
                        15,
                        0
                    ],
                    "texture": "#4"
                },
                "east": {
                    "uv": [
                        1,
                        2,
                        15,
                        0
                    ],
                    "texture": "#4"
                },
                "south": {
                    "uv": [
                        1,
                        2,
                        15,
                        0
                    ],
                    "texture": "#4"
                },
                "west": {
                    "uv": [
                        1,
                        2,
                        15,
                        0
                    ],
                    "texture": "#4"
                },
                "up": {
                    "uv": [
                        1,
                        1,
                        15,
                        15
                    ],
                    "texture": "#4"
                },
                "down": {
                    "uv": [
                        1,
                        1,
                        15,
                        15
                    ],
                    "texture": "#4"
                }
            }
        },
        {
            "from": [
                1.9967,
                2.1,
                2.06066
            ],
            "to": [
                4.2467,
                8.1,
                8.06066
            ],
            "rotation": {
                "angle": 0,
                "axis": "y",
                "origin": [
                    2.9967,
                    5.1,
                    6.06066
                ]
            },
            "faces": {
                "north": {
                    "uv": [
                        8,
                        0,
                        11,
                        6
                    ],
                    "texture": "#1"
                },
                "east": {
                    "uv": [
                        10,
                        8,
                        16,
                        14
                    ],
                    "texture": "#1"
                },
                "south": {
                    "uv": [
                        8,
                        6,
                        11,
                        0
                    ],
                    "texture": "#1"
                },
                "west": {
                    "uv": [
                        10,
                        8,
                        16,
                        14
                    ],
                    "texture": "#1"
                },
                "up": {
                    "uv": [
                        8,
                        0,
                        11,
                        6
                    ],
                    "texture": "#1"
                }
            }
        },
        {
            "from": [
                5.1967,
                2.1,
                2.06066
            ],
            "to": [
                7.4467,
                8.1,
                8.06066
            ],
            "rotation": {
                "angle": 0,
                "axis": "y",
                "origin": [
                    6.1967,
                    5.1,
                    6.06066
                ]
            },
            "faces": {
                "north": {
                    "uv": [
                        8,
                        0,
                        11,
                        6
                    ],
                    "texture": "#1"
                },
                "east": {
                    "uv": [
                        10,
                        8,
                        16,
                        14
                    ],
                    "texture": "#1"
                },
                "south": {
                    "uv": [
                        2,
                        6,
                        5,
                        0
                    ],
                    "texture": "#1"
                },
                "west": {
                    "uv": [
                        10,
                        8,
                        16,
                        14
                    ],
                    "texture": "#1"
                },
                "up": {
                    "uv": [
                        1,
                        0,
                        4,
                        6
                    ],
                    "texture": "#1"
                }
            }
        },
        {
            "from": [
                8.5967,
                2.1,
                2.06066
            ],
            "to": [
                10.8467,
                8.1,
                8.06066
            ],
            "rotation": {
                "angle": 0,
                "axis": "y",
                "origin": [
                    9.3467,
                    5.1,
                    6.06066
                ]
            },
            "faces": {
                "north": {
                    "uv": [
                        8,
                        0,
                        11,
                        6
                    ],
                    "texture": "#1"
                },
                "east": {
                    "uv": [
                        10,
                        8,
                        16,
                        14
                    ],
                    "texture": "#1"
                },
                "south": {
                    "uv": [
                        4,
                        6,
                        7,
                        0
                    ],
                    "texture": "#1"
                },
                "west": {
                    "uv": [
                        10,
                        8,
                        16,
                        14
                    ],
                    "texture": "#1"
                },
                "up": {
                    "uv": [
                        3,
                        0,
                        6,
                        6
                    ],
                    "texture": "#1"
                }
            }
        },
        {
            "from": [
                11.7467,
                2.1,
                2.06066
            ],
            "to": [
                13.9967,
                8.1,
                8.06066
            ],
            "rotation": {
                "angle": 0,
                "axis": "y",
                "origin": [
                    12.4967,
                    5.1,
                    6.06066
                ]
            },
            "faces": {
                "north": {
                    "uv": [
                        8,
                        0,
                        11,
                        6
                    ],
                    "texture": "#1"
                },
                "east": {
                    "uv": [
                        10,
                        8,
                        16,
                        14
                    ],
                    "texture": "#1"
                },
                "south": {
                    "uv": [
                        8,
                        6,
                        11,
                        0
                    ],
                    "texture": "#1"
                },
                "west": {
                    "uv": [
                        10,
                        8,
                        16,
                        14
                    ],
                    "texture": "#1"
                },
                "up": {
                    "uv": [
                        8,
                        0,
                        11,
                        6
                    ],
                    "texture": "#1"
                }
            }
        },
        {
            "from": [
                3,
                2.1,
                5
            ],
            "to": [
                13,
                2.1,
                15
            ],
            "rotation": {
                "angle": 0,
                "axis": "y",
                "origin": [
                    -1,
                    0.1,
                    1
                ]
            },
            "faces": {
                "up": {
                    "uv": [
                        0,
                        6,
                        10,
                        16
                    ],
                    "rotation": 90,
                    "texture": "#1"
                }
            }
        },
        {
            "from": [
                6,
                2,
                10
            ],
            "to": [
                10,
                4,
                13
            ],
            "rotation": {
                "angle": 0,
                "axis": "y",
                "origin": [
                    7,
                    2,
                    10
                ]
            },
            "faces": {
                "north": {
                    "uv": [
                        13,
                        0,
                        16,
                        2
                    ],
                    "texture": "#1"
                },
                "east": {
                    "uv": [
                        13,
                        0,
                        16,
                        2
                    ],
                    "texture": "#1"
                },
                "south": {
                    "uv": [
                        13,
                        0,
                        16,
                        2
                    ],
                    "texture": "#1"
                },
                "west": {
                    "uv": [
                        13,
                        0,
                        16,
                        2
                    ],
                    "texture": "#1"
                },
                "up": {
                    "uv": [
                        12.25,
                        3.25,
                        15.75,
                        5.75
                    ],
                    "texture": "#1"
                },
                "down": {
                    "uv": [
                        0,
                        0,
                        3,
                        3
                    ],
                    "texture": "#1"
                }
            }
        }
    ],
    "display": {
        "thirdperson_righthand": {
            "translation": [
                0,
                0.75,
                0
            ],
            "scale": [
                0.4,
                0.4,
                0.4
            ]
        },
        "thirdperson_lefthand": {
            "translation": [
                0,
                0.5,
                0
            ],
            "scale": [
                0.38,
                0.38,
                0.38
            ]
        },
        "firstperson_righthand": {
            "scale": [
                0.6,
                0.6,
                0.6
            ]
        },
        "firstperson_lefthand": {
            "scale": [
                0.6,
                0.6,
                0.6
            ]
        },
        "ground": {
            "translation": [
                0,
                0.75,
                0
            ],
            "scale": [
                0.49,
                0.49,
                0.49
            ]
        },
        "gui": {
            "rotation": [
                22,
                -130,
                0
            ],
            "translation": [
                0,
                1.25,
                0
            ],
            "scale": [
                0.78,
                0.78,
                0.78
            ]
        },
        "head": {
            "translation": [
                0,
                10,
                0
            ]
        },
        "fixed": {
            "rotation": [
                -90,
                0,
                0
            ],
            "translation": [
                0,
                0,
                -14
            ],
            "scale": [
                2,
                2,
                2
            ]
        }
    }
}