{
	"credit": "Made by YSBB with Blockbench",
	"textures": {
		"1": "block/cake/330",
		"2": "block/cake/342",
		"particle": "block/cake/342"
	},
	"elements": [
		{
			"from": [1, 0, 1],
			"to": [15, 2, 15],
			"rotation": {"angle": 0, "axis": "y", "origin": [0, 1, 0]},
			"faces": {
				"north": {"uv": [1, 2, 15, 0], "texture": "#1"},
				"east": {"uv": [1, 2, 15, 0], "texture": "#1"},
				"south": {"uv": [1, 2, 15, 0], "texture": "#1"},
				"west": {"uv": [1, 2, 15, 0], "texture": "#1"},
				"up": {"uv": [1, 1, 15, 15], "texture": "#1"},
				"down": {"uv": [1, 1, 15, 15], "texture": "#1"}
			}
		},
		{
			"from": [3, 2, 2],
			"to": [5, 7, 7],
			"rotation": {"angle": 0, "axis": "y", "origin": [4, 4.5, 4.5]},
			"faces": {
				"north": {"uv": [0, 14, 5, 16], "rotation": 90, "texture": "#2"},
				"east": {"uv": [11, 0, 16, 5], "rotation": 270, "texture": "#2"},
				"south": {"uv": [0, 14, 5, 16], "rotation": 270, "texture": "#2"},
				"west": {"uv": [11, 0, 16, 5], "rotation": 270, "texture": "#2"},
				"up": {"uv": [0, 14, 5, 16], "rotation": 270, "texture": "#2"},
				"down": {"uv": [0, 14, 5, 16], "rotation": 270, "texture": "#2"}
			}
		},
		{
			"from": [9, 2, 2],
			"to": [14, 4, 7],
			"rotation": {"angle": 0, "axis": "z", "origin": [11.5, 3, 4.5]},
			"faces": {
				"north": {"uv": [0, 14, 5, 16], "rotation": 180, "texture": "#2"},
				"east": {"uv": [0, 14, 5, 16], "rotation": 180, "texture": "#2"},
				"south": {"uv": [0, 14, 5, 16], "rotation": 180, "texture": "#2"},
				"west": {"uv": [0, 14, 5, 16], "rotation": 180, "texture": "#2"},
				"up": {"uv": [11, 0, 16, 5], "rotation": 180, "texture": "#2"},
				"down": {"uv": [11, 0, 16, 5], "rotation": 180, "texture": "#2"}
			}
		},
		{
			"from": [8, 2, 8],
			"to": [13, 4, 13],
			"rotation": {"angle": 0, "axis": "z", "origin": [10.5, 3, 10.5]},
			"faces": {
				"north": {"uv": [0, 14, 5, 16], "rotation": 180, "texture": "#2"},
				"east": {"uv": [0, 14, 5, 16], "rotation": 180, "texture": "#2"},
				"south": {"uv": [0, 14, 5, 16], "rotation": 180, "texture": "#2"},
				"west": {"uv": [0, 14, 5, 16], "rotation": 180, "texture": "#2"},
				"up": {"uv": [11, 0, 16, 5], "rotation": 180, "texture": "#2"},
				"down": {"uv": [11, 0, 16, 5], "rotation": 180, "texture": "#2"}
			}
		},
		{
			"from": [2, 2, 7],
			"to": [7, 4, 12],
			"rotation": {"angle": 0, "axis": "z", "origin": [4.5, 3, 9.5]},
			"faces": {
				"north": {"uv": [0, 14, 5, 16], "rotation": 180, "texture": "#2"},
				"east": {"uv": [0, 14, 5, 16], "rotation": 180, "texture": "#2"},
				"south": {"uv": [0, 14, 5, 16], "rotation": 180, "texture": "#2"},
				"west": {"uv": [0, 14, 5, 16], "rotation": 180, "texture": "#2"},
				"up": {"uv": [11, 0, 16, 5], "rotation": 180, "texture": "#2"},
				"down": {"uv": [11, 0, 16, 5], "rotation": 180, "texture": "#2"}
			}
		},
		{
			"from": [6, 2, 2],
			"to": [8, 7, 7],
			"rotation": {"angle": 0, "axis": "y", "origin": [7, 4.5, 4.5]},
			"faces": {
				"north": {"uv": [0, 14, 5, 16], "rotation": 90, "texture": "#2"},
				"east": {"uv": [11, 0, 16, 5], "rotation": 270, "texture": "#2"},
				"south": {"uv": [0, 14, 5, 16], "rotation": 270, "texture": "#2"},
				"west": {"uv": [11, 0, 16, 5], "rotation": 270, "texture": "#2"},
				"up": {"uv": [0, 14, 5, 16], "rotation": 270, "texture": "#2"},
				"down": {"uv": [0, 14, 5, 16], "rotation": 270, "texture": "#2"}
			}
		}
	],
	"display": {
		"thirdperson_righthand": {
			"rotation": [75, 45, 0],
			"translation": [0, 2.5, 0],
			"scale": [0.375, 0.375, 0.375]
		},
		"thirdperson_lefthand": {
			"rotation": [75, 45, 0],
			"translation": [0, 2.5, 0],
			"scale": [0.375, 0.375, 0.375]
		},
		"firstperson_righthand": {
			"rotation": [0, 45, 0],
			"translation": [0, 3, 0],
			"scale": [0.4, 0.4, 0.4]
		},
		"firstperson_lefthand": {
			"rotation": [0, 225, 0],
			"translation": [0, 3, 0],
			"scale": [0.4, 0.4, 0.4]
		},
		"ground": {
			"translation": [0, 2, 0],
			"scale": [0.5, 0.5, 0.5]
		},
		"gui": {
			"rotation": [30, 225, 0],
			"translation": [0, 2, 0],
			"scale": [0.8, 0.8, 0.8]
		},
		"head": {
			"translation": [0, 10, 0]
		},
		"fixed": {
			"rotation": [-90, 0, 0],
			"translation": [0, 0, -14],
			"scale": [2, 2, 2]
		}
	},
	"groups": [
		{
			"name": "group",
			"origin": [0, 0, 0],
			"color": 0,
			"children": []
		},
		0,
		1,
		2,
		3,
		4,
		5
	]
}