{
	"credit": "Made with Blockbench",
	"textures": {
		"1": "block/cake/330",
		"4": "block/cake/339",
		"particle": "block/cake/339"
	},
	"elements": [
		{
			"from": [1, 0, 1],
			"to": [15, 2, 15],
			"rotation": {"angle": 0, "axis": "y", "origin": [0, 1, 0]},
			"faces": {
				"north": {"uv": [1, 2, 15, 0], "texture": "#1"},
				"east": {"uv": [1, 2, 15, 0], "texture": "#1"},
				"south": {"uv": [1, 2, 15, 0], "texture": "#1"},
				"west": {"uv": [1, 2, 15, 0], "texture": "#1"},
				"up": {"uv": [1, 1, 15, 15], "texture": "#1"},
				"down": {"uv": [1, 1, 15, 15], "texture": "#1"}
			}
		},
		{
			"from": [5, 2, 9],
			"to": [10, 7, 14],
			"faces": {
				"north": {"uv": [3, 10, 8, 15], "texture": "#4"},
				"east": {"uv": [10, 11, 15, 16], "texture": "#4"},
				"south": {"uv": [3, 10, 8, 15], "texture": "#4"},
				"west": {"uv": [10, 11, 15, 16], "texture": "#4"},
				"up": {"uv": [5, 0, 10, 5], "texture": "#4"},
				"down": {"uv": [10, 5, 15, 10], "texture": "#4"}
			}
		},
		{
			"from": [7.95711, 2, 3.95711],
			"to": [12.95711, 7, 8.95711],
			"rotation": {"angle": 0, "axis": "y", "origin": [10.45711, 4.5, 6.45711]},
			"faces": {
				"north": {"uv": [10, 11, 15, 16], "texture": "#4"},
				"east": {"uv": [3, 10, 8, 15], "texture": "#4"},
				"south": {"uv": [3, 10, 8, 15], "texture": "#4"},
				"west": {"uv": [0, 5, 5, 10], "texture": "#4"},
				"up": {"uv": [11, 0, 16, 5], "rotation": 180, "texture": "#4"},
				"down": {"uv": [10, 5, 15, 10], "rotation": 180, "texture": "#4"}
			}
		},
		{
			"from": [1.92074, 2, 3.11522],
			"to": [6.92074, 7, 8.11522],
			"rotation": {"angle": 0, "axis": "y", "origin": [4.42074, 4.5, 5.61522]},
			"faces": {
				"north": {"uv": [3, 10, 8, 15], "texture": "#4"},
				"east": {"uv": [0, 5, 5, 10], "texture": "#4"},
				"south": {"uv": [8, 10, 3, 15], "texture": "#4"},
				"west": {"uv": [15, 11, 10, 16], "texture": "#4"},
				"up": {"uv": [10, 5, 15, 10], "rotation": 270, "texture": "#4"},
				"down": {"uv": [10, 5, 15, 10], "rotation": 90, "texture": "#4"}
			}
		},
		{
			"from": [3, 2.1, 10],
			"to": [4, 2.1, 11],
			"rotation": {"angle": 0, "axis": "y", "origin": [0, 0.1, 0]},
			"faces": {
				"north": {"uv": [11, 8, 12, 9], "texture": "#4"},
				"east": {"uv": [11, 8, 12, 9], "texture": "#4"},
				"south": {"uv": [11, 8, 12, 9], "texture": "#4"},
				"west": {"uv": [11, 8, 12, 9], "texture": "#4"},
				"up": {"uv": [11, 8, 12, 9], "texture": "#4"},
				"down": {"uv": [11, 8, 12, 9], "texture": "#4"}
			}
		},
		{
			"from": [12, 2.1, 12],
			"to": [13, 2.1, 13],
			"rotation": {"angle": 0, "axis": "y", "origin": [0, 0.1, 0]},
			"faces": {
				"north": {"uv": [11, 8, 12, 9], "texture": "#4"},
				"east": {"uv": [11, 8, 12, 9], "texture": "#4"},
				"south": {"uv": [11, 8, 12, 9], "texture": "#4"},
				"west": {"uv": [11, 8, 12, 9], "texture": "#4"},
				"up": {"uv": [11, 8, 12, 9], "texture": "#4"},
				"down": {"uv": [11, 8, 12, 9], "texture": "#4"}
			}
		},
		{
			"from": [13, 2.1, 10],
			"to": [14, 2.1, 11],
			"rotation": {"angle": 0, "axis": "y", "origin": [0, 0.1, 0]},
			"faces": {
				"north": {"uv": [11, 13, 12, 14], "texture": "#4"},
				"east": {"uv": [11, 13, 12, 14], "texture": "#4"},
				"south": {"uv": [11, 13, 12, 14], "texture": "#4"},
				"west": {"uv": [11, 13, 12, 14], "texture": "#4"},
				"up": {"uv": [11, 13, 12, 14], "texture": "#4"},
				"down": {"uv": [11, 13, 12, 14], "texture": "#4"}
			}
		}
	],
	"display": {
		"thirdperson_righthand": {
			"rotation": [75, 45, 0],
			"translation": [0, 2.5, 0],
			"scale": [0.375, 0.375, 0.375]
		},
		"thirdperson_lefthand": {
			"rotation": [75, 45, 0],
			"translation": [0, 2.5, 0],
			"scale": [0.375, 0.375, 0.375]
		},
		"firstperson_righthand": {
			"rotation": [0, 45, 0],
			"translation": [0, 3, 0],
			"scale": [0.4, 0.4, 0.4]
		},
		"firstperson_lefthand": {
			"rotation": [0, 225, 0],
			"translation": [0, 3, 0],
			"scale": [0.4, 0.4, 0.4]
		},
		"ground": {
			"translation": [0, 2, 0],
			"scale": [0.5, 0.5, 0.5]
		},
		"gui": {
			"rotation": [30, 225, 0],
			"translation": [0, 2, 0],
			"scale": [0.8, 0.8, 0.8]
		},
		"head": {
			"translation": [0, 10, 0]
		},
		"fixed": {
			"rotation": [-90, 0, 0],
			"translation": [0, 0, -14],
			"scale": [2, 2, 2]
		}
	}
}