{
	"credit": "Made by YSBB with Blockbench",
	"textures": {
		"0": "block/cake/337",
		"1": "block/cake/330",
		"particle": "block/cake/337"
	},
	"elements": [
		{
			"from": [2.3152, 2, 2.9078],
			"to": [7.3152, 7, 7.9078],
			"rotation": {"angle": 0, "axis": "y", "origin": [4.8152, 4.5, 5.4078]},
			"faces": {
				"north": {"uv": [5, 5, 10, 10], "texture": "#0"},
				"east": {"uv": [5, 5, 10, 10], "texture": "#0"},
				"south": {"uv": [5, 5, 10, 10], "texture": "#0"},
				"west": {"uv": [5, 5, 10, 10], "texture": "#0"},
				"up": {"uv": [5, 5, 10, 10], "rotation": 270, "texture": "#0"},
				"down": {"uv": [5, 5, 10, 10], "rotation": 90, "texture": "#0"}
			}
		},
		{
			"from": [4.11522, 2, 8.92074],
			"to": [9.11522, 7, 13.92074],
			"rotation": {"angle": 0, "axis": "y", "origin": [6.61522, 4.5, 11.42074]},
			"faces": {
				"north": {"uv": [5, 5, 10, 10], "texture": "#0"},
				"east": {"uv": [5, 5, 10, 10], "texture": "#0"},
				"south": {"uv": [5, 5, 10, 10], "texture": "#0"},
				"west": {"uv": [5, 5, 10, 10], "texture": "#0"},
				"up": {"uv": [11, 0, 16, 5], "texture": "#0"},
				"down": {"uv": [5, 5, 10, 10], "texture": "#0"}
			}
		},
		{
			"from": [8.5, 2, 4],
			"to": [13.5, 7, 9],
			"faces": {
				"north": {"uv": [5, 5, 10, 10], "texture": "#0"},
				"east": {"uv": [5, 5, 10, 10], "texture": "#0"},
				"south": {"uv": [5, 5, 10, 10], "texture": "#0"},
				"west": {"uv": [5, 5, 10, 10], "texture": "#0"},
				"up": {"uv": [11, 0, 16, 5], "texture": "#0"},
				"down": {"uv": [5, 5, 10, 10], "texture": "#0"}
			}
		},
		{
			"from": [10.49776, 6.98463, 6.05],
			"to": [12.49776, 8.98463, 6.05],
			"shade": false,
			"rotation": {"angle": 22.5, "axis": "z", "origin": [11.49776, 7.98463, 6.05]},
			"faces": {
				"north": {"uv": [13, 13, 11, 11], "rotation": 270, "texture": "#0"},
				"south": {"uv": [11, 13, 13, 11], "rotation": 90, "texture": "#0"}
			}
		},
		{
			"from": [3.49776, 6.98463, 5.05],
			"to": [5.49776, 8.98463, 5.05],
			"shade": false,
			"rotation": {"angle": 0, "axis": "z", "origin": [3.99776, 8.48463, 5.05]},
			"faces": {
				"north": {"uv": [13, 13, 11, 11], "rotation": 270, "texture": "#0"},
				"south": {"uv": [11, 13, 13, 11], "rotation": 90, "texture": "#0"}
			}
		},
		{
			"from": [5.09776, 6.98463, 12.05],
			"to": [7.09776, 8.98463, 12.05],
			"shade": false,
			"rotation": {"angle": -22.5, "axis": "z", "origin": [6.09776, 7.98463, 12.05]},
			"faces": {
				"north": {"uv": [13, 13, 11, 11], "rotation": 270, "texture": "#0"},
				"south": {"uv": [11, 13, 13, 11], "rotation": 90, "texture": "#0"}
			}
		},
		{
			"from": [1, 0, 1],
			"to": [15, 2, 15],
			"rotation": {"angle": 0, "axis": "y", "origin": [0, 1, 0]},
			"faces": {
				"north": {"uv": [1, 2, 15, 0], "texture": "#1"},
				"east": {"uv": [1, 2, 15, 0], "texture": "#1"},
				"south": {"uv": [1, 2, 15, 0], "texture": "#1"},
				"west": {"uv": [1, 2, 15, 0], "texture": "#1"},
				"up": {"uv": [1, 1, 15, 15], "texture": "#1"},
				"down": {"uv": [1, 1, 15, 15], "texture": "#1"}
			}
		}
	],
	"display": {
		"thirdperson_righthand": {
			"rotation": [75, 45, 0],
			"translation": [0, 2.5, 0],
			"scale": [0.375, 0.375, 0.375]
		},
		"thirdperson_lefthand": {
			"rotation": [75, 45, 0],
			"translation": [0, 2.5, 0],
			"scale": [0.375, 0.375, 0.375]
		},
		"firstperson_righthand": {
			"rotation": [0, 45, 0],
			"translation": [0, 3, 0],
			"scale": [0.4, 0.4, 0.4]
		},
		"firstperson_lefthand": {
			"rotation": [0, 225, 0],
			"translation": [0, 3, 0],
			"scale": [0.4, 0.4, 0.4]
		},
		"ground": {
			"translation": [0, 2, 0],
			"scale": [0.5, 0.5, 0.5]
		},
		"gui": {
			"rotation": [30, 225, 0],
			"translation": [0, 2, 0],
			"scale": [0.8, 0.8, 0.8]
		},
		"head": {
			"translation": [0, 10, 0]
		},
		"fixed": {
			"rotation": [-90, 0, 0],
			"translation": [0, 0, -14],
			"scale": [2, 2, 2]
		}
	},
	"groups": [
		{
			"name": "group",
			"origin": [0, 0, 0],
			"color": 0,
			"children": [0, 1, 2, 3, 4, 5]
		},
		6
	]
}