{
	"credit": "Made by YSBB with Blockbench",
	"textures": {
		"2": "block/cake/135",
		"particle": "block/cake/135"
	},
	"elements": [
		{
			"from": [4.9, 0, 9.9],
			"to": [9.15, 6.5, 14.15],
			"rotation": {"angle": 0, "axis": "y", "origin": [-1, -1, 4]},
			"faces": {
				"north": {"uv": [0, 8, 5, 16], "texture": "#2"},
				"east": {"uv": [0, 8, 5, 16], "texture": "#2"},
				"south": {"uv": [0, 8, 5, 16], "texture": "#2"},
				"west": {"uv": [0, 8, 5, 16], "texture": "#2"},
				"up": {"uv": [4, 0, 7, 3], "texture": "#2"},
				"down": {"uv": [4, 0, 7, 3], "texture": "#2"}
			}
		},
		{
			"from": [5.9, 6.5, 10.9],
			"to": [8.15, 11.75, 13.15],
			"rotation": {"angle": 0, "axis": "y", "origin": [-1, -1, 4]},
			"faces": {
				"north": {"uv": [0, 0, 3, 7], "texture": "#2"},
				"east": {"uv": [0, 0, 3, 7], "texture": "#2"},
				"south": {"uv": [0, 0, 3, 7], "texture": "#2"},
				"west": {"uv": [0, 0, 3, 7], "texture": "#2"},
				"up": {"uv": [4, 4, 7, 7], "texture": "#2"},
				"down": {"uv": [4, 0, 6.5, 2.5], "texture": "#2"}
			}
		},
		{
			"from": [2.9, 0, 2.9],
			"to": [7.15, 6.5, 7.15],
			"rotation": {"angle": 0, "axis": "y", "origin": [-3, -1, -3]},
			"faces": {
				"north": {"uv": [0, 8, 5, 16], "texture": "#2"},
				"east": {"uv": [0, 8, 5, 16], "texture": "#2"},
				"south": {"uv": [0, 8, 5, 16], "texture": "#2"},
				"west": {"uv": [0, 8, 5, 16], "texture": "#2"},
				"up": {"uv": [4, 0, 7, 3], "texture": "#2"},
				"down": {"uv": [4, 0, 7, 3], "texture": "#2"}
			}
		},
		{
			"from": [3.9, 6.5, 3.9],
			"to": [6.15, 11.75, 6.15],
			"rotation": {"angle": 0, "axis": "y", "origin": [-3, -1, -3]},
			"faces": {
				"north": {"uv": [0, 0, 3, 7], "texture": "#2"},
				"east": {"uv": [0, 0, 3, 7], "texture": "#2"},
				"south": {"uv": [0, 0, 3, 7], "texture": "#2"},
				"west": {"uv": [0, 0, 3, 7], "texture": "#2"},
				"up": {"uv": [4, 4, 7, 7], "texture": "#2"},
				"down": {"uv": [4, 0, 6.5, 2.5], "texture": "#2"}
			}
		},
		{
			"from": [8.85, 0, 4.9],
			"to": [13.1, 6.5, 9.15],
			"rotation": {"angle": 0, "axis": "y", "origin": [4, 0, -3]},
			"faces": {
				"north": {"uv": [8, 8, 13, 16], "texture": "#2"},
				"east": {"uv": [8, 8, 13, 16], "texture": "#2"},
				"south": {"uv": [8, 8, 13, 16], "texture": "#2"},
				"west": {"uv": [8, 8, 13, 16], "texture": "#2"},
				"up": {"uv": [12, 0, 15, 3], "texture": "#2"},
				"down": {"uv": [12, 0, 15, 3], "texture": "#2"}
			}
		},
		{
			"from": [9.85, 7.75, 5.9],
			"to": [12.1, 12, 8.15],
			"rotation": {"angle": 0, "axis": "y", "origin": [4, 0, -3]},
			"faces": {
				"north": {"uv": [8, 0, 11, 7], "texture": "#2"},
				"east": {"uv": [8, 0, 11, 7], "texture": "#2"},
				"south": {"uv": [8, 0, 11, 7], "texture": "#2"},
				"west": {"uv": [8, 0, 11, 7], "texture": "#2"},
				"up": {"uv": [12, 4, 15, 7], "texture": "#2"},
				"down": {"uv": [12, 0, 14.5, 2.5], "texture": "#2"}
			}
		},
		{
			"from": [9.35, 6.5, 5.4],
			"to": [12.6, 7.75, 8.65],
			"rotation": {"angle": 0, "axis": "y", "origin": [4, 0, -3]},
			"faces": {
				"north": {"uv": [12, 0, 15, 1], "texture": "#2"},
				"east": {"uv": [12, 0, 15, 1], "texture": "#2"},
				"south": {"uv": [12, 0, 15, 1], "texture": "#2"},
				"west": {"uv": [12, 0, 15, 1], "texture": "#2"},
				"up": {"uv": [12, 0, 15, 3], "texture": "#2"},
				"down": {"uv": [12, 0, 15, 3], "texture": "#2"}
			}
		}
	],
	"display": {
		"thirdperson_righthand": {
			"rotation": [66, 159, 0],
			"translation": [0, 2.75, 2.5],
			"scale": [0.64, 0.64, 0.64]
		},
		"thirdperson_lefthand": {
			"rotation": [66, -156, 0],
			"translation": [0, 2.75, 2.5],
			"scale": [0.64, 0.64, 0.64]
		},
		"firstperson_righthand": {
			"rotation": [0, 225, 0],
			"translation": [0, 5, 0],
			"scale": [0.5, 0.5, 0.5]
		},
		"firstperson_lefthand": {
			"rotation": [0, 225, 0],
			"translation": [0, 5, 0],
			"scale": [0.5, 0.5, 0.5]
		},
		"ground": {
			"translation": [0, 2, 0],
			"scale": [0.7, 0.7, 0.7]
		},
		"gui": {
			"rotation": [30, 225, 0],
			"translation": [0, 0.5, 0]
		},
		"head": {
			"translation": [-0.75, 15, -2]
		},
		"fixed": {
			"rotation": [-90, 0, 0],
			"translation": [0, 0, -14],
			"scale": [2, 2, 2]
		}
	},
	"groups": [
		{
			"name": "group",
			"origin": [7.5, 3.5, 6.25],
			"color": 0,
			"children": []
		},
		0,
		1,
		2,
		3,
		4,
		5,
		6
	]
}