{
	"credit": "Made by YSBB with Blockbench",
	"textures": {
		"1": "block/cake/133",
		"particle": "block/cake/133"
	},
	"elements": [
		{
			"from": [9.95, 9.5, 9.9],
			"to": [12.15, 15.5, 12.1],
			"rotation": {"angle": 0, "axis": "y", "origin": [3, -0.5, 1]},
			"faces": {
				"north": {"uv": [7, 5, 10, 13], "texture": "#1"},
				"east": {"uv": [7, 5, 10, 13], "texture": "#1"},
				"south": {"uv": [7, 5, 10, 13], "texture": "#1"},
				"west": {"uv": [7, 5, 10, 13], "texture": "#1"},
				"up": {"uv": [7, 13, 10, 16], "texture": "#1"},
				"down": {"uv": [7, 5, 10, 8], "texture": "#1"}
			}
		},
		{
			"from": [8.95, 0, 8.95],
			"to": [13.05, 9.5, 13.05],
			"rotation": {"angle": 0, "axis": "y", "origin": [3, 0, 1]},
			"faces": {
				"north": {"uv": [11, 0, 16, 14], "texture": "#1"},
				"east": {"uv": [11, 0, 16, 14], "texture": "#1"},
				"south": {"uv": [11, 0, 16, 14], "texture": "#1"},
				"west": {"uv": [11, 0, 16, 14], "texture": "#1"},
				"up": {"uv": [0, 0, 1, 1], "texture": "#1"},
				"down": {"uv": [13, 10, 16, 13], "texture": "#1"}
			}
		},
		{
			"from": [3.95, 9.5, 7.9],
			"to": [6.15, 15.5, 10.1],
			"rotation": {"angle": 0, "axis": "y", "origin": [-3, -0.5, -1]},
			"faces": {
				"north": {"uv": [7, 5, 10, 13], "texture": "#1"},
				"east": {"uv": [7, 5, 10, 13], "texture": "#1"},
				"south": {"uv": [7, 5, 10, 13], "texture": "#1"},
				"west": {"uv": [7, 5, 10, 13], "texture": "#1"},
				"up": {"uv": [7, 13, 10, 16], "texture": "#1"},
				"down": {"uv": [7, 5, 10, 8], "texture": "#1"}
			}
		},
		{
			"from": [2.95, 0, 6.95],
			"to": [7.05, 9.5, 11.05],
			"rotation": {"angle": 0, "axis": "y", "origin": [-3, 0, -1]},
			"faces": {
				"north": {"uv": [11, 0, 16, 14], "texture": "#1"},
				"east": {"uv": [11, 0, 16, 14], "texture": "#1"},
				"south": {"uv": [11, 0, 16, 14], "texture": "#1"},
				"west": {"uv": [11, 0, 16, 14], "texture": "#1"},
				"up": {"uv": [0, 0, 1, 1], "texture": "#1"},
				"down": {"uv": [13, 10, 16, 13], "texture": "#1"}
			}
		},
		{
			"from": [8.95, 9.5, 3.9],
			"to": [11.15, 15.5, 6.1],
			"rotation": {"angle": 0, "axis": "y", "origin": [2, -0.5, -5]},
			"faces": {
				"north": {"uv": [7, 5, 10, 13], "texture": "#1"},
				"east": {"uv": [7, 5, 10, 13], "texture": "#1"},
				"south": {"uv": [7, 5, 10, 13], "texture": "#1"},
				"west": {"uv": [7, 5, 10, 13], "texture": "#1"},
				"up": {"uv": [7, 13, 10, 16], "texture": "#1"},
				"down": {"uv": [7, 5, 10, 8], "texture": "#1"}
			}
		},
		{
			"from": [7.95, 0, 2.95],
			"to": [12.05, 9.5, 7.05],
			"rotation": {"angle": 0, "axis": "y", "origin": [2, 0, -5]},
			"faces": {
				"north": {"uv": [11, 0, 16, 14], "texture": "#1"},
				"east": {"uv": [11, 0, 16, 14], "texture": "#1"},
				"south": {"uv": [11, 0, 16, 14], "texture": "#1"},
				"west": {"uv": [11, 0, 16, 14], "texture": "#1"},
				"up": {"uv": [0, 0, 1, 1], "texture": "#1"},
				"down": {"uv": [13, 10, 16, 13], "texture": "#1"}
			}
		}
	],
	"display": {
		"thirdperson_righthand": {
			"rotation": [66, 159, 0],
			"translation": [0, 2.75, 2.5],
			"scale": [0.64, 0.64, 0.64]
		},
		"thirdperson_lefthand": {
			"rotation": [66, -156, 0],
			"translation": [0, 2.75, 2.5],
			"scale": [0.64, 0.64, 0.64]
		},
		"firstperson_righthand": {
			"rotation": [0, 225, 0],
			"translation": [0, 5, 0],
			"scale": [0.5, 0.5, 0.5]
		},
		"firstperson_lefthand": {
			"rotation": [0, 225, 0],
			"translation": [0, 5, 0],
			"scale": [0.5, 0.5, 0.5]
		},
		"ground": {
			"translation": [0, 2, 0],
			"scale": [0.7, 0.7, 0.7]
		},
		"gui": {
			"rotation": [30, 225, 0],
			"translation": [0, 0.5, 0]
		},
		"head": {
			"translation": [-0.75, 15, -2]
		},
		"fixed": {
			"rotation": [-90, 0, 0],
			"translation": [0, 0, -14],
			"scale": [2, 2, 2]
		}
	},
	"groups": [
		{
			"name": "group",
			"origin": [0, 0, -2],
			"color": 0,
			"children": [0, 1, 2, 3, 4, 5]
		}
	]
}