{
    "credit": "Made by YSBB with Blockbench",
    "textures": {
        "0": "block/cake/336",
        "1": "block/cake/330",
        "particle": "block/cake/336"
    },
    "elements": [
        {
            "from": [
                1,
                0,
                1
            ],
            "to": [
                15,
                2,
                15
            ],
            "rotation": {
                "angle": 0,
                "axis": "y",
                "origin": [
                    0,
                    1,
                    0
                ]
            },
            "faces": {
                "north": {
                    "uv": [
                        1,
                        2,
                        15,
                        0
                    ],
                    "texture": "#1"
                },
                "east": {
                    "uv": [
                        15,
                        1.75,
                        1,
                        0
                    ],
                    "texture": "#1"
                },
                "south": {
                    "uv": [
                        1,
                        2,
                        15,
                        0
                    ],
                    "texture": "#1"
                },
                "west": {
                    "uv": [
                        1,
                        2,
                        15,
                        0
                    ],
                    "texture": "#1"
                },
                "up": {
                    "uv": [
                        1,
                        1,
                        15,
                        15
                    ],
                    "texture": "#1"
                },
                "down": {
                    "uv": [
                        1,
                        1,
                        15,
                        15
                    ],
                    "texture": "#1"
                }
            }
        },
        {
            "from": [
                10.75,
                2,
                2
            ],
            "to": [
                13.25,
                8,
                12
            ],
            "rotation": {
                "angle": 0,
                "axis": "y",
                "origin": [
                    11.5,
                    4.5,
                    8
                ]
            },
            "faces": {
                "north": {
                    "uv": [
                        14,
                        10,
                        16,
                        15
                    ],
                    "texture": "#0"
                },
                "east": {
                    "uv": [
                        0,
                        7,
                        10,
                        12
                    ],
                    "texture": "#0"
                },
                "south": {
                    "uv": [
                        16,
                        9,
                        14,
                        14
                    ],
                    "texture": "#0"
                },
                "west": {
                    "uv": [
                        0,
                        7,
                        10,
                        12
                    ],
                    "texture": "#0"
                },
                "up": {
                    "uv": [
                        10,
                        6,
                        0,
                        4
                    ],
                    "rotation": 90,
                    "texture": "#0"
                },
                "down": {
                    "uv": [
                        10,
                        3,
                        12,
                        13
                    ],
                    "texture": "#0"
                }
            }
        },
        {
            "from": [
                6.9,
                2,
                3
            ],
            "to": [
                9.4,
                8,
                13
            ],
            "rotation": {
                "angle": 0,
                "axis": "y",
                "origin": [
                    7.9,
                    4.5,
                    8
                ]
            },
            "faces": {
                "north": {
                    "uv": [
                        14,
                        11,
                        16,
                        16
                    ],
                    "texture": "#0"
                },
                "east": {
                    "uv": [
                        0,
                        7,
                        10,
                        12
                    ],
                    "texture": "#0"
                },
                "south": {
                    "uv": [
                        16,
                        11,
                        14,
                        16
                    ],
                    "texture": "#0"
                },
                "west": {
                    "uv": [
                        0,
                        7,
                        10,
                        12
                    ],
                    "texture": "#0"
                },
                "up": {
                    "uv": [
                        0,
                        15,
                        10,
                        13
                    ],
                    "rotation": 90,
                    "texture": "#0"
                },
                "down": {
                    "uv": [
                        7,
                        3,
                        9,
                        13
                    ],
                    "texture": "#0"
                }
            }
        },
        {
            "from": [
                3.15,
                2,
                4
            ],
            "to": [
                5.65,
                8,
                14
            ],
            "rotation": {
                "angle": 0,
                "axis": "y",
                "origin": [
                    4.9,
                    4.5,
                    8
                ]
            },
            "faces": {
                "north": {
                    "uv": [
                        14,
                        9,
                        16,
                        14
                    ],
                    "texture": "#0"
                },
                "east": {
                    "uv": [
                        0,
                        7,
                        10,
                        12
                    ],
                    "texture": "#0"
                },
                "south": {
                    "uv": [
                        16,
                        10,
                        14,
                        15
                    ],
                    "texture": "#0"
                },
                "west": {
                    "uv": [
                        0,
                        7,
                        10,
                        12
                    ],
                    "texture": "#0"
                },
                "up": {
                    "uv": [
                        0,
                        6,
                        10,
                        4
                    ],
                    "rotation": 90,
                    "texture": "#0"
                },
                "down": {
                    "uv": [
                        4,
                        3,
                        6,
                        13
                    ],
                    "texture": "#0"
                }
            }
        }
    ],
    "display": {
        "thirdperson_righthand": {
            "rotation": [
                75,
                45,
                0
            ],
            "translation": [
                0,
                2.5,
                0
            ],
            "scale": [
                0.375,
                0.375,
                0.375
            ]
        },
        "thirdperson_lefthand": {
            "rotation": [
                75,
                45,
                0
            ],
            "translation": [
                0,
                2.5,
                0
            ],
            "scale": [
                0.375,
                0.375,
                0.375
            ]
        },
        "firstperson_righthand": {
            "rotation": [
                0,
                45,
                0
            ],
            "translation": [
                0,
                3,
                0
            ],
            "scale": [
                0.4,
                0.4,
                0.4
            ]
        },
        "firstperson_lefthand": {
            "rotation": [
                0,
                225,
                0
            ],
            "translation": [
                0,
                3,
                0
            ],
            "scale": [
                0.4,
                0.4,
                0.4
            ]
        },
        "ground": {
            "translation": [
                0,
                2,
                0
            ],
            "scale": [
                0.5,
                0.5,
                0.5
            ]
        },
        "gui": {
            "rotation": [
                30,
                225,
                0
            ],
            "translation": [
                0,
                2,
                0
            ],
            "scale": [
                0.8,
                0.8,
                0.8
            ]
        },
        "head": {
            "translation": [
                0,
                10,
                0
            ]
        },
        "fixed": {
            "rotation": [
                -90,
                0,
                0
            ],
            "translation": [
                0,
                0,
                -14
            ],
            "scale": [
                2,
                2,
                2
            ]
        }
    }
}