{
	"credit": "Made with Blockbench",
	"textures": {
		"2": "block/cake/331",
		"4": "block/cake/330",
		"particle": "block/cake/331"
	},
	"elements": [
		{
			"from": [1, 0, 1],
			"to": [15, 2, 15],
			"rotation": {"angle": 0, "axis": "y", "origin": [0, 1, 0]},
			"faces": {
				"north": {"uv": [1, 2, 15, 0], "texture": "#4"},
				"east": {"uv": [1, 2, 15, 0], "texture": "#4"},
				"south": {"uv": [1, 2, 15, 0], "texture": "#4"},
				"west": {"uv": [1, 2, 15, 0], "texture": "#4"},
				"up": {"uv": [1, 1, 15, 15], "texture": "#4"},
				"down": {"uv": [1, 1, 15, 15], "texture": "#4"}
			}
		},
		{
			"from": [9, 2, 6],
			"to": [14, 7, 11],
			"rotation": {"angle": 0, "axis": "y", "origin": [11.75, 4.5, 9]},
			"faces": {
				"north": {"uv": [0, 6, 5, 11], "texture": "#2"},
				"east": {"uv": [0, 6, 5, 11], "texture": "#2"},
				"south": {"uv": [0, 6, 5, 11], "texture": "#2"},
				"west": {"uv": [0, 6, 5, 11], "texture": "#2"},
				"up": {"uv": [0, 0, 5, 5], "texture": "#2"}
			}
		},
		{
			"from": [4, 2, 2],
			"to": [9, 7, 7],
			"rotation": {"angle": 0, "axis": "y", "origin": [6.75, 4.5, 5]},
			"faces": {
				"north": {"uv": [0, 6, 5, 11], "texture": "#2"},
				"east": {"uv": [0, 6, 5, 11], "texture": "#2"},
				"south": {"uv": [0, 6, 5, 11], "texture": "#2"},
				"west": {"uv": [0, 6, 5, 11], "texture": "#2"},
				"up": {"uv": [0, 0, 5, 5], "texture": "#2"}
			}
		},
		{
			"from": [2, 2, 8],
			"to": [7, 7, 13],
			"rotation": {"angle": 0, "axis": "y", "origin": [4.75, 4.5, 11]},
			"faces": {
				"north": {"uv": [0, 6, 5, 11], "texture": "#2"},
				"east": {"uv": [0, 6, 5, 11], "texture": "#2"},
				"south": {"uv": [0, 6, 5, 11], "texture": "#2"},
				"west": {"uv": [0, 6, 5, 11], "texture": "#2"},
				"up": {"uv": [0, 0, 5, 5], "texture": "#2"}
			}
		},
		{
			"name": "cube222",
			"from": [7, 6, 4],
			"to": [8, 8, 4],
			"shade": false,
			"rotation": {"angle": 0, "axis": "x", "origin": [6.5, 7, 5]},
			"faces": {
				"north": {"uv": [10, 2, 11, 3], "texture": "#2"},
				"south": {"uv": [10, 2, 11, 3], "texture": "#2"}
			}
		},
		{
			"name": "cube222",
			"from": [5, 6, 4],
			"to": [6, 8, 4],
			"shade": false,
			"rotation": {"angle": 0, "axis": "x", "origin": [4.5, 7, 5]},
			"faces": {
				"north": {"uv": [10, 2, 11, 3], "texture": "#2"},
				"south": {"uv": [10, 2, 11, 3], "texture": "#2"}
			}
		},
		{
			"name": "cube222",
			"from": [10, 6, 9],
			"to": [11, 8, 9],
			"shade": false,
			"rotation": {"angle": 0, "axis": "x", "origin": [9.5, 7, 10]},
			"faces": {
				"north": {"uv": [10, 2, 11, 3], "texture": "#2"},
				"south": {"uv": [10, 2, 11, 3], "texture": "#2"}
			}
		},
		{
			"name": "cube222",
			"from": [12, 6, 9],
			"to": [13, 8, 9],
			"shade": false,
			"rotation": {"angle": 0, "axis": "x", "origin": [11.5, 7, 10]},
			"faces": {
				"north": {"uv": [10, 2, 11, 3], "texture": "#2"},
				"south": {"uv": [10, 2, 11, 3], "texture": "#2"}
			}
		},
		{
			"name": "cube222",
			"from": [5, 6, 11],
			"to": [6, 8, 11],
			"shade": false,
			"rotation": {"angle": 0, "axis": "x", "origin": [4.5, 7, 12]},
			"faces": {
				"north": {"uv": [10, 2, 11, 3], "texture": "#2"},
				"south": {"uv": [10, 2, 11, 3], "texture": "#2"}
			}
		},
		{
			"name": "cube222",
			"from": [3, 6, 11],
			"to": [4, 8, 11],
			"shade": false,
			"rotation": {"angle": 0, "axis": "x", "origin": [2.5, 7, 12]},
			"faces": {
				"north": {"uv": [10, 2, 11, 3], "texture": "#2"},
				"south": {"uv": [10, 2, 11, 3], "texture": "#2"}
			}
		}
	],
	"display": {
		"thirdperson_righthand": {
			"rotation": [75, 45, 0],
			"translation": [0, 2.5, 0],
			"scale": [0.375, 0.375, 0.375]
		},
		"thirdperson_lefthand": {
			"rotation": [75, 45, 0],
			"translation": [0, 2.5, 0],
			"scale": [0.375, 0.375, 0.375]
		},
		"firstperson_righthand": {
			"rotation": [0, 45, 0],
			"translation": [0, 3, 0],
			"scale": [0.4, 0.4, 0.4]
		},
		"firstperson_lefthand": {
			"rotation": [0, 225, 0],
			"translation": [0, 3, 0],
			"scale": [0.4, 0.4, 0.4]
		},
		"ground": {
			"translation": [0, 2, 0],
			"scale": [0.5, 0.5, 0.5]
		},
		"gui": {
			"rotation": [30, 225, 0],
			"translation": [0, 2, 0],
			"scale": [0.8, 0.8, 0.8]
		},
		"head": {
			"translation": [0, 10, 0]
		},
		"fixed": {
			"rotation": [-90, 0, 0],
			"translation": [0, 0, -14],
			"scale": [2, 2, 2]
		}
	},
	"groups": [
		{
			"name": "group",
			"origin": [7, 7.4, 4],
			"color": 0,
			"children": [0, 1, 2, 3]
		},
		4,
		5,
		6,
		7,
		8,
		9
	]
}