{
	"credit": "Made by YSBB with Blockbench",
	"textures": {
		"2": "block/cake/330",
		"3": "block/cake/sweet_berries",
		"particle": "block/cake/sweet_berries"
	},
	"elements": [
		{
			"from": [1, 0, 1],
			"to": [15, 2, 15],
			"rotation": {"angle": 0, "axis": "y", "origin": [0, 1, 0]},
			"faces": {
				"north": {"uv": [1, 2, 15, 0], "texture": "#2"},
				"east": {"uv": [1, 2, 15, 0], "texture": "#2"},
				"south": {"uv": [1, 2, 15, 0], "texture": "#2"},
				"west": {"uv": [1, 2, 15, 0], "texture": "#2"},
				"up": {"uv": [1, 1, 15, 15], "texture": "#2"},
				"down": {"uv": [1, 1, 15, 15], "texture": "#2"}
			}
		},
		{
			"from": [9.11522, 2, 2.92074],
			"to": [13.11522, 6, 6.92074],
			"rotation": {"angle": 0, "axis": "y", "origin": [10.61522, 4.5, 5.42074]},
			"faces": {
				"north": {"uv": [2, 6, 6, 10], "texture": "#3"},
				"east": {"uv": [2, 6, 6, 10], "texture": "#3"},
				"south": {"uv": [2, 6, 6, 10], "texture": "#3"},
				"west": {"uv": [2, 6, 6, 10], "texture": "#3"},
				"up": {"uv": [2, 6, 6, 10], "texture": "#3"},
				"down": {"uv": [2, 6, 6, 10], "texture": "#3"}
			}
		},
		{
			"from": [3.11522, 2, 8.92074],
			"to": [7.11522, 6, 12.92074],
			"rotation": {"angle": 0, "axis": "y", "origin": [4.61522, 4.5, 11.42074]},
			"faces": {
				"north": {"uv": [2, 6, 6, 10], "texture": "#3"},
				"east": {"uv": [2, 6, 6, 10], "texture": "#3"},
				"south": {"uv": [2, 6, 6, 10], "texture": "#3"},
				"west": {"uv": [2, 6, 6, 10], "texture": "#3"},
				"up": {"uv": [2, 6, 6, 10], "texture": "#3"},
				"down": {"uv": [2, 6, 6, 10], "texture": "#3"}
			}
		},
		{
			"from": [8.11522, 2, 7.92074],
			"to": [12.11522, 6, 11.92074],
			"rotation": {"angle": 0, "axis": "y", "origin": [9.61522, 4.5, 10.42074]},
			"faces": {
				"north": {"uv": [8, 6, 12, 10], "texture": "#3"},
				"east": {"uv": [8, 6, 12, 10], "texture": "#3"},
				"south": {"uv": [8, 6, 12, 10], "texture": "#3"},
				"west": {"uv": [8, 6, 12, 10], "texture": "#3"},
				"up": {"uv": [8, 6, 12, 10], "texture": "#3"},
				"down": {"uv": [8, 6, 12, 10], "texture": "#3"}
			}
		},
		{
			"from": [4.11522, 6, 7.92074],
			"to": [8.11522, 10, 11.92074],
			"rotation": {"angle": 0, "axis": "y", "origin": [5.61522, 8.5, 10.42074]},
			"faces": {
				"north": {"uv": [8, 6, 12, 10], "texture": "#3"},
				"east": {"uv": [8, 6, 12, 10], "texture": "#3"},
				"south": {"uv": [8, 6, 12, 10], "texture": "#3"},
				"west": {"uv": [8, 6, 12, 10], "texture": "#3"},
				"up": {"uv": [8, 6, 12, 10], "texture": "#3"},
				"down": {"uv": [8, 6, 12, 10], "texture": "#3"}
			}
		},
		{
			"from": [3.11522, 2, 2.92074],
			"to": [7.11522, 6, 6.92074],
			"rotation": {"angle": 0, "axis": "y", "origin": [4.61522, 4.5, 5.42074]},
			"faces": {
				"north": {"uv": [8, 6, 12, 10], "texture": "#3"},
				"east": {"uv": [8, 6, 12, 10], "texture": "#3"},
				"south": {"uv": [8, 6, 12, 10], "texture": "#3"},
				"west": {"uv": [8, 6, 12, 10], "texture": "#3"},
				"up": {"uv": [8, 6, 12, 10], "texture": "#3"},
				"down": {"uv": [8, 6, 12, 10], "texture": "#3"}
			}
		},
		{
			"from": [6.11522, 6, 3.92074],
			"to": [10.11522, 10, 7.92074],
			"rotation": {"angle": 0, "axis": "y", "origin": [7.61522, 8.5, 6.42074]},
			"faces": {
				"north": {"uv": [2, 6, 6, 10], "texture": "#3"},
				"east": {"uv": [2, 6, 6, 10], "texture": "#3"},
				"south": {"uv": [2, 6, 6, 10], "texture": "#3"},
				"west": {"uv": [2, 6, 6, 10], "texture": "#3"},
				"up": {"uv": [2, 6, 6, 10], "texture": "#3"},
				"down": {"uv": [2, 6, 6, 10], "texture": "#3"}
			}
		}
	],
	"display": {
		"thirdperson_righthand": {
			"rotation": [75, 45, 0],
			"translation": [0, 2.5, 0],
			"scale": [0.375, 0.375, 0.375]
		},
		"thirdperson_lefthand": {
			"rotation": [75, 45, 0],
			"translation": [0, 2.5, 0],
			"scale": [0.375, 0.375, 0.375]
		},
		"firstperson_righthand": {
			"rotation": [0, 45, 0],
			"translation": [0, 3, 0],
			"scale": [0.4, 0.4, 0.4]
		},
		"firstperson_lefthand": {
			"rotation": [0, 225, 0],
			"translation": [0, 3, 0],
			"scale": [0.4, 0.4, 0.4]
		},
		"ground": {
			"translation": [0, 2, 0],
			"scale": [0.5, 0.5, 0.5]
		},
		"gui": {
			"rotation": [30, 225, 0],
			"translation": [0, 2, 0],
			"scale": [0.8, 0.8, 0.8]
		},
		"head": {
			"translation": [0, 10, 0]
		},
		"fixed": {
			"rotation": [-90, 0, 0],
			"translation": [0, 0, -14],
			"scale": [2, 2, 2]
		}
	},
	"groups": [
		{
			"name": "group",
			"origin": [8, 8, 8],
			"color": 0,
			"children": []
		},
		0,
		1,
		2,
		3,
		4,
		5,
		6
	]
}