{
	"credit": "Made with Blockbench",
	"parent": "minecraft:block/cross",
	"textures": {
		"particle": "block/bud/amethyst_cluster2",
		"cross": "block/bud/amethyst_cluster2"
	},
	"elements": [
		{
			"from": [6, -1, 8],
			"to": [9, 8, 11],
			"light_emission": 12,
			"rotation": {"angle": 22.5, "axis": "y", "origin": [7.75, 7, 10.25]},
			"faces": {
				"north": {"uv": [6, 7, 9, 16], "texture": "#cross"},
				"east": {"uv": [6, 7, 9, 16], "texture": "#cross"},
				"south": {"uv": [6, 7, 9, 16], "texture": "#cross"},
				"west": {"uv": [6, 7, 9, 16], "texture": "#cross"},
				"up": {"uv": [6, 1, 9, 4], "texture": "#cross"}
			}
		},
		{
			"from": [7.43434, -1.86524, 12.25],
			"to": [10.43434, 4.13476, 15.25],
			"light_emission": 12,
			"rotation": {"angle": 22.5, "axis": "x", "origin": [8.93434, 7.13476, 16.25]},
			"faces": {
				"north": {"uv": [6, 6, 9, 12], "texture": "#cross"},
				"east": {"uv": [6, 6, 9, 12], "texture": "#cross"},
				"south": {"uv": [6, 6, 9, 12], "texture": "#cross"},
				"west": {"uv": [6, 6, 9, 12], "texture": "#cross"},
				"up": {"uv": [6, 7, 9, 10], "texture": "#cross"}
			}
		},
		{
			"from": [7.43434, -1.61524, 1],
			"to": [10.43434, 4.38476, 4],
			"light_emission": 12,
			"rotation": {"angle": -22.5, "axis": "x", "origin": [8.93434, 7.38476, 2.5]},
			"faces": {
				"north": {"uv": [6, 6, 9, 12], "texture": "#cross"},
				"east": {"uv": [6, 6, 9, 12], "texture": "#cross"},
				"south": {"uv": [6, 6, 9, 12], "texture": "#cross"},
				"west": {"uv": [6, 6, 9, 12], "texture": "#cross"},
				"up": {"uv": [1, 9, 4, 12], "texture": "#cross"}
			}
		},
		{
			"from": [1.93434, -1.11524, 7],
			"to": [3.93434, 4.88476, 9],
			"light_emission": 12,
			"rotation": {"angle": 22.5, "axis": "z", "origin": [2.68434, 5.63476, 9]},
			"faces": {
				"north": {"uv": [6, 6, 8, 12], "texture": "#cross"},
				"east": {"uv": [6, 6, 8, 12], "texture": "#cross"},
				"south": {"uv": [6, 6, 8, 12], "texture": "#cross"},
				"west": {"uv": [6, 6, 8, 12], "texture": "#cross"},
				"up": {"uv": [4, 5, 6, 7], "texture": "#cross"}
			}
		},
		{
			"from": [13.18434, -3.36524, 6.75],
			"to": [16.18434, 3.63476, 9.75],
			"light_emission": 12,
			"rotation": {"angle": -45, "axis": "z", "origin": [14.68434, 5.38476, 9]},
			"faces": {
				"north": {"uv": [6, 6, 9, 13], "texture": "#cross"},
				"east": {"uv": [6, 6, 9, 13], "texture": "#cross"},
				"south": {"uv": [6, 6, 9, 13], "texture": "#cross"},
				"west": {"uv": [6, 6, 9, 13], "texture": "#cross"},
				"up": {"uv": [6, 4, 9, 7], "texture": "#cross"}
			}
		},
		{
			"from": [4.75, -1, 4.75],
			"to": [6.75, 3, 6.75],
			"light_emission": 12,
			"rotation": {"angle": 22.5, "axis": "z", "origin": [5, 0, 5]},
			"faces": {
				"north": {"uv": [6, 11, 8, 15], "texture": "#cross"},
				"east": {"uv": [9, 11, 11, 15], "texture": "#cross"},
				"south": {"uv": [8, 11, 10, 15], "texture": "#cross"},
				"west": {"uv": [5, 11, 7, 15], "texture": "#cross"},
				"up": {"uv": [5, 4, 7, 6], "texture": "#cross"}
			}
		},
		{
			"from": [4.75, -0.5, 10],
			"to": [6.75, 2.5, 12],
			"light_emission": 12,
			"rotation": {"angle": 22.5, "axis": "z", "origin": [6.25, 0, 10.5]},
			"faces": {
				"north": {"uv": [8, 10, 10, 13], "texture": "#cross"},
				"east": {"uv": [7, 10, 9, 13], "texture": "#cross"},
				"south": {"uv": [3, 10, 5, 13], "texture": "#cross"},
				"west": {"uv": [5, 10, 7, 13], "texture": "#cross"},
				"up": {"uv": [1, 9, 3, 11], "texture": "#cross"}
			}
		},
		{
			"from": [9.5, 0, 10.5],
			"to": [12.5, 4, 13.5],
			"light_emission": 12,
			"rotation": {"angle": 45, "axis": "x", "origin": [11, 2, 10]},
			"faces": {
				"north": {"uv": [7, 10, 10, 14], "texture": "#cross"},
				"east": {"uv": [4, 12, 7, 16], "texture": "#cross"},
				"south": {"uv": [7, 12, 10, 16], "texture": "#cross"},
				"west": {"uv": [9, 12, 12, 16], "texture": "#cross"},
				"up": {"uv": [13, 9, 16, 12], "texture": "#cross"}
			}
		},
		{
			"from": [10.5, -0.5, 4.75],
			"to": [12.5, 1.5, 6.75],
			"light_emission": 12,
			"rotation": {"angle": -45, "axis": "x", "origin": [11, 0, 4.5]},
			"faces": {
				"north": {"uv": [6, 12, 8, 14], "texture": "#cross"},
				"east": {"uv": [5, 10, 7, 12], "texture": "#cross"},
				"south": {"uv": [9, 11, 11, 13], "texture": "#cross"},
				"west": {"uv": [7, 11, 9, 13], "texture": "#cross"},
				"up": {"uv": [5, 4, 7, 6], "texture": "#cross"}
			}
		},
		{
			"from": [9, -0.25, 5],
			"to": [11, 6.75, 7],
			"light_emission": 12,
			"rotation": {"angle": 0, "axis": "y", "origin": [10.25, 5, 6.75]},
			"faces": {
				"north": {"uv": [6, 8, 8, 15], "texture": "#cross"},
				"east": {"uv": [5, 7, 7, 14], "texture": "#cross"},
				"south": {"uv": [6, 7, 8, 14], "texture": "#cross"},
				"west": {"uv": [5, 7, 7, 14], "texture": "#cross"},
				"up": {"uv": [5, 4, 7, 6], "texture": "#cross"}
			}
		},
		{
			"from": [5.75, -1, 7],
			"to": [7.75, 5, 9],
			"light_emission": 12,
			"rotation": {"angle": -22.5, "axis": "x", "origin": [5.25, 1, 7]},
			"faces": {
				"north": {"uv": [5, 10, 7, 16], "texture": "#cross"},
				"east": {"uv": [5, 10, 7, 16], "texture": "#cross"},
				"south": {"uv": [7, 10, 9, 16], "texture": "#cross"},
				"west": {"uv": [6, 9, 8, 15], "texture": "#cross"},
				"up": {"uv": [5, 6, 7, 8], "texture": "#cross"}
			}
		},
		{
			"from": [9.75, -0.25, 8.75],
			"to": [11.75, 3.75, 10.75],
			"light_emission": 12,
			"rotation": {"angle": 22.5, "axis": "y", "origin": [10.25, 4, 10]},
			"faces": {
				"north": {"uv": [5, 10, 7, 14], "texture": "#cross"},
				"east": {"uv": [7, 10, 9, 14], "texture": "#cross"},
				"south": {"uv": [5, 11, 7, 15], "texture": "#cross"},
				"west": {"uv": [6, 11, 8, 15], "texture": "#cross"},
				"up": {"uv": [7, 10, 9, 12], "rotation": 90, "texture": "#cross"}
			}
		},
		{
			"from": [6, -1, 5],
			"to": [8, 2, 7],
			"light_emission": 12,
			"rotation": {"angle": 0, "axis": "y", "origin": [6, 0, 5]},
			"faces": {
				"north": {"uv": [8, 7, 10, 10], "texture": "#cross"},
				"east": {"uv": [8, 7, 10, 10], "texture": "#cross"},
				"south": {"uv": [8, 7, 10, 10], "texture": "#cross"},
				"west": {"uv": [8, 7, 10, 10], "texture": "#cross"},
				"up": {"uv": [8, 7, 10, 9], "texture": "#cross"}
			}
		}
	]
}