{
	"credit": "Made by YSBB with Blockbench",
	"ambientocclusion": false,
	"textures": {
		"particle": "block/ysbb_redstoneblock/redstone_dust_line0",
		"line": "block/ysbb_redstoneblock/redstone_dust_line0",
		"overlay": "block/ysbb_redstoneblock/redstone_dust_overlay"
	},
	"elements": [
		{
			"from": [6, 0, 0],
			"to": [10, 16.5, 0.5],
			"shade": false,
			"rotation": {"angle": 0, "axis": "y", "origin": [-1, 0, 0]},
			"faces": {
				"north": {"uv": [10.5, 0, 5.5, 16], "texture": "#line", "cullface": "north", "tintindex": 0},
				"east": {"uv": [10, 0, 10.5, 16], "texture": "#line", "tintindex": 0},
				"south": {"uv": [5.5, 0, 10.5, 16], "texture": "#line", "tintindex": 0},
				"west": {"uv": [5.5, 0, 6, 16], "texture": "#line", "tintindex": 0},
				"up": {"uv": [5.5, 0, 10.5, 0.5], "texture": "#line", "tintindex": 0},
				"down": {"uv": [5.5, 0, 10.5, 0.5], "texture": "#line", "cullface": "down", "tintindex": 0}
			}
		},
		{
			"from": [0, 0, 0.25],
			"to": [16, 16, 0.25],
			"shade": false,
			"faces": {
				"north": {"uv": [16, 0, 0, 16], "texture": "#overlay"},
				"south": {"uv": [0, 0, 16, 16], "texture": "#overlay"}
			}
		}
	]
}