{
	"credit": "Made by YSBB with Blockbench",
	"ambientocclusion": false,
	"textures": {
		"particle": "block/ysbb_redstoneblock/redstone_dust_dot",
		"line": "block/ysbb_redstoneblock/redstone_dust_dot"
	},
	"elements": [
		{
			"from": [5.4, 0, 5.4],
			"to": [10.6, 0.5, 10.6],
			"shade": false,
			"rotation": {"angle": 0, "axis": "y", "origin": [1, 0, -0.5]},
			"faces": {
				"north": {"uv": [5.5, 5.75, 10.5, 6.25], "texture": "#line", "tintindex": 0},
				"east": {"uv": [5.5, 5.75, 10.5, 6.25], "texture": "#line", "tintindex": 0},
				"south": {"uv": [5.5, 5.75, 10.5, 6.25], "texture": "#line", "tintindex": 0},
				"west": {"uv": [5.5, 5.75, 10.5, 6.25], "texture": "#line", "tintindex": 0},
				"up": {"uv": [5.5, 5.5, 10.5, 10.5], "texture": "#line", "tintindex": 0},
				"down": {"uv": [5.5, 5.5, 10.5, 10.5], "texture": "#line", "cullface": "down", "tintindex": 0}
			}
		}
	]
}