{
	"credit": "Made by YSBB with Blockbench",
	"parent": "block/redstone_dust_side_alt",
	"textures": {
		"particle": "block/ysbb_redstoneblock/redstone_dust_line1_00000",
		"line": "block/ysbb_redstoneblock/redstone_dust_line1_00000"
	},
	"elements": [
		{
			"from": [6, 0, 8],
			"to": [10, 0.5, 16],
			"shade": false,
			"rotation": {"angle": 0, "axis": "y", "origin": [0.5, 0, 0]},
			"faces": {
				"east": {"uv": [10, 0, 10.5, 16], "rotation": 90, "texture": "#line", "tintindex": 0},
				"south": {"uv": [5.5, 0, 10.5, 0.5], "texture": "#line", "cullface": "south", "tintindex": 0},
				"west": {"uv": [5.5, 0, 6, 16], "rotation": 90, "texture": "#line", "tintindex": 0},
				"up": {"uv": [5.5, 0, 10.5, 8], "texture": "#line", "tintindex": 0},
				"down": {"uv": [5.5, 0, 10.5, 8], "texture": "#line", "cullface": "down", "tintindex": 0}
			}
		}
	]
}