{
	"credit": "by YSBB  2024",
	"ambientocclusion": false,
	"texture_size": [32, 32],
	"textures": {
		"0": "block/ysbb_lever/lever",
		"particle": "block/ysbb_lever/lever"
	},
	"elements": [
		{
			"from": [5, -0.02, 4],
			"to": [11, 2.98, 12],
			"faces": {
				"north": {"uv": [4, 14.5, 7, 16], "texture": "#0"},
				"east": {"uv": [3.5, 14.5, 7.5, 16], "texture": "#0"},
				"south": {"uv": [4, 14.5, 7, 16], "texture": "#0"},
				"west": {"uv": [3.5, 14.5, 7.5, 16], "texture": "#0"},
				"up": {"uv": [0, 12, 3, 16], "texture": "#0"},
				"down": {"uv": [0, 12, 3, 16], "texture": "#0", "cullface": "down"}
			}
		},
		{
			"from": [7, 1, 7],
			"to": [9, 11, 9],
			"rotation": {"angle": -45, "axis": "x", "origin": [8, 1, 8]},
			"faces": {
				"north": {"uv": [11.5, 11, 12.5, 16], "texture": "#0"},
				"east": {"uv": [11.5, 11, 12.5, 16], "texture": "#0"},
				"south": {"uv": [11.5, 11, 12.5, 16], "texture": "#0"},
				"west": {"uv": [11.5, 11, 12.5, 16], "texture": "#0"},
				"up": {"uv": [11.5, 11, 12.5, 12], "texture": "#0"}
			}
		}
	]
}