{
	"credit": "by YSBB  2024",
	"ambientocclusion": false,
	"texture_size": [32, 32],
	"textures": {
		"particle": "block/ysbb_lever/lever",
		"base": "block/ysbb_lever/lever"
	},
	"elements": [
		{
			"from": [5, -0.02, 4],
			"to": [11, 2.98, 12],
			"faces": {
				"north": {"uv": [12, 6.5, 15, 8], "texture": "#base"},
				"east": {"uv": [11.5, 6.5, 15.5, 8], "texture": "#base"},
				"south": {"uv": [12, 6.5, 15, 8], "texture": "#base"},
				"west": {"uv": [11.5, 6.5, 15.5, 8], "texture": "#base"},
				"up": {"uv": [8, 4, 11, 8], "texture": "#base"},
				"down": {"uv": [8, 4, 11, 8], "texture": "#base", "cullface": "down"}
			}
		},
		{
			"from": [7, 1, 7],
			"to": [9, 11, 9],
			"rotation": {"angle": 45, "axis": "x", "origin": [8, 1, 8]},
			"faces": {
				"north": {"uv": [3.5, 3, 4.5, 8], "texture": "#base"},
				"east": {"uv": [3.5, 3, 4.5, 8], "texture": "#base"},
				"south": {"uv": [3.5, 3, 4.5, 8], "texture": "#base"},
				"west": {"uv": [3.5, 3, 4.5, 8], "texture": "#base"},
				"up": {"uv": [3.5, 3, 4.5, 4], "texture": "#base"}
			}
		}
	]
}