{
	"credit": "by YSBB  2024",
	"textures": {
		"0": "block/ysbb_daylight/daylight_detector_top",
		"1": "block/ysbb_daylight/daylight_detector_side",
		"2": "block/ysbb_daylight/n5",
		"particle": "block/ysbb_daylight/daylight_detector_top"
	},
	"elements": [
		{
			"from": [0, 0, 0],
			"to": [16, 6, 16],
			"faces": {
				"north": {"uv": [0, 0, 16, 6], "texture": "#1", "cullface": "north"},
				"east": {"uv": [0, 0, 16, 6], "texture": "#1", "cullface": "east"},
				"south": {"uv": [0, 0, 16, 6], "texture": "#1", "cullface": "south"},
				"west": {"uv": [0, 0, 16, 6], "texture": "#1", "cullface": "west"},
				"up": {"uv": [0, 0, 16, 16], "texture": "#0"},
				"down": {"uv": [0, 0, 16, 16], "texture": "#1", "cullface": "down"}
			}
		},
		{
			"from": [5.5, -0.05, 5.6],
			"to": [10.5, 6.05, 10.6],
			"rotation": {"angle": 0, "axis": "y", "origin": [8, 5.01, 8.1]},
			"faces": {
				"up": {"uv": [0, 0, 16, 16], "texture": "#2"},
				"down": {"uv": [0, 0, 16, 16], "texture": "#2", "cullface": "down"}
			}
		}
	]
}