{
	"credit": "Made with Blockbench",
	"parent": "block/block",
	"texture_size": [64, 64],
	"textures": {
		"3": "block/ysbb_leaves/cherry2",
		"5": "block/ysbb_leaves/cherry1",
		"particle": "block/ysbb_leaves/cherry1"
	},
	"elements": [
		{
			"from": [0, 0, 0],
			"to": [16, 16, 16],
			"faces": {
				"north": {"uv": [0, 0, 16, 16], "texture": "#5", "cullface": "north"},
				"east": {"uv": [0, 0, 16, 16], "texture": "#5", "cullface": "east"},
				"south": {"uv": [0, 0, 16, 16], "texture": "#5", "cullface": "south"},
				"west": {"uv": [0, 0, 16, 16], "texture": "#5", "cullface": "west"},
				"up": {"uv": [16, 16, 0, 0], "texture": "#5", "cullface": "up"},
				"down": {"uv": [0, 0, 16, 16], "texture": "#5", "cullface": "down"}
			}
		},
		{
			"from": [7.54511, -7.25, -4.77306],
			"to": [7.54511, 23.75, 22.22694],
			"shade": false,
			"rotation": {"angle": -22.5, "axis": "y", "origin": [8.26461, 12, 9.26498], "rescale": true},
			"faces": {
				"east": {"uv": [4.19327, 4.3125, 10.94327, 11.5625], "texture": "#3"},
				"west": {"uv": [4.44327, 4.3125, 11.19327, 11.5625], "texture": "#3"}
			}
		},
		{
			"from": [-7.02371, -8.25, 8.80934],
			"to": [22.97629, 22.75, 8.80934],
			"shade": false,
			"rotation": {"angle": -22.5, "axis": "y", "origin": [8.26461, 12, 9.26498], "rescale": true},
			"faces": {
				"north": {"uv": [3.88093, 4.3125, 11.38093, 11.8125], "texture": "#3"},
				"south": {"uv": [3.88093, 4.3125, 11.38093, 11.8125], "texture": "#3"}
			}
		}
	]
}