{
	"credit": "Made with Blockbench",
	"parent": "block/block",
	"texture_size": [64, 64],
	"textures": {
		"2": "block/ysbb_leaves/jungle_leaves000",
		"3": "block/ysbb_leaves/jungle_leaves000000000",
		"particle": "block/ysbb_leaves/jungle1"
	},
	"elements": [
		{
			"from": [0, 0, 0],
			"to": [16, 16, 16],
			"faces": {
				"north": {"uv": [0, 0, 16, 16], "texture": "#2", "cullface": "north"},
				"east": {"uv": [0, 0, 16, 16], "texture": "#2", "cullface": "east"},
				"south": {"uv": [0, 0, 16, 16], "texture": "#2", "cullface": "south"},
				"west": {"uv": [0, 0, 16, 16], "texture": "#2", "cullface": "west"},
				"up": {"uv": [0, 0, 16, 16], "texture": "#2", "cullface": "up"},
				"down": {"uv": [0, 0, 16, 16], "texture": "#2", "cullface": "down"}
			}
		},
		{
			"from": [-7.25, -5, 4.5],
			"to": [18.75, 21, 4.5],
			"shade": false,
			"rotation": {"angle": 22.5, "axis": "y", "origin": [13, 13, 0]},
			"faces": {
				"north": {"uv": [11.5, 4.25, 4, 11.5], "texture": "#3"},
				"south": {"uv": [4, 4.25, 11.5, 11.5], "texture": "#3"}
			}
		},
		{
			"from": [8, -4.25, -5.25],
			"to": [8, 20.75, 20.75],
			"shade": false,
			"rotation": {"angle": 22.5, "axis": "y", "origin": [8.25492, 8.5, 6.83624]},
			"faces": {
				"east": {"uv": [4, 4.5, 11.5, 11.5], "texture": "#3"},
				"west": {"uv": [4, 4.5, 11.5, 11.5], "texture": "#3"}
			}
		}
	],
	"groups": [
		{
			"name": "group",
			"origin": [8, 9, 8],
			"color": 0,
			"children": [0]
		},
		1,
		2
	]
}