{
	"credit": "Made with Blockbench",
	"parent": "block/block",

	"texture_size": [64, 64],
	"textures": {
		"0": "block/ysbb_leaves/pale_oak_leaves",
		"1": "block/ysbb_leaves/pale_oak_leaves0",
		"particle": "block/ysbb_leaves/pale_oak_leaves"
	},
	"elements": [
		{
			"from": [0, 0, 0],
			"to": [16, 16, 16],
			"faces": {
				"north": {"uv": [0, 0, 16, 16], "texture": "#0", "cullface": "north"},
				"east": {"uv": [0, 0, 16, 16], "texture": "#0", "cullface": "east"},
				"south": {"uv": [0, 0, 16, 16], "texture": "#0", "cullface": "south"},
				"west": {"uv": [0, 0, 16, 16], "texture": "#0", "cullface": "west"},
				"up": {"uv": [0, 0, 16, 16], "texture": "#0", "cullface": "up"},
				"down": {"uv": [0, 0, 16, 16], "texture": "#0", "cullface": "down"}
			}
		},
		{
			"from": [8, -5, -4.9],
			"to": [8, 21, 21.1],
			"shade": false,
			"rotation": {"angle": 22.5, "axis": "y", "origin": [8.25, 8.5, 7.4]},
			"faces": {
				"east": {"uv": [5.75, 9, 12.25, 15], "texture": "#1"},
				"west": {"uv": [5.6875, 9, 12.1875, 15], "texture": "#1"}
			}
		},
		{
			"from": [-8.75, -5, 9.5],
			"to": [17.25, 21, 9.5],
			"shade": false,
			"rotation": {"angle": 22.5, "axis": "y", "origin": [-0.25, 0, 0]},
			"faces": {
				"north": {"uv": [5.75, 9, 12.25, 15], "texture": "#1"},
				"south": {"uv": [5.75, 9, 12.25, 15], "texture": "#1"}
			}
		}
	]
}