{
	"credit": "Made with Blockbench",
	"parent": "block/block",
	"texture_size": [64, 64],
	"textures": {
		"0": "block/ysbb_leaves/spruce_leaves000",
		"1": "block/ysbb_leaves/spruce_leaves000000",
		"particle": "block/ysbb_leaves/spruce_leaves000"
	},
	"elements": [
		{
			"from": [0, 0, 0],
			"to": [16, 16, 16],
			"faces": {
				"north": {"uv": [0, 0, 16, 16], "texture": "#0", "cullface": "north"},
				"east": {"uv": [0, 0, 16, 16], "texture": "#0", "cullface": "east"},
				"south": {"uv": [0, 0, 16, 16], "texture": "#0", "cullface": "south"},
				"west": {"uv": [0, 0, 16, 16], "texture": "#0", "cullface": "west"},
				"up": {"uv": [0, 0, 16, 16], "texture": "#0", "cullface": "up"},
				"down": {"uv": [0, 0, 16, 16], "texture": "#0", "cullface": "down"}
			}
		},
		{
			"from": [10.25, -11, -4.25],
			"to": [10.25, 17, 20.75],
			"shade": false,
			"rotation": {"angle": 22.5, "axis": "y", "origin": [8, 12, 13]},
			"faces": {
				"east": {"uv": [4.75, 4.75, 11.3125, 11.5], "texture": "#1"},
				"west": {"uv": [4.5625, 4.8125, 11.0625, 11.5625], "texture": "#1"}
			}
		},
		{
			"from": [-2, -8, 8.5],
			"to": [23, 17, 8.5],
			"shade": false,
			"rotation": {"angle": 22.5, "axis": "y", "origin": [8, 12, 13]},
			"faces": {
				"north": {"uv": [4.5, 4.75, 11.0625, 11.25], "texture": "#1"},
				"south": {"uv": [4.9375, 4.6875, 11.4375, 11.1875], "texture": "#1"}
			}
		}
	],
	"display": {
		"fixed": {
			"rotation": [-90, 0, 0],
			"scale": [2, 0, 2]
		}
	}
}