{
	"credit": "Made by YSBB with Blockbench",
	"parent": "block/cube_all",
	"textures": {
		"0": "block/ysbb_note/custom_head1",
		"particle": "block/ysbb_note/custom_head1"
	},
	"elements": [
		{
			"from": [-0.01, 7.99, 4.99],
			"to": [16.01, 14.01, 11.01],
			"faces": {
				"east": {"uv": [5, 2, 11.02, 8.02], "texture": "#0", "cullface": "east"},
				"west": {"uv": [5, 2, 11.02, 8.02], "texture": "#0", "cullface": "west"}
			}
		},
		{
			"from": [4.99, 7.99, -0.01],
			"to": [11.01, 14.01, 16.01],
			"rotation": {"angle": 0, "axis": "y", "origin": [8, 12, 8]},
			"faces": {
				"north": {"uv": [5, 2, 11.02, 8.02], "texture": "#0", "cullface": "north"},
				"south": {"uv": [5, 2, 11.02, 8.02], "texture": "#0", "cullface": "south"}
			}
		},
		{
			"from": [5, -0.01, 8],
			"to": [11, -0.01, 14],
			"rotation": {"angle": 0, "axis": "x", "origin": [8, 0, 12]},
			"faces": {
				"down": {"uv": [5, 2, 11, 8], "texture": "#0", "cullface": "down"}
			}
		}
	]
}