{
	"credit": "Made by YSBB with Blockbench",
	"parent": "block/cube_all",
	"textures": {
		"0": "block/ysbb_note/piglin0",
		"particle": "block/ysbb_note/piglin0"
	},
	"elements": [
		{
			"from": [-0.01, 8.99, 3.49],
			"to": [16.01, 13.51, 12.51],
			"rotation": {"angle": 0, "axis": "y", "origin": [0, 0, 0.5]},
			"faces": {
				"east": {"uv": [3.5, 2.5, 12.52, 7.02], "texture": "#0", "cullface": "east"},
				"west": {"uv": [3.5, 2.5, 12.52, 7.02], "texture": "#0", "cullface": "west"}
			}
		},
		{
			"from": [-0.01, 7.99, 4.49],
			"to": [16.01, 14.01, 11.51],
			"rotation": {"angle": 0, "axis": "y", "origin": [0, 0, 0.5]},
			"faces": {
				"east": {"uv": [4.5, 2, 11.52, 8.02], "texture": "#0", "cullface": "east"},
				"west": {"uv": [4.5, 2, 11.52, 8.02], "texture": "#0", "cullface": "west"}
			}
		},
		{
			"from": [3.49, 8.99, -0.01],
			"to": [12.51, 13.51, 16.01],
			"rotation": {"angle": 0, "axis": "y", "origin": [8.5, 12, 8]},
			"faces": {
				"north": {"uv": [3.5, 2.5, 12.52, 7.02], "texture": "#0", "cullface": "north"},
				"south": {"uv": [3.5, 2.5, 12.52, 7.02], "texture": "#0", "cullface": "south"}
			}
		},
		{
			"from": [4.49, 7.99, -0.01],
			"to": [11.51, 14.01, 16.01],
			"rotation": {"angle": 0, "axis": "y", "origin": [8.5, 12, 8]},
			"faces": {
				"north": {"uv": [4.5, 2, 11.52, 8.02], "texture": "#0", "cullface": "north"},
				"south": {"uv": [4.5, 2, 11.52, 8.02], "texture": "#0", "cullface": "south"}
			}
		},
		{
			"from": [4.5, -0.01, 8],
			"to": [11.5, -0.01, 14],
			"rotation": {"angle": 0, "axis": "x", "origin": [8.5, 0, 12]},
			"faces": {
				"down": {"uv": [4.5, 2, 11.5, 8], "texture": "#0", "cullface": "down"}
			}
		},
		{
			"from": [3.5, -0.01, 9],
			"to": [12.5, -0.01, 13.5],
			"rotation": {"angle": 0, "axis": "x", "origin": [8.5, 0, 12]},
			"faces": {
				"down": {"uv": [3.5, 2.5, 12.5, 7], "texture": "#0", "cullface": "down"}
			}
		}
	]
}