{
	"credit": "by YSBB  2024",
	"textures": {
		"particle": "block/ysbb_barrel/barrel_bottom",
		"bottom": "block/ysbb_barrel/barrel_bottom",
		"side": "block/ysbb_barrel/barrel_side2",
		"top": "block/ysbb_barrel/barrel_top"
	},
	"elements": [
		{
			"from": [0, 0, 0],
			"to": [16, 16, 16],
			"rotation": {"angle": 0, "axis": "z", "origin": [8, 8, 8]},
			"faces": {
				"north": {"uv": [16, 0, 0, 16], "rotation": 270, "texture": "#side", "cullface": "north"},
				"east": {"uv": [0, 16, 16, 0], "texture": "#top", "cullface": "east"},
				"south": {"uv": [16, 0, 0, 16], "rotation": 90, "texture": "#side", "cullface": "south"},
				"west": {"uv": [0, 0, 16, 16], "rotation": 90, "texture": "#bottom", "cullface": "west"},
				"up": {"uv": [16, 0, 0, 16], "rotation": 90, "texture": "#side", "cullface": "up"},
				"down": {"uv": [16, 0, 0, 16], "rotation": 90, "texture": "#side", "cullface": "down"}
			}
		}
	]
}