{
	"credit": "by YSBB  2024",
	"ambientocclusion": false,
	"textures": {
		"bottom": "block/ysbb_ancient_debris/ancient_debris_top",
		"particle": "block/ysbb_ancient_debris/ancient_debris_side",
		"side": "block/ysbb_ancient_debris/ancient_debris_side"
	},
	"elements": [
		{
			"from": [0, 0, 0],
			"to": [16, 16, 16],
			"shade": false,
			"rotation": {"angle": 0, "axis": "y", "origin": [-0.75, -0.8, -0.75]},
			"faces": {
				"north": {"uv": [0, 0, 16, 16], "texture": "#side", "cullface": "north"},
				"east": {"uv": [0, 0, 16, 16], "texture": "#side", "cullface": "east"},
				"south": {"uv": [0, 0, 16, 16], "texture": "#side", "cullface": "south"},
				"west": {"uv": [0, 0, 16, 16], "texture": "#side", "cullface": "west"},
				"up": {"uv": [0, 0, 16, 16], "texture": "#bottom", "cullface": "up"},
				"down": {"uv": [0, 0, 16, 16], "texture": "#bottom", "cullface": "down"}
			}
		}
	]
}