{
	"credit": "Made with Blockbench",
	"textures": {
		"particle": "block/brewing/brewing_stand",
		"stand": "block/brewing/brewing_stand"
	},
	"elements": [
		{
			"from": [6.50298, 2.95, 8.49702],
			"to": [7.50298, 13.95, 9.49702],
			"rotation": {"angle": -45, "axis": "y", "origin": [7.00298, 0, 8.99702]},
			"faces": {
				"north": {"uv": [6, 2, 7, 13], "texture": "#stand"},
				"east": {"uv": [6, 2, 7, 13], "texture": "#stand"},
				"south": {"uv": [6, 2, 7, 13], "texture": "#stand"},
				"west": {"uv": [7, 2, 6, 13], "texture": "#stand"},
				"up": {"uv": [7, 2, 6, 3], "rotation": 90, "texture": "#stand"},
				"down": {"uv": [6, 12, 7, 13], "rotation": 270, "texture": "#stand"}
			}
		},
		{
			"from": [6.50298, 12, 9.49702],
			"to": [7.50298, 15, 10.49702],
			"rotation": {"angle": -45, "axis": "y", "origin": [7.00298, 0, 8.99702]},
			"faces": {
				"north": {"uv": [4, 1, 5, 4], "texture": "#stand"},
				"east": {"uv": [4, 1, 5, 4], "texture": "#stand"},
				"west": {"uv": [4, 1, 5, 4], "texture": "#stand"},
				"up": {"uv": [4, 1, 5, 2], "rotation": 90, "texture": "#stand"},
				"down": {"uv": [4, 3, 5, 4], "rotation": 270, "texture": "#stand"}
			}
		},
		{
			"from": [7.00298, 6, 10.49702],
			"to": [7.00298, 16, 11.49702],
			"rotation": {"angle": -45, "axis": "y", "origin": [7.00298, 0, 8.99702]},
			"faces": {
				"east": {"uv": [12, 0, 13, 10], "texture": "#stand"},
				"west": {"uv": [12, 0, 13, 10], "texture": "#stand"}
			}
		},
		{
			"from": [6.50298, 12, 10.49702],
			"to": [7.50298, 16, 11.49702],
			"rotation": {"angle": -45, "axis": "y", "origin": [7.00298, 0, 8.99702]},
			"faces": {
				"north": {"uv": [12, 0, 13, 4], "texture": "#stand"},
				"east": {"uv": [12, 0, 13, 4], "texture": "#stand"},
				"south": {"uv": [12, 0, 13, 4], "texture": "#stand"},
				"west": {"uv": [12, 0, 13, 4], "texture": "#stand"},
				"up": {"uv": [12, 0, 13, 1], "rotation": 90, "texture": "#stand"},
				"down": {"uv": [12, 3, 13, 4], "rotation": 270, "texture": "#stand"}
			}
		},
		{
			"from": [6.50298, 6, 10.49702],
			"to": [7.50298, 8, 11.49702],
			"rotation": {"angle": -45, "axis": "y", "origin": [7.00298, 0, 8.99702]},
			"faces": {
				"north": {"uv": [12, 8, 13, 10], "texture": "#stand"},
				"east": {"uv": [12, 8, 13, 10], "texture": "#stand"},
				"south": {"uv": [12, 8, 13, 10], "texture": "#stand"},
				"west": {"uv": [12, 8, 13, 10], "texture": "#stand"},
				"up": {"uv": [12, 0, 13, 1], "rotation": 90, "texture": "#stand"},
				"down": {"uv": [12, 9, 13, 10], "rotation": 270, "texture": "#stand"}
			}
		},
		{
			"from": [6.50298, 11, 11.49702],
			"to": [7.50298, 13, 12.49702],
			"rotation": {"angle": -45, "axis": "y", "origin": [7.00298, 0, 8.99702]},
			"faces": {
				"east": {"uv": [13, 3, 14, 5], "texture": "#stand"},
				"south": {"uv": [2, 3, 3, 5], "texture": "#stand"},
				"west": {"uv": [13, 3, 14, 5], "texture": "#stand"},
				"up": {"uv": [13, 3, 14, 4], "rotation": 90, "texture": "#stand"},
				"down": {"uv": [13, 4, 14, 5], "rotation": 270, "texture": "#stand"}
			}
		}
	],
	"display": {
		"thirdperson_righthand": {
			"rotation": [75, 45, 0],
			"translation": [0, 1.5, 2.75],
			"scale": [0.5, 0.5, 0.5]
		},
		"thirdperson_lefthand": {
			"rotation": [75, 45, 0],
			"translation": [0, 1.5, 2.75],
			"scale": [0.5, 0.5, 0.5]
		},
		"firstperson_righthand": {
			"rotation": [0, -45, 0],
			"translation": [0, 4, 0],
			"scale": [0.5, 0.5, 0.5]
		},
		"firstperson_lefthand": {
			"rotation": [0, -45, 0],
			"translation": [0, 4, 0],
			"scale": [0.5, 0.5, 0.5]
		},
		"ground": {
			"translation": [0, 2, 0],
			"scale": [0.5, 0.5, 0.5]
		},
		"gui": {
			"rotation": [30, -45, 0],
			"translation": [0, 3.25, 0]
		},
		"head": {
			"translation": [0, 14.4, 0]
		},
		"fixed": {
			"rotation": [-90, 0, 0],
			"translation": [0, 0, -8]
		}
	}
}