{
	"credit": "Made with Blockbench",
	"textures": {
		"1": "block/brewing/brewing_stand1",
		"particle": "block/brewing/brewing_stand1",
		"stand": "block/brewing/brewing_stand"
	},
	"elements": [
		{
			"from": [14.52747, 2.95, 2.46822],
			"to": [15.52747, 13.95, 3.46822],
			"rotation": {"angle": 45, "axis": "y", "origin": [15.77747, 0, 14.71822]},
			"faces": {
				"north": {"uv": [6, 2, 7, 13], "texture": "#stand"},
				"east": {"uv": [7, 2, 6, 13], "texture": "#stand"},
				"south": {"uv": [6, 2, 7, 13], "texture": "#stand"},
				"west": {"uv": [6, 2, 7, 13], "texture": "#stand"},
				"up": {"uv": [7, 2, 6, 3], "rotation": 270, "texture": "#stand"},
				"down": {"uv": [6, 12, 7, 13], "rotation": 90, "texture": "#stand"}
			}
		},
		{
			"from": [14.52747, 12, 1.46822],
			"to": [15.52747, 15, 2.46822],
			"rotation": {"angle": 45, "axis": "y", "origin": [15.77747, 0, 14.71822]},
			"faces": {
				"east": {"uv": [4, 1, 5, 4], "texture": "#stand"},
				"south": {"uv": [4, 1, 5, 4], "texture": "#stand"},
				"west": {"uv": [4, 1, 5, 4], "texture": "#stand"},
				"up": {"uv": [4, 1, 5, 2], "rotation": 270, "texture": "#stand"},
				"down": {"uv": [4, 3, 5, 4], "rotation": 90, "texture": "#stand"}
			}
		},
		{
			"from": [14.52747, 12, 0.46822],
			"to": [15.52747, 16, 1.46822],
			"rotation": {"angle": 45, "axis": "y", "origin": [15.77747, 0, 14.71822]},
			"faces": {
				"north": {"uv": [3, 0, 4, 4], "texture": "#stand"},
				"east": {"uv": [3, 0, 4, 4], "texture": "#stand"},
				"south": {"uv": [3, 0, 4, 4], "texture": "#stand"},
				"west": {"uv": [3, 0, 4, 4], "texture": "#stand"},
				"up": {"uv": [3, 0, 4, 1], "rotation": 270, "texture": "#stand"},
				"down": {"uv": [3, 3, 4, 4], "rotation": 90, "texture": "#stand"}
			}
		},
		{
			"from": [15.02747, 10, 0.46822],
			"to": [15.02747, 16, 1.46822],
			"rotation": {"angle": 45, "axis": "y", "origin": [15.77747, 0, 14.71822]},
			"faces": {
				"east": {"uv": [3, 0, 4, 6], "texture": "#stand"},
				"west": {"uv": [3, 0, 4, 6], "texture": "#stand"}
			}
		},
		{
			"from": [14.52747, 7, -0.53178],
			"to": [15.52747, 10, 0.46822],
			"rotation": {"angle": 45, "axis": "y", "origin": [15.77747, 0, 14.71822]},
			"faces": {
				"north": {"uv": [2, 6, 3, 9], "texture": "#stand"},
				"east": {"uv": [2, 6, 3, 9], "texture": "#stand"},
				"south": {"uv": [2, 6, 3, 9], "texture": "#stand"},
				"west": {"uv": [2, 6, 3, 9], "texture": "#stand"},
				"up": {"uv": [2, 6, 3, 7], "rotation": 270, "texture": "#stand"}
			}
		},
		{
			"from": [3.25, 8, 3.25],
			"to": [6.25, 9, 6.25],
			"rotation": {"angle": 0, "axis": "y", "origin": [3.625, 6.625, 5.125]},
			"faces": {
				"north": {"uv": [13, 13, 16, 14], "texture": "#1"},
				"east": {"uv": [13, 13, 16, 14], "texture": "#1"},
				"south": {"uv": [13, 13, 16, 14], "texture": "#1"},
				"west": {"uv": [13, 13, 16, 14], "texture": "#1"},
				"up": {"uv": [13, 13, 16, 14], "rotation": 90, "texture": "#1"},
				"down": {"uv": [13, 13, 16, 14], "rotation": 270, "texture": "#1"}
			}
		},
		{
			"from": [3.5, 7, 3.5],
			"to": [6, 8, 6],
			"rotation": {"angle": 0, "axis": "y", "origin": [3.625, 6.625, 5.125]},
			"faces": {
				"north": {"uv": [1, 8, 4, 9], "texture": "#1"},
				"east": {"uv": [1, 8, 4, 9], "texture": "#1"},
				"south": {"uv": [1, 8, 4, 9], "texture": "#1"},
				"west": {"uv": [1, 8, 4, 9], "texture": "#1"}
			}
		},
		{
			"from": [2.62, 3, 2.62],
			"to": [6.87, 7, 6.87],
			"rotation": {"angle": 0, "axis": "y", "origin": [4.745, 5, 4.745]},
			"faces": {
				"north": {"uv": [11, 8, 16, 13], "texture": "#1"},
				"east": {"uv": [11, 8, 16, 13], "texture": "#1"},
				"south": {"uv": [11, 8, 16, 13], "texture": "#1"},
				"west": {"uv": [11, 8, 16, 13], "texture": "#1"},
				"up": {"uv": [11, 8, 16, 13], "rotation": 90, "texture": "#1"},
				"down": {"uv": [11, 8, 16, 13], "rotation": 270, "texture": "#1"}
			}
		},
		{
			"from": [14.52747, 11, -0.53178],
			"to": [15.52747, 13, 0.46822],
			"rotation": {"angle": 45, "axis": "y", "origin": [15.77747, 0, 14.71822]},
			"faces": {
				"north": {"uv": [2, 3, 3, 5], "texture": "#stand"},
				"east": {"uv": [2, 3, 3, 5], "texture": "#stand"},
				"south": {"uv": [3, 2, 4, 4], "texture": "#1"},
				"west": {"uv": [2, 3, 3, 5], "texture": "#stand"},
				"up": {"uv": [2, 3, 3, 4], "rotation": 270, "texture": "#stand"},
				"down": {"uv": [2, 4, 3, 5], "rotation": 90, "texture": "#stand"}
			}
		}
	],
	"display": {
		"thirdperson_righthand": {
			"rotation": [75, 45, 0],
			"translation": [0, 1.5, 2.75],
			"scale": [0.5, 0.5, 0.5]
		},
		"thirdperson_lefthand": {
			"rotation": [75, 45, 0],
			"translation": [0, 1.5, 2.75],
			"scale": [0.5, 0.5, 0.5]
		},
		"firstperson_righthand": {
			"rotation": [0, -45, 0],
			"translation": [0, 4, 0],
			"scale": [0.5, 0.5, 0.5]
		},
		"firstperson_lefthand": {
			"rotation": [0, -45, 0],
			"translation": [0, 4, 0],
			"scale": [0.5, 0.5, 0.5]
		},
		"ground": {
			"translation": [0, 2, 0],
			"scale": [0.5, 0.5, 0.5]
		},
		"gui": {
			"rotation": [30, -45, 0],
			"translation": [0, 3.25, 0]
		},
		"head": {
			"translation": [0, 14.4, 0]
		},
		"fixed": {
			"rotation": [-90, 0, 0],
			"translation": [0, 0, -8]
		}
	},
	"groups": [
		{
			"name": "potion",
			"origin": [8, 8, 8],
			"color": 0,
			"children": [
				{
					"name": "potion",
					"origin": [8, 8, 8],
					"color": 0,
					"children": []
				}
			]
		},
		0,
		1,
		2,
		3,
		4,
		5,
		6,
		7,
		8
	]
}