{
	"credit": "Made with Blockbench",
	"parent": "minecraft:block/cube_top",
	"textures": {
		"top": "block/jukebox/jukebox_top1",
		"particle": "block/jukebox/jukebox_side1",
		"side": "block/jukebox/jukebox_side1"
	},
	"elements": [
		{
			"from": [9, 0, 0],
			"to": [16, 16, 16],
			"faces": {
				"north": {"uv": [0, 0, 7, 16], "texture": "#side"},
				"east": {"uv": [0, 0, 16, 16], "texture": "#side"},
				"south": {"uv": [9, 0, 16, 16], "texture": "#side"},
				"west": {"uv": [7, 3, 8, 4], "texture": "#top"},
				"up": {"uv": [9, 0, 16, 16], "texture": "#top"},
				"down": {"uv": [9, 0, 16, 16], "texture": "#side"}
			}
		},
		{
			"from": [0, 0, 0],
			"to": [7, 16, 16],
			"faces": {
				"north": {"uv": [9, 0, 16, 16], "texture": "#side"},
				"east": {"uv": [8, 3, 9, 4], "texture": "#top"},
				"south": {"uv": [0, 0, 7, 16], "texture": "#side"},
				"west": {"uv": [0, 0, 16, 16], "texture": "#side"},
				"up": {"uv": [0, 0, 7, 16], "texture": "#top"},
				"down": {"uv": [0, 0, 7, 16], "texture": "#side"}
			}
		},
		{
			"from": [7, 0, 0],
			"to": [9, 16, 3],
			"faces": {
				"north": {"uv": [7, 0, 9, 16], "texture": "#side"},
				"south": {"uv": [7, 3, 8, 5], "texture": "#top"},
				"up": {"uv": [7, 0, 9, 3], "texture": "#top"},
				"down": {"uv": [7, 13, 9, 16], "texture": "#side"}
			}
		},
		{
			"from": [7, 0, 13],
			"to": [9, 16, 16],
			"faces": {
				"north": {"uv": [7, 3, 8, 5], "texture": "#top"},
				"south": {"uv": [7, 0, 9, 16], "texture": "#side"},
				"up": {"uv": [7, 13, 9, 16], "texture": "#top"},
				"down": {"uv": [7, 0, 9, 3], "texture": "#side"}
			}
		},
		{
			"from": [7, 0, 3],
			"to": [9, 8, 13],
			"faces": {
				"up": {"uv": [15, 12, 16, 14], "texture": "#top"},
				"down": {"uv": [7, 3, 9, 13], "texture": "#side"}
			}
		}
	]
}