{
	"credit": "Made by YSBB with Blockbench",
	"parent": "minecraft:block/cube_top",
	"textures": {
		"3": "block/jukebox/jukebox1",
		"top": "block/jukebox/jukebox_top1",
		"particle": "block/jukebox/jukebox_side1",
		"side": "block/jukebox/jukebox_side1"
	},
	"elements": [
		{
			"from": [9, 0, 0],
			"to": [16, 16, 16],
			"faces": {
				"north": {"uv": [0, 0, 7, 16], "texture": "#side"},
				"east": {"uv": [0, 0, 16, 16], "texture": "#side"},
				"south": {"uv": [9, 0, 16, 16], "texture": "#side"},
				"west": {"uv": [8, 7, 9, 10], "texture": "#top"},
				"up": {"uv": [9, 0, 16, 16], "texture": "#top"},
				"down": {"uv": [9, 0, 16, 16], "texture": "#side"}
			}
		},
		{
			"from": [0, 0, 0],
			"to": [7, 16, 16],
			"faces": {
				"north": {"uv": [9, 0, 16, 16], "texture": "#side"},
				"east": {"uv": [7, 5, 8, 9], "texture": "#top"},
				"south": {"uv": [0, 0, 7, 16], "texture": "#side"},
				"west": {"uv": [0, 0, 16, 16], "texture": "#side"},
				"up": {"uv": [0, 0, 7, 16], "texture": "#top"},
				"down": {"uv": [0, 0, 7, 16], "texture": "#side"}
			}
		},
		{
			"from": [7, 0, 0],
			"to": [9, 16, 3],
			"faces": {
				"north": {"uv": [7, 0, 9, 16], "texture": "#side"},
				"south": {"uv": [8, 6, 9, 10], "texture": "#top"},
				"up": {"uv": [7, 0, 9, 3], "texture": "#top"},
				"down": {"uv": [7, 13, 9, 16], "texture": "#side"}
			}
		},
		{
			"from": [7, 0, 13],
			"to": [9, 16, 16],
			"faces": {
				"north": {"uv": [7, 6, 8, 10], "texture": "#top"},
				"south": {"uv": [7, 0, 9, 16], "texture": "#side"},
				"up": {"uv": [7, 13, 9, 16], "texture": "#top"},
				"down": {"uv": [7, 0, 9, 3], "texture": "#side"}
			}
		},
		{
			"from": [7, 0, 3],
			"to": [9, 8, 13],
			"faces": {
				"up": {"uv": [7, 5, 9, 11], "texture": "#top"},
				"down": {"uv": [7, 3, 9, 13], "texture": "#side"}
			}
		},
		{
			"from": [7.5, 14, 3],
			"to": [8.5, 17, 13],
			"faces": {
				"north": {"uv": [3, 6, 4, 7], "texture": "#3"},
				"east": {"uv": [3, 6, 13, 7], "texture": "#3"},
				"south": {"uv": [12, 6, 13, 7], "texture": "#3"},
				"west": {"uv": [3, 6, 13, 7], "texture": "#3"},
				"up": {"uv": [3, 6, 13, 7], "rotation": 90, "texture": "#3"}
			}
		},
		{
			"from": [7.5, 17, 4],
			"to": [8.5, 18, 12],
			"faces": {
				"north": {"uv": [11, 5, 12, 6], "texture": "#3"},
				"east": {"uv": [4, 5, 12, 6], "texture": "#3"},
				"south": {"uv": [4, 5, 5, 6], "texture": "#3"},
				"west": {"uv": [4, 5, 12, 6], "texture": "#3"},
				"up": {"uv": [4, 5, 12, 6], "rotation": 90, "texture": "#3"}
			}
		},
		{
			"from": [7.5, 18, 5],
			"to": [8.5, 19, 11],
			"faces": {
				"north": {"uv": [5, 4, 6, 5], "texture": "#3"},
				"east": {"uv": [5, 4, 11, 5], "texture": "#3"},
				"south": {"uv": [10, 4, 11, 5], "texture": "#3"},
				"west": {"uv": [11, 4, 5, 5], "texture": "#3"},
				"up": {"uv": [11, 4, 5, 5], "rotation": 90, "texture": "#3"}
			}
		}
	]
}