{
  "variants": {

    "facing=up,open=false": {"model": "minecraft:block/ysbb_barrel/barrel1"},
    "facing=down,open=false": {"model": "minecraft:block/ysbb_barrel/barrel2"},

    "facing=north,open=false": {"model": "minecraft:block/ysbb_barrel/barrel3"},
    "facing=south,open=false": {"model": "minecraft:block/ysbb_barrel/barrel4"},

    "facing=east,open=false": {"model": "minecraft:block/ysbb_barrel/barrel6"},
    "facing=west,open=false": {"model": "minecraft:block/ysbb_barrel/barrel5"},





    "facing=up,open=true": {"model": "minecraft:block/ysbb_barrel/barrel_open1"},
    "facing=down,open=true": {"model": "minecraft:block/ysbb_barrel/barrel_open2"},

    "facing=north,open=true": {"model": "minecraft:block/ysbb_barrel/barrel_open3"},
    "facing=south,open=true": {"model": "minecraft:block/ysbb_barrel/barrel_open4"},

    "facing=east,open=true": {"model": "minecraft:block/ysbb_barrel/barrel_open6"},
    "facing=west,open=true": {"model": "minecraft:block/ysbb_barrel/barrel_open5"}
  }
}