{
    "variants": {
        "facing=north,honey_level=0": { "model": "block/ysbb_bee_nest/bee_nest0" },
        "facing=south,honey_level=0": { "model": "block/ysbb_bee_nest/bee_nest0", "y": 180 },
        "facing=west,honey_level=0":  { "model": "block/ysbb_bee_nest/bee_nest0", "y": 270 },
        "facing=east,honey_level=0":  { "model": "block/ysbb_bee_nest/bee_nest0", "y": 90 },

        "facing=north,honey_level=1": { "model": "block/ysbb_bee_nest/bee_nest1" },
        "facing=south,honey_level=1": { "model": "block/ysbb_bee_nest/bee_nest1", "y": 180 },
        "facing=west,honey_level=1":  { "model": "block/ysbb_bee_nest/bee_nest1", "y": 270 },
        "facing=east,honey_level=1":  { "model": "block/ysbb_bee_nest/bee_nest1", "y": 90 },

        "facing=north,honey_level=2": { "model": "block/ysbb_bee_nest/bee_nest2" },
        "facing=south,honey_level=2": { "model": "block/ysbb_bee_nest/bee_nest2", "y": 180 },
        "facing=west,honey_level=2":  { "model": "block/ysbb_bee_nest/bee_nest2", "y": 270 },
        "facing=east,honey_level=2":  { "model": "block/ysbb_bee_nest/bee_nest2", "y": 90 },

        "facing=north,honey_level=3": { "model": "block/ysbb_bee_nest/bee_nest3" },
        "facing=south,honey_level=3": { "model": "block/ysbb_bee_nest/bee_nest3", "y": 180 },
        "facing=west,honey_level=3":  { "model": "block/ysbb_bee_nest/bee_nest3", "y": 270 },
        "facing=east,honey_level=3":  { "model": "block/ysbb_bee_nest/bee_nest3", "y": 90 },

        "facing=north,honey_level=4": { "model": "block/ysbb_bee_nest/bee_nest4" },
        "facing=south,honey_level=4": { "model": "block/ysbb_bee_nest/bee_nest4", "y": 180 },
        "facing=west,honey_level=4":  { "model": "block/ysbb_bee_nest/bee_nest4", "y": 270 },
        "facing=east,honey_level=4":  { "model": "block/ysbb_bee_nest/bee_nest4", "y": 90 },

        "facing=north,honey_level=5": { "model": "block/ysbb_bee_nest/bee_nest5" },
        "facing=south,honey_level=5": { "model": "block/ysbb_bee_nest/bee_nest5", "y": 180 },
        "facing=west,honey_level=5":  { "model": "block/ysbb_bee_nest/bee_nest5", "y": 270 },
        "facing=east,honey_level=5":  { "model": "block/ysbb_bee_nest/bee_nest5", "y": 90 }
    }
}
