{
    "variants": {
        "facing=north,honey_level=0": { "model": "block/ysbb_beehive/beehive0" },
        "facing=south,honey_level=0": { "model": "block/ysbb_beehive/beehive0", "y": 180 },
        "facing=west,honey_level=0":  { "model": "block/ysbb_beehive/beehive0", "y": 270 },
        "facing=east,honey_level=0":  { "model": "block/ysbb_beehive/beehive0", "y": 90 },

        "facing=north,honey_level=1": { "model": "block/ysbb_beehive/beehive1" },
        "facing=south,honey_level=1": { "model": "block/ysbb_beehive/beehive1", "y": 180 },
        "facing=west,honey_level=1":  { "model": "block/ysbb_beehive/beehive1", "y": 270 },
        "facing=east,honey_level=1":  { "model": "block/ysbb_beehive/beehive1", "y": 90 },

        "facing=north,honey_level=2": { "model": "block/ysbb_beehive/beehive2" },
        "facing=south,honey_level=2": { "model": "block/ysbb_beehive/beehive2", "y": 180 },
        "facing=west,honey_level=2":  { "model": "block/ysbb_beehive/beehive2", "y": 270 },
        "facing=east,honey_level=2":  { "model": "block/ysbb_beehive/beehive2", "y": 90 },

        "facing=north,honey_level=3": { "model": "block/ysbb_beehive/beehive3" },
        "facing=south,honey_level=3": { "model": "block/ysbb_beehive/beehive3", "y": 180 },
        "facing=west,honey_level=3":  { "model": "block/ysbb_beehive/beehive3", "y": 270 },
        "facing=east,honey_level=3":  { "model": "block/ysbb_beehive/beehive3", "y": 90 },

        "facing=north,honey_level=4": { "model": "block/ysbb_beehive/beehive4" },
        "facing=south,honey_level=4": { "model": "block/ysbb_beehive/beehive4", "y": 180 },
        "facing=west,honey_level=4":  { "model": "block/ysbb_beehive/beehive4", "y": 270 },
        "facing=east,honey_level=4":  { "model": "block/ysbb_beehive/beehive4", "y": 90 },

        "facing=north,honey_level=5": { "model": "block/ysbb_beehive/beehive5" },
        "facing=south,honey_level=5": { "model": "block/ysbb_beehive/beehive5", "y": 180 },
        "facing=west,honey_level=5":  { "model": "block/ysbb_beehive/beehive5", "y": 270 },
        "facing=east,honey_level=5":  { "model": "block/ysbb_beehive/beehive5", "y": 90 }
    }
}
