{
  "variants": {
    "inverted=false,power=0": {
      "model": "minecraft:block/ysbb_daylight_detector/d0"
    },
	  "inverted=false,power=1": {
      "model": "minecraft:block/ysbb_daylight_detector/d1"
    },
	  "inverted=false,power=2": {
      "model": "minecraft:block/ysbb_daylight_detector/d2"
    },
	  "inverted=false,power=3": {
      "model": "minecraft:block/ysbb_daylight_detector/d3"
    },
	  "inverted=false,power=4": {
      "model": "minecraft:block/ysbb_daylight_detector/d4"
    },
	  "inverted=false,power=5": {
      "model": "minecraft:block/ysbb_daylight_detector/d5"
    },
	  "inverted=false,power=6": {
      "model": "minecraft:block/ysbb_daylight_detector/d6"
    },
	  "inverted=false,power=7": {
      "model": "minecraft:block/ysbb_daylight_detector/d7"
    },
	  "inverted=false,power=8": {
      "model": "minecraft:block/ysbb_daylight_detector/d8"
    },
	  "inverted=false,power=9": {
      "model": "minecraft:block/ysbb_daylight_detector/d9"
    },
	  "inverted=false,power=10": {
      "model": "minecraft:block/ysbb_daylight_detector/d10"
    },
	  "inverted=false,power=11": {
      "model": "minecraft:block/ysbb_daylight_detector/d11"
    },
	  "inverted=false,power=12": {
      "model": "minecraft:block/ysbb_daylight_detector/d12"
    },
	  "inverted=false,power=13": {
      "model": "minecraft:block/ysbb_daylight_detector/d13"
    },
	  "inverted=false,power=14": {
      "model": "minecraft:block/ysbb_daylight_detector/d14"
    },
	  "inverted=false,power=15": {
      "model": "minecraft:block/ysbb_daylight_detector/d15"
    },


	  "inverted=true,power=0": {
      "model": "minecraft:block/ysbb_daylight_detector/n0"
    },
	  "inverted=true,power=1": {
      "model": "minecraft:block/ysbb_daylight_detector/n1"
    },
	  "inverted=true,power=2": {
      "model": "minecraft:block/ysbb_daylight_detector/n2"
    },
	  "inverted=true,power=3": {
      "model": "minecraft:block/ysbb_daylight_detector/n3"
    },
	  "inverted=true,power=4": {
      "model": "minecraft:block/ysbb_daylight_detector/n4"
    },
	  "inverted=true,power=5": {
      "model": "minecraft:block/ysbb_daylight_detector/n5"
    },
	  "inverted=true,power=6": {
      "model": "minecraft:block/ysbb_daylight_detector/n6"
    },
	  "inverted=true,power=7": {
      "model": "minecraft:block/ysbb_daylight_detector/n7"
    },
	  "inverted=true,power=8": {
      "model": "minecraft:block/ysbb_daylight_detector/n8"
    },
	  "inverted=true,power=9": {
      "model": "minecraft:block/ysbb_daylight_detector/n9"
    },
	  "inverted=true,power=10": {
      "model": "minecraft:block/ysbb_daylight_detector/n10"
    },
	  "inverted=true,power=11": {
      "model": "minecraft:block/ysbb_daylight_detector/n11"
    },
	  "inverted=true,power=12": {
      "model": "minecraft:block/ysbb_daylight_detector/n12"
    },
	  "inverted=true,power=13": {
      "model": "minecraft:block/ysbb_daylight_detector/n13"
    },
	  "inverted=true,power=14": {
      "model": "minecraft:block/ysbb_daylight_detector/n14"
    },
	  "inverted=true,power=15": {
      "model": "minecraft:block/ysbb_daylight_detector/n15"
    }
    
  }
}