{
  "variants": {
"facing=down,enabled=true": {"model": "minecraft:block/ysbb_hopper/hopper1"},
"facing=down,enabled=false": {"model": "minecraft:block/ysbb_hopper/hopper1"},

"facing=east,enabled=true": {"model": "minecraft:block/ysbb_hopper/hopper_side1","y": 90},
"facing=east,enabled=false": {"model": "minecraft:block/ysbb_hopper/hopper_side1","y": 90},


"facing=north,enabled=true": {"model": "minecraft:block/ysbb_hopper/hopper_side1"},
"facing=north,enabled=false": {"model": "minecraft:block/ysbb_hopper/hopper_side1"},

"facing=south,enabled=true": {"model": "minecraft:block/ysbb_hopper/hopper_side1","y": 180},
"facing=south,enabled=false": {"model": "minecraft:block/ysbb_hopper/hopper_side1","y": 180},

"facing=west,enabled=true": {"model": "minecraft:block/ysbb_hopper/hopper_side1","y": 270},
"facing=west,enabled=false": {"model": "minecraft:block/ysbb_hopper/hopper_side1","y": 270}
  }
}