{
    "multipart": [
        {
            "when": {"OR": [
                    {"north": "none","east": "none","south": "none","west": "none","power": "1|2|3|4|5|6|7|8|9|10|11|12|13|14|15"},
                    {"north": "side|up","east": "side|up","power": "1|2|3|4|5|6|7|8|9|10|11|12|13|14|15"},
                    {"east": "side|up","south": "side|up","power": "1|2|3|4|5|6|7|8|9|10|11|12|13|14|15"},
                    {"south": "side|up","west": "side|up","power": "1|2|3|4|5|6|7|8|9|10|11|12|13|14|15"},
                    {"west": "side|up","north": "side|up","power": "1|2|3|4|5|6|7|8|9|10|11|12|13|14|15"}]},

            "apply": {"model": "block/ysbb_redstoneblock/redstone_dust_dot"}},



        {
            "when": {"OR": [
                {"north": "none","east": "none","south": "none","west": "none","power": "0"},
                {"north": "side|up","east": "side|up","power": "0"},
                {"east": "side|up","south": "side|up","power": "0"},
                {"south": "side|up","west": "side|up","power": "0"},
                {"west": "side|up","north": "side|up","power": "0"}]},

        "apply": {"model": "block/ysbb_redstoneblock/redstone_dust_dot00000"}},

















        {
            "when": {
                "OR": [
                    {"north": "side|up","power": "1|2|3|4|5|6|7|8|9|10|11|12|13|14|15"},
                    {"north": "none","east": "none","south": "side|up","west": "none","power": "1|2|3|4|5|6|7|8|9|10|11|12|13|14|15"}]},

            "apply": {"model": "block/ysbb_redstoneblock/redstone_dust_side0"}},

        {
                "when": {
                    "OR": [
                        {"north": "side|up","power": "0"},
                        {"north": "none","east": "none","south": "side|up","west": "none","power": "0"}]},
    
                "apply": {"model": "block/ysbb_redstoneblock/redstone_dust_side000000"}},














        {
            "when": {"OR": [
                    {"south": "side|up","power": "1|2|3|4|5|6|7|8|9|10|11|12|13|14|15"},
                    {"north": "side|up","east": "none","south": "none","west": "none","power": "1|2|3|4|5|6|7|8|9|10|11|12|13|14|15"}]},

            "apply": {"model": "block/ysbb_redstoneblock/redstone_dust_side_alt0"}},


        {
    "when": {"OR": [
            {"south": "side|up","power": "0"},
            {"north": "side|up","east": "none","south": "none","west": "none","power": "0"}]},

    "apply": {"model": "block/ysbb_redstoneblock/redstone_dust_side_alt000000"}},








        {
            "when": {"OR": [
                    {"east": "side|up","power": "1|2|3|4|5|6|7|8|9|10|11|12|13|14|15"},
                    {"north": "none","east": "none","south": "none","west": "side|up","power": "1|2|3|4|5|6|7|8|9|10|11|12|13|14|15"}]},

            "apply": {"model": "block/ysbb_redstoneblock/redstone_dust_side_alt1","y": 270}},

        {
    "when": {"OR": [
            {"east": "side|up","power": "0"},
            {"north": "none","east": "none","south": "none","west": "side|up","power": "0"}]},

    "apply": {"model": "block/ysbb_redstoneblock/redstone_dust_side_alt100000","y": 270}},







        {"when": {"OR": [
                    {"west": "side|up","power": "1|2|3|4|5|6|7|8|9|10|11|12|13|14|15"},
                    {"north": "none","east": "side|up","south": "none","west": "none","power": "1|2|3|4|5|6|7|8|9|10|11|12|13|14|15"}]},

            "apply": {"model": "block/ysbb_redstoneblock/redstone_dust_side1","y": 270}},

        {"when": {"OR": [
    {"west": "side|up","power": "0"},
    {"north": "none","east": "side|up","south": "none","west": "none","power": "0"}]},

"apply": {"model": "block/ysbb_redstoneblock/redstone_dust_side100000","y": 270}},












    {"apply": {"model": "minecraft:block/ysbb_redstoneblock/redstone_dust_up"},"when": {"north": "up","power": "1|2|3|4|5|6|7|8|9|10|11|12|13|14|15"}},
    {"apply": {"model": "minecraft:block/ysbb_redstoneblock/redstone_dust_up","y": 90},"when": {"east": "up","power": "1|2|3|4|5|6|7|8|9|10|11|12|13|14|15"}},
    {"apply": {"model": "minecraft:block/ysbb_redstoneblock/redstone_dust_up","y": 180},"when": {"south": "up","power": "1|2|3|4|5|6|7|8|9|10|11|12|13|14|15"}},
    {"apply": {"model": "minecraft:block/ysbb_redstoneblock/redstone_dust_up","y": 270},"when": {"west": "up","power": "1|2|3|4|5|6|7|8|9|10|11|12|13|14|15"}},



    {"apply": {"model": "minecraft:block/ysbb_redstoneblock/redstone_dust_up00000"},"when": {"north": "up","power": "0"}},
    {"apply": {"model": "minecraft:block/ysbb_redstoneblock/redstone_dust_up00000","y": 90},"when": {"east": "up","power": "0"}},
    {"apply": {"model": "minecraft:block/ysbb_redstoneblock/redstone_dust_up00000","y": 180},"when": {"south": "up","power": "0"}},
    {"apply": {"model": "minecraft:block/ysbb_redstoneblock/redstone_dust_up00000","y": 270},"when": {"west": "up","power": "0"}},




        {"when": {"power": 0},"apply": {"model": "block/ysbb_redstoneblock/r00"}},

        {"when": {"power": 1},"apply": {"model": "block/ysbb_redstoneblock/r01"}},

        {"when": {"power": 2},"apply": {"model": "block/ysbb_redstoneblock/r02"}},

        {"when": {"power": 3},"apply": {"model": "block/ysbb_redstoneblock/r03"}},

        {"when": {"power": 4},"apply": {"model": "block/ysbb_redstoneblock/r04"}},

        {"when": {"power": 5},"apply": {"model": "block/ysbb_redstoneblock/r05"}},

        {"when": {"power": 6},"apply": {"model": "block/ysbb_redstoneblock/r06"}},

        {"when": {"power": 7},"apply": {"model": "block/ysbb_redstoneblock/r07"}},

        {"when": {"power": 8},"apply": {"model": "block/ysbb_redstoneblock/r08"}},

        {"when": {"power": 9},"apply": {"model": "block/ysbb_redstoneblock/r09"}},

        {"when": {"power": 10},"apply": {"model": "block/ysbb_redstoneblock/r10"}},
        
        {"when": {"power": 11},"apply": {"model": "block/ysbb_redstoneblock/r11"}},

        {"when": {"power": 12},"apply": {"model": "block/ysbb_redstoneblock/r12"}},

        {"when": {"power": 13},"apply": {"model": "block/ysbb_redstoneblock/r13"}},

        {"when": {"power": 14},"apply": {"model": "block/ysbb_redstoneblock/r14"}},

        {"when": {"power": 15},"apply": {"model": "block/ysbb_redstoneblock/r15"}}
    ]
}