{
    "variants": {
        "bottom=true,distance=0": { "model": "block/ysbb_scaffolding/scaffolding1" },
        "bottom=true,distance=1": { "model": "block/ysbb_scaffolding/scaffolding2" },
        "bottom=true,distance=2": { "model": "block/ysbb_scaffolding/scaffolding2" },
        "bottom=true,distance=3": { "model": "block/ysbb_scaffolding/scaffolding2" },
        "bottom=true,distance=4": { "model": "block/ysbb_scaffolding/scaffolding2" },
        "bottom=true,distance=5": { "model": "block/ysbb_scaffolding/scaffolding2" },
        "bottom=true,distance=6": { "model": "block/ysbb_scaffolding/scaffolding3" },
        "bottom=true,distance=7": { "model": "block/ysbb_scaffolding/scaffolding3" },

        "bottom=false,distance=0": { "model": "block/ysbb_scaffolding/scaffolding0" },
        "bottom=false,distance=1": { "model": "block/ysbb_scaffolding/scaffolding4" },
        "bottom=false,distance=2": { "model": "block/ysbb_scaffolding/scaffolding4" },
        "bottom=false,distance=3": { "model": "block/ysbb_scaffolding/scaffolding4" },
        "bottom=false,distance=4": { "model": "block/ysbb_scaffolding/scaffolding4" },
        "bottom=false,distance=5": { "model": "block/ysbb_scaffolding/scaffolding4" },
        "bottom=false,distance=6": { "model": "block/ysbb_scaffolding/scaffolding5" },
        "bottom=false,distance=7": { "model": "block/ysbb_scaffolding/scaffolding5" }
    }
}
