{
  "variants": {
    "facing=east,lit=false": {
      "model": "minecraft:block/ysbb_furnace/smoker2",
      "y": 90
    },
    "facing=east,lit=true": {
      "model": "minecraft:block/ysbb_furnace/smoker1",
      "y": 90
    },
    "facing=north,lit=false": {
      "model": "minecraft:block/ysbb_furnace/smoker2"
    },
    "facing=north,lit=true": {
      "model": "minecraft:block/ysbb_furnace/smoker1"
    },
    "facing=south,lit=false": {
      "model": "minecraft:block/ysbb_furnace/smoker2",
      "y": 180
    },
    "facing=south,lit=true": {
      "model": "minecraft:block/ysbb_furnace/smoker1",
      "y": 180
    },
    "facing=west,lit=false": {
      "model": "minecraft:block/ysbb_furnace/smoker2",
      "y": 270
    },
    "facing=west,lit=true": {
      "model": "minecraft:block/ysbb_furnace/smoker1",
      "y": 270
    }
  }
}