{
  "variants": {
    "power=0": { "model": "block/ysbb_target/target0" },
    "power=1": { "model": "block/ysbb_target/target1" },
    "power=2": { "model": "block/ysbb_target/target2" },
    "power=3": { "model": "block/ysbb_target/target3" },
    "power=4": { "model": "block/ysbb_target/target4" },
    "power=5": { "model": "block/ysbb_target/target5" },
    "power=6": { "model": "block/ysbb_target/target6" },
    "power=7": { "model": "block/ysbb_target/target7" },
    "power=8": { "model": "block/ysbb_target/target8" },
    "power=9": { "model": "block/ysbb_target/target9" },
    "power=10": { "model": "block/ysbb_target/target10" },
    "power=11": { "model": "block/ysbb_target/target11" },
    "power=12": { "model": "block/ysbb_target/target12" },
    "power=13": { "model": "block/ysbb_target/target13" },
    "power=14": { "model": "block/ysbb_target/target14" },
    "power=15": { "model": "block/ysbb_target/target15" }
  }
}