{
  "variants": {
    "attached=false,facing=east,powered=false": {"model": "minecraft:block/ysbb_x/tripwire_hook_e","y": 90},
    "attached=false,facing=east,powered=true": {"model": "minecraft:block/ysbb_x/tripwire_hook_on","y": 90},
    "attached=false,facing=north,powered=false": {"model": "minecraft:block/ysbb_x/tripwire_hook_n"},
    "attached=false,facing=north,powered=true": {"model": "minecraft:block/ysbb_x/tripwire_hook_on"},
    "attached=false,facing=south,powered=false": {"model": "minecraft:block/ysbb_x/tripwire_hook_s","y": 180},
    "attached=false,facing=south,powered=true": {"model": "minecraft:block/ysbb_x/tripwire_hook_on","y": 180},
    "attached=false,facing=west,powered=false": {"model": "minecraft:block/ysbb_x/tripwire_hook_w","y": 270},
    "attached=false,facing=west,powered=true": {"model": "minecraft:block/ysbb_x/tripwire_hook_on","y": 270},

    "attached=true,facing=east,powered=false": {"model": "minecraft:block/ysbb_x/tripwire_hook_attached","y": 90},
    "attached=true,facing=east,powered=true": {"model": "minecraft:block/ysbb_x/tripwire_hook_attached_on","y": 90},
    "attached=true,facing=north,powered=false": {"model": "minecraft:block/ysbb_x/tripwire_hook_attached"},
    "attached=true,facing=north,powered=true": {"model": "minecraft:block/ysbb_x/tripwire_hook_attached_on"},
    "attached=true,facing=south,powered=false": {"model": "minecraft:block/ysbb_x/tripwire_hook_attached","y": 180},
    "attached=true,facing=south,powered=true": {"model": "minecraft:block/ysbb_x/tripwire_hook_attached_on","y": 180},
    "attached=true,facing=west,powered=false": {"model": "minecraft:block/ysbb_x/tripwire_hook_attached","y": 270},
    "attached=true,facing=west,powered=true": {"model": "minecraft:block/ysbb_x/tripwire_hook_attached_on","y": 270}
  }
}