{
	"credit": "Made with Blockbench",
	"ambientocclusion": false,
	"textures": {
		"0": "block/rail/activator_rail_on2",
		"1": "block/rail/powered_rail_on1",
		"2": "block/rail/activator_rail_on1",
		"particle": "block/rail/powered_rail_on1"
	},
	"elements": [
		{
			"from": [2, 1, 0],
			"to": [5, 2, 16],
			"faces": {
				"north": {"uv": [11, 0, 14, 1], "texture": "#1"},
				"east": {"uv": [4, 0, 5, 16], "rotation": 90, "texture": "#1"},
				"south": {"uv": [2, 0, 5, 1], "texture": "#1"},
				"west": {"uv": [2, 0, 3, 16], "rotation": 90, "texture": "#1"},
				"up": {"uv": [2, 0, 5, 16], "texture": "#1"},
				"down": {"uv": [2, 0, 5, 16], "texture": "#1"}
			}
		},
		{
			"from": [11, 1, 0],
			"to": [14, 2, 16],
			"faces": {
				"north": {"uv": [2, 0, 5, 1], "texture": "#1"},
				"east": {"uv": [13, 0, 14, 16], "rotation": 90, "texture": "#1"},
				"south": {"uv": [11, 0, 14, 1], "texture": "#1"},
				"west": {"uv": [11, 0, 12, 16], "rotation": 90, "texture": "#1"},
				"up": {"uv": [11, 0, 14, 16], "texture": "#1"},
				"down": {"uv": [11, 0, 14, 16], "texture": "#1"}
			}
		},
		{
			"from": [1, 0, 1],
			"to": [15, 1, 3],
			"faces": {
				"north": {"uv": [1, 0, 15, 1], "texture": "#0"},
				"east": {"uv": [14, 0, 15, 2], "rotation": 90, "texture": "#0"},
				"south": {"uv": [1, 1, 15, 2], "texture": "#0"},
				"west": {"uv": [1, 0, 2, 2], "rotation": 90, "texture": "#0"},
				"up": {"uv": [1, 0, 15, 2], "texture": "#0"},
				"down": {"uv": [1, 0, 15, 2], "texture": "#0", "cullface": "down"}
			}
		},
		{
			"from": [1, 0, 9],
			"to": [15, 1, 11],
			"faces": {
				"north": {"uv": [1, 0, 15, 1], "texture": "#0"},
				"east": {"uv": [14, 0, 15, 2], "rotation": 90, "texture": "#0"},
				"south": {"uv": [1, 1, 15, 2], "texture": "#0"},
				"west": {"uv": [1, 0, 2, 2], "rotation": 90, "texture": "#0"},
				"up": {"uv": [1, 8, 15, 10], "texture": "#0"},
				"down": {"uv": [1, 8, 15, 10], "texture": "#0", "cullface": "down"}
			}
		},
		{
			"from": [1, 0, 5],
			"to": [15, 1, 7],
			"faces": {
				"north": {"uv": [1, 0, 15, 1], "texture": "#0"},
				"east": {"uv": [14, 0, 15, 2], "rotation": 90, "texture": "#0"},
				"south": {"uv": [1, 1, 15, 2], "texture": "#0"},
				"west": {"uv": [1, 0, 2, 2], "rotation": 90, "texture": "#0"},
				"up": {"uv": [1, 4, 15, 6], "texture": "#0"},
				"down": {"uv": [1, 4, 15, 6], "texture": "#0", "cullface": "down"}
			}
		},
		{
			"from": [1, 0, 13],
			"to": [15, 1, 15],
			"faces": {
				"north": {"uv": [1, 0, 15, 1], "texture": "#0"},
				"east": {"uv": [14, 0, 15, 2], "rotation": 90, "texture": "#0"},
				"south": {"uv": [1, 1, 15, 2], "texture": "#0"},
				"west": {"uv": [1, 0, 2, 2], "rotation": 90, "texture": "#0"},
				"up": {"uv": [1, 12, 15, 14], "texture": "#0"},
				"down": {"uv": [1, 12, 15, 14], "texture": "#0", "cullface": "down"}
			}
		},
		{
			"from": [7, 0.25, 3],
			"to": [9, 0.75, 13],
			"faces": {
				"north": {"uv": [0, 0, 2, 1], "texture": "#2"},
				"east": {"uv": [7, 3, 9, 4], "texture": "#2"},
				"south": {"uv": [0, 0, 2, 1], "texture": "#2"},
				"west": {"uv": [7, 3, 9, 4], "texture": "#2"},
				"up": {"uv": [7, 11, 9, 13], "texture": "#2"},
				"down": {"uv": [7, 11, 9, 13], "texture": "#2"}
			}
		}
	]
}