{
	"credit": "Made with Blockbench",
	"ambientocclusion": false,
	"textures": {
		"0": "block/rail/rail1",
		"1": "block/rail/rail3",
		"particle": "block/rail/rail1"
	},
	"elements": [
		{
			"from": [12, 1, 14.05],
			"to": [14, 2.002, 15.05],
			"rotation": {"angle": 45, "axis": "y", "origin": [13, 1.25, 13]},
			"faces": {
				"south": {"uv": [12, 5, 13, 7], "rotation": 90, "texture": "#0"},
				"up": {"uv": [14, 6, 13, 9], "rotation": 270, "texture": "#0"},
				"down": {"uv": [12, 14, 14, 16], "rotation": 270, "texture": "#0"}
			}
		},
		{
			"from": [11.5, 1, 13.05],
			"to": [14.5, 2.0001, 14.05],
			"rotation": {"angle": 45, "axis": "y", "origin": [13, 1.25, 13]},
			"faces": {
				"north": {"uv": [12, 8, 13, 10], "rotation": 90, "texture": "#0"},
				"east": {"uv": [12, 10, 13, 12], "rotation": 90, "texture": "#0"},
				"west": {"uv": [12, 7, 13, 9], "rotation": 270, "texture": "#0"},
				"up": {"uv": [4, 6, 3, 9], "rotation": 270, "texture": "#0"},
				"down": {"uv": [12, 14, 14, 16], "rotation": 270, "texture": "#0"}
			}
		},
		{
			"from": [14.05, 0.9999, 12],
			"to": [16.05, 1.9999, 14],
			"rotation": {"angle": 0, "axis": "y", "origin": [8, 0, 9]},
			"faces": {
				"north": {"uv": [12, 8, 13, 10], "rotation": 90, "texture": "#0"},
				"east": {"uv": [12, 10, 13, 12], "rotation": 90, "texture": "#0"},
				"south": {"uv": [2, 14, 3, 16], "rotation": 90, "texture": "#0"},
				"up": {"uv": [14, 8, 12, 10], "rotation": 270, "texture": "#0"},
				"down": {"uv": [12, 14, 14, 16], "rotation": 270, "texture": "#0"}
			}
		},
		{
			"from": [12, 0.9999, 14],
			"to": [14, 1.9999, 16],
			"rotation": {"angle": 0, "axis": "y", "origin": [8, 0, 9]},
			"faces": {
				"east": {"uv": [2, 14, 3, 16], "rotation": 90, "texture": "#0"},
				"south": {"uv": [4, 14, 3, 16], "rotation": 90, "texture": "#0"},
				"west": {"uv": [12, 8, 13, 10], "texture": "#0"},
				"up": {"uv": [12, 16, 14, 14], "texture": "#0"},
				"down": {"uv": [14, 10, 12, 12], "rotation": 270, "texture": "#0"}
			}
		},
		{
			"from": [2, 1, 11],
			"to": [4, 2, 16],
			"rotation": {"angle": 0, "axis": "y", "origin": [8, 0, 9]},
			"faces": {
				"east": {"uv": [3, 12, 4, 16], "rotation": 90, "texture": "#0"},
				"south": {"uv": [2, 15, 4, 16], "texture": "#0"},
				"west": {"uv": [2, 11, 3, 16], "rotation": 270, "texture": "#0"},
				"up": {"uv": [2, 1, 4, 6], "texture": "#0"},
				"down": {"uv": [2, 2, 4, 9], "rotation": 180, "texture": "#0"}
			}
		},
		{
			"from": [4.84, 1, 4.27],
			"to": [6.84, 2, 9.32],
			"rotation": {"angle": -45, "axis": "y", "origin": [6.66637, 1.24, 6.75251]},
			"faces": {
				"east": {"uv": [3, 0, 4, 8], "rotation": 90, "texture": "#0"},
				"west": {"uv": [3, 0, 4, 8], "rotation": 90, "texture": "#0"},
				"up": {"uv": [2, 0, 4, 5], "texture": "#0"},
				"down": {"uv": [2, 0, 4, 5], "texture": "#0"}
			}
		},
		{
			"from": [3.88, 1, 7.1],
			"to": [4.88, 2.002, 11.15],
			"rotation": {"angle": -22.5, "axis": "y", "origin": [3.31986, 1.25, 6.37169]},
			"faces": {
				"west": {"uv": [3, 9, 4, 16], "rotation": 90, "texture": "#0"},
				"up": {"uv": [2, 0, 3, 7], "texture": "#0"},
				"down": {"uv": [2, 9, 3, 16], "texture": "#0"}
			}
		},
		{
			"from": [4.81986, 1, 7.12169],
			"to": [5.81986, 1.9998, 11.12169],
			"rotation": {"angle": -22.5, "axis": "y", "origin": [3.31986, 1.25, 6.37169]},
			"faces": {
				"east": {"uv": [3, 6, 4, 13], "rotation": 90, "texture": "#0"},
				"up": {"uv": [3, 0, 4, 3], "texture": "#0"},
				"down": {"uv": [3, 9, 4, 16], "texture": "#0"}
			}
		},
		{
			"from": [7.04, 1, 2.75],
			"to": [11.51, 2.002, 3.75],
			"rotation": {"angle": 22.5, "axis": "y", "origin": [9.5, 1.25, 3]},
			"faces": {
				"north": {"uv": [3, 9, 4, 16], "rotation": 90, "texture": "#0"},
				"up": {"uv": [2, 0, 3, 7], "rotation": 90, "texture": "#0"},
				"down": {"uv": [2, 9, 3, 16], "rotation": 270, "texture": "#0"}
			}
		},
		{
			"from": [7.04, 0.9999, 3.7],
			"to": [11.19, 1.9999, 4.7],
			"rotation": {"angle": 22.5, "axis": "y", "origin": [9.5, 1.25, 3]},
			"faces": {
				"south": {"uv": [3, 14, 4, 16], "rotation": 90, "texture": "#0"},
				"up": {"uv": [3, 0, 4, 8], "rotation": 90, "texture": "#0"},
				"down": {"uv": [3, 9, 4, 16], "rotation": 270, "texture": "#0"}
			}
		},
		{
			"from": [12, 0, 0],
			"to": [14, 1, 15],
			"rotation": {"angle": 22.5, "axis": "y", "origin": [14, 0.5, 8.5]},
			"faces": {
				"north": {"uv": [13, 14, 15, 15], "rotation": 180, "texture": "#1"},
				"east": {"uv": [1, 10, 12, 11], "rotation": 90, "texture": "#1"},
				"south": {"uv": [13, 14, 15, 15], "texture": "#1"},
				"west": {"uv": [1, 14, 12, 15], "texture": "#1"},
				"up": {"uv": [1, 1, 12, 3], "rotation": 90, "texture": "#1"},
				"down": {"uv": [1, 5, 12, 7], "rotation": 90, "texture": "#1", "cullface": "down"}
			}
		},
		{
			"from": [7.75, 0.01, 2],
			"to": [9.75, 1.01, 16],
			"rotation": {"angle": 45, "axis": "y", "origin": [9, 0.5, 8.5]},
			"faces": {
				"north": {"uv": [13, 6, 15, 7], "rotation": 180, "texture": "#1"},
				"east": {"uv": [1, 14, 12, 15], "rotation": 90, "texture": "#1"},
				"west": {"uv": [1, 14, 12, 15], "texture": "#1"},
				"up": {"uv": [2, 5, 11, 7], "rotation": 90, "texture": "#1"},
				"down": {"uv": [1, 9, 12, 11], "rotation": 90, "texture": "#1", "cullface": "down"}
			}
		},
		{
			"from": [0, 0.02, 12],
			"to": [15, 1.02, 14],
			"rotation": {"angle": -22.5, "axis": "y", "origin": [8.5, 0.52, 14]},
			"faces": {
				"north": {"uv": [1, 10, 15, 11], "rotation": 180, "texture": "#1"},
				"east": {"uv": [10, 14, 12, 15], "texture": "#1"},
				"south": {"uv": [1, 10, 15, 11], "texture": "#1"},
				"west": {"uv": [4, 14, 6, 15], "rotation": 180, "texture": "#1"},
				"up": {"uv": [1, 5, 15, 7], "texture": "#1"},
				"down": {"uv": [1, 1, 15, 3], "texture": "#1", "cullface": "down"}
			}
		},
		{
			"from": [11.25, 0.9998, 2],
			"to": [16, 1.9998, 4],
			"faces": {
				"north": {"uv": [2, 9, 3, 16], "rotation": 90, "texture": "#0"},
				"east": {"uv": [12, 12, 13, 14], "rotation": 90, "texture": "#0"},
				"south": {"uv": [3, 11.25, 4, 16], "rotation": 90, "texture": "#0"},
				"up": {"uv": [2, 0, 4, 7], "rotation": 90, "texture": "#0"},
				"down": {"uv": [2, 9, 4, 16], "rotation": 270, "texture": "#0"}
			}
		}
	]
}