{
	"credit": "by YSBB  2025",
	"parent": "minecraft:item/generated",
	"textures": {
		"layer0": "item/paper/1b"
	},
	"display": {
		"thirdperson_righthand": {
			"translation": [0, 3, 1],
			"scale": [0.55, 0.55, 0.55]
		},
		"thirdperson_lefthand": {
			"translation": [0, 3, 1],
			"scale": [0.55, 0.55, 0.55]
		},
		"firstperson_righthand": {
			"translation": [-9.12, 7.95, 1.13],
			"scale": [0.57, 0.57, 0.57]
		},
		"firstperson_lefthand": {
			"translation": [-9.12, 7.95, 1.13],
			"scale": [0.57, 0.57, 0.57]
		},
		"ground": {
			"translation": [0, 2, 0],
			"scale": [0.5, 0.5, 0.5]
		},
		"head": {
			"rotation": [0, 180, 0],
			"translation": [0, 13, 7]
		},
		"fixed": {
			"rotation": [0, 180, 0]
		}
	}
}