{
	"credit": "Made by YSBB with Blockbench",
	"ambientocclusion": false,
	"texture_size": [32, 32],
	"textures": {
		"1": "block/sugar_cane/sugar_cane",
		"2": "block/sugar_cane/sugar_cane1",
		"particle": "block/sugar_cane/sugar_cane"
	},
	"elements": [
		{
			"from": [13, 0, 9],
			"to": [15, 16, 11],
			"rotation": {"angle": 0, "axis": "y", "origin": [10, 8, 11.5]},
			"faces": {
				"north": {"uv": [13, 0, 15, 16], "texture": "#1", "tintindex": 0},
				"east": {"uv": [13, 0, 15, 16], "texture": "#1", "tintindex": 0},
				"south": {"uv": [13, 0, 15, 16], "texture": "#1", "tintindex": 0},
				"west": {"uv": [13, 0, 15, 16], "texture": "#1", "tintindex": 0},
				"up": {"uv": [1, 0, 3, 2], "texture": "#1", "cullface": "up", "tintindex": 0}
			}
		},
		{
			"from": [7.5, 0, 7.25],
			"to": [9.5, 16, 9.25],
			"rotation": {"angle": 0, "axis": "y", "origin": [10, 8, 11.5]},
			"faces": {
				"north": {"uv": [13, 0, 15, 16], "texture": "#1", "tintindex": 0},
				"east": {"uv": [13, 0, 15, 16], "texture": "#1", "tintindex": 0},
				"south": {"uv": [13, 0, 15, 16], "texture": "#1", "tintindex": 0},
				"west": {"uv": [13, 0, 15, 16], "texture": "#1", "tintindex": 0},
				"up": {"uv": [1, 0, 3, 2], "texture": "#1", "cullface": "up", "tintindex": 0}
			}
		},
		{
			"from": [2, 0, 5],
			"to": [4, 16, 7],
			"faces": {
				"north": {"uv": [1, 0, 3, 16], "texture": "#1", "tintindex": 0},
				"east": {"uv": [1, 0, 3, 16], "texture": "#1", "tintindex": 0},
				"south": {"uv": [1, 0, 3, 16], "texture": "#1", "tintindex": 0},
				"west": {"uv": [1, 0, 3, 16], "texture": "#1", "tintindex": 0},
				"up": {"uv": [1, 0, 3, 2], "texture": "#1", "cullface": "up", "tintindex": 0}
			}
		},
		{
			"from": [5, 0, 13],
			"to": [7, 16, 15],
			"rotation": {"angle": 0, "axis": "y", "origin": [10, 8, 11.5]},
			"faces": {
				"north": {"uv": [13, 0, 15, 16], "texture": "#1", "tintindex": 0},
				"east": {"uv": [13, 0, 15, 16], "texture": "#1", "tintindex": 0},
				"south": {"uv": [13, 0, 15, 16], "texture": "#1", "tintindex": 0},
				"west": {"uv": [13, 0, 15, 16], "texture": "#1", "tintindex": 0},
				"up": {"uv": [1, 0, 3, 2], "texture": "#1", "cullface": "up", "tintindex": 0}
			}
		},
		{
			"from": [9, 0, 1],
			"to": [11, 16, 3],
			"faces": {
				"north": {"uv": [1, 0, 3, 16], "texture": "#1", "tintindex": 0},
				"east": {"uv": [1, 0, 3, 16], "texture": "#1", "tintindex": 0},
				"south": {"uv": [1, 0, 3, 16], "texture": "#1", "tintindex": 0},
				"west": {"uv": [1, 0, 3, 16], "texture": "#1", "tintindex": 0},
				"up": {"uv": [1, 0, 3, 2], "texture": "#1", "cullface": "up", "tintindex": 0}
			}
		},
		{
			"from": [3, 0, 2],
			"to": [14, 16, 14],
			"faces": {
				"north": {"uv": [5, 0, 10.5, 8], "texture": "#2", "tintindex": 0},
				"east": {"uv": [0, 0, 6, 8], "texture": "#2", "tintindex": 0},
				"south": {"uv": [10.5, 0, 16, 8], "texture": "#2", "tintindex": 0},
				"west": {"uv": [0.5, 8, 6.5, 16], "texture": "#2", "tintindex": 0}
			}
		},
		{
			"from": [14, 0, 2],
			"to": [3, 16, 14],
			"faces": {
				"north": {"uv": [10.5, 0, 5, 8], "texture": "#2", "tintindex": 0},
				"east": {"uv": [6, 0, 0, 8], "texture": "#2", "tintindex": 0},
				"south": {"uv": [16, 0, 10.5, 8], "texture": "#2", "tintindex": 0},
				"west": {"uv": [6.5, 8, 0.5, 16], "texture": "#2", "tintindex": 0}
			}
		},
		{
			"from": [15, 0, 10],
			"to": [16, 16, 10],
			"rotation": {"angle": 0, "axis": "y", "origin": [10, 8, 11.5]},
			"faces": {
				"north": {"uv": [12, 0, 13, 16], "texture": "#1", "tintindex": 0},
				"south": {"uv": [12, 0, 13, 16], "texture": "#1", "tintindex": 0}
			}
		},
		{
			"from": [1, 0, 6],
			"to": [2, 16, 6],
			"faces": {
				"north": {"uv": [4, 0, 5, 16], "texture": "#1", "tintindex": 0},
				"south": {"uv": [4, 0, 5, 16], "texture": "#1", "tintindex": 0}
			}
		},
		{
			"from": [10, 0, 0],
			"to": [10, 16, 1],
			"faces": {
				"east": {"uv": [10, 0, 11, 16], "texture": "#1", "tintindex": 0},
				"west": {"uv": [10, 0, 11, 16], "texture": "#1", "tintindex": 0}
			}
		},
		{
			"from": [6, 0, 15],
			"to": [6, 16, 16],
			"rotation": {"angle": 0, "axis": "y", "origin": [10, 8, 11.5]},
			"faces": {
				"east": {"uv": [15, 0, 16, 16], "texture": "#1", "tintindex": 0},
				"west": {"uv": [15, 0, 16, 16], "texture": "#1", "tintindex": 0}
			}
		}
	],
	"groups": [
		{
			"name": "group",
			"origin": [8, 8, 8],
			"color": 0,
			"children": [0, 1, 2, 3, 4]
		},
		{
			"name": "group",
			"origin": [0, 0, 0],
			"color": 0,
			"children": [5, 6]
		},
		{
			"name": "group",
			"origin": [10, 8, 11.5],
			"color": 0,
			"children": [7, 8, 9, 10]
		}
	]
}